method,model_name,split,seed,threshold_source,label,f1,auprc,gold,pred,gold_rate,pred_rate,source_file
asl,microsoft/deberta-v3-base,test,11,provided,Self-direction: thought,0.10029498525073746,0.06557720668996476,171.0,168.0,0.011737250326034732,0.011531333653648158,results/logs/deberta_asl_seed11_deberta-v3-base_test_metrics.json
asl,microsoft/deberta-v3-base,test,11,provided,Self-direction: action,0.19290465631929046,0.14417574653272963,512.0,390.0,0.03514311208730867,0.02676916741025465,results/logs/deberta_asl_seed11_deberta-v3-base_test_metrics.json
asl,microsoft/deberta-v3-base,test,11,provided,Stimulation,0.27114093959731544,0.19672360356201896,371.0,374.0,0.02546502848513968,0.025670945157526253,results/logs/deberta_asl_seed11_deberta-v3-base_test_metrics.json
asl,microsoft/deberta-v3-base,test,11,provided,Hedonism,0.30000000000000004,0.22544433382512363,125.0,115.0,0.008579861349440594,0.007893472441485345,results/logs/deberta_asl_seed11_deberta-v3-base_test_metrics.json
asl,microsoft/deberta-v3-base,test,11,provided,Achievement,0.3687041564792176,0.3314992114024,911.0,1134.0,0.06253002951472304,0.07783650216212507,results/logs/deberta_asl_seed11_deberta-v3-base_test_metrics.json
asl,microsoft/deberta-v3-base,test,11,provided,Power: dominance,0.35021888680425267,0.2804920330697739,631.0,968.0,0.04331114009197611,0.06644244629006796,results/logs/deberta_asl_seed11_deberta-v3-base_test_metrics.json
asl,microsoft/deberta-v3-base,test,11,provided,Power: resources,0.3913253012048193,0.33321483043398437,805.0,1270.0,0.05525430709039742,0.08717139131031643,results/logs/deberta_asl_seed11_deberta-v3-base_test_metrics.json
asl,microsoft/deberta-v3-base,test,11,provided,Face,0.2829268292682927,0.20862537673357878,267.0,348.0,0.018326583842405108,0.02388633399684261,results/logs/deberta_asl_seed11_deberta-v3-base_test_metrics.json
asl,microsoft/deberta-v3-base,test,11,provided,Security: personal,0.35072463768115947,0.29002723357638666,352.0,338.0,0.02416088956002471,0.023199945088887362,results/logs/deberta_asl_seed11_deberta-v3-base_test_metrics.json
asl,microsoft/deberta-v3-base,test,11,provided,Security: societal,0.4277821625887924,0.38959702729976325,1151.0,1383.0,0.07900336330564899,0.09492758597021073,results/logs/deberta_asl_seed11_deberta-v3-base_test_metrics.json
asl,microsoft/deberta-v3-base,test,11,provided,Tradition,0.4277456647398844,0.4186241248841578,196.0,323.0,0.01345322259592285,0.022170361726954493,results/logs/deberta_asl_seed11_deberta-v3-base_test_metrics.json
asl,microsoft/deberta-v3-base,test,11,provided,Conformity: rules,0.4247635425623388,0.39575330135619674,911.0,1415.0,0.06253002951472304,0.09712403047566752,results/logs/deberta_asl_seed11_deberta-v3-base_test_metrics.json
asl,microsoft/deberta-v3-base,test,11,provided,Conformity: interpersonal,0.1258503401360544,0.0638208668461131,195.0,393.0,0.013384583705127325,0.026975084082641224,results/logs/deberta_asl_seed11_deberta-v3-base_test_metrics.json
asl,microsoft/deberta-v3-base,test,11,provided,Humility,0.047619047619047616,0.017609589590729856,30.0,96.0,0.0020591667238657424,0.0065893335163703754,results/logs/deberta_asl_seed11_deberta-v3-base_test_metrics.json
asl,microsoft/deberta-v3-base,test,11,provided,Benevolence: caring,0.2291891891891892,0.17300655305718385,324.0,601.0,0.022239000617750016,0.04125197336811037,results/logs/deberta_asl_seed11_deberta-v3-base_test_metrics.json
asl,microsoft/deberta-v3-base,test,11,provided,Benevolence: dependability,0.30484330484330485,0.22297756393980434,288.0,414.0,0.019768000549111125,0.028416500789347245,results/logs/deberta_asl_seed11_deberta-v3-base_test_metrics.json
asl,microsoft/deberta-v3-base,test,11,provided,Universalism: concern,0.42709053213545267,0.3939098435038599,735.0,712.0,0.05044958473471069,0.04887089024641362,results/logs/deberta_asl_seed11_deberta-v3-base_test_metrics.json
asl,microsoft/deberta-v3-base,test,11,provided,Universalism: nature,0.5700325732899022,0.5145780904918607,293.0,321.0,0.02011119500308875,0.022033083945363442,results/logs/deberta_asl_seed11_deberta-v3-base_test_metrics.json
asl,microsoft/deberta-v3-base,test,11,provided,Universalism: tolerance,0.20809248554913293,0.1417418340012374,171.0,175.0,0.011737250326034732,0.01201180588921683,results/logs/deberta_asl_seed11_deberta-v3-base_test_metrics.json
asl,microsoft/deberta-v3-base,test,1701,provided,Self-direction: thought,0.0656934306569343,0.04929530147127532,171.0,103.0,0.011737250326034732,0.0070698057519390485,results/logs/deberta_asl_seed1701_deberta-v3-base_test_metrics.json
asl,microsoft/deberta-v3-base,test,1701,provided,Self-direction: action,0.1752988047808765,0.11206539073653134,512.0,492.0,0.03514311208730867,0.033770334271398174,results/logs/deberta_asl_seed1701_deberta-v3-base_test_metrics.json
asl,microsoft/deberta-v3-base,test,1701,provided,Stimulation,0.23891625615763548,0.16336409245396177,371.0,441.0,0.02546502848513968,0.030269750840826413,results/logs/deberta_asl_seed1701_deberta-v3-base_test_metrics.json
asl,microsoft/deberta-v3-base,test,1701,provided,Hedonism,0.14130434782608695,0.07968893876651116,125.0,59.0,0.008579861349440594,0.0040496945569359595,results/logs/deberta_asl_seed1701_deberta-v3-base_test_metrics.json
asl,microsoft/deberta-v3-base,test,1701,provided,Achievement,0.3262486716259298,0.266675620125255,911.0,971.0,0.06253002951472304,0.06664836296245452,results/logs/deberta_asl_seed1701_deberta-v3-base_test_metrics.json
asl,microsoft/deberta-v3-base,test,1701,provided,Power: dominance,0.2965900079302141,0.21342122219162282,631.0,630.0,0.04331114009197611,0.04324250120118059,results/logs/deberta_asl_seed1701_deberta-v3-base_test_metrics.json
asl,microsoft/deberta-v3-base,test,1701,provided,Power: resources,0.3371054198927933,0.27033816839209407,805.0,874.0,0.05525430709039742,0.059990390555288625,results/logs/deberta_asl_seed1701_deberta-v3-base_test_metrics.json
asl,microsoft/deberta-v3-base,test,1701,provided,Face,0.19114219114219114,0.1221089418191428,267.0,162.0,0.018326583842405108,0.011119500308875008,results/logs/deberta_asl_seed1701_deberta-v3-base_test_metrics.json
asl,microsoft/deberta-v3-base,test,1701,provided,Security: personal,0.30322580645161284,0.20942350712668845,352.0,268.0,0.02416088956002471,0.01839522273320063,results/logs/deberta_asl_seed1701_deberta-v3-base_test_metrics.json
asl,microsoft/deberta-v3-base,test,1701,provided,Security: societal,0.4053751399776036,0.3698761443783642,1151.0,1528.0,0.07900336330564899,0.1048802251355618,results/logs/deberta_asl_seed1701_deberta-v3-base_test_metrics.json
asl,microsoft/deberta-v3-base,test,1701,provided,Tradition,0.4529262086513995,0.4073773143044376,196.0,197.0,0.01345322259592285,0.013521861486718375,results/logs/deberta_asl_seed1701_deberta-v3-base_test_metrics.json
asl,microsoft/deberta-v3-base,test,1701,provided,Conformity: rules,0.36489607390300227,0.30312401464311345,911.0,821.0,0.06253002951472304,0.05635252934312582,results/logs/deberta_asl_seed1701_deberta-v3-base_test_metrics.json
asl,microsoft/deberta-v3-base,test,1701,provided,Conformity: interpersonal,0.10222222222222223,0.05524877061394312,195.0,255.0,0.013384583705127325,0.01750291715285881,results/logs/deberta_asl_seed1701_deberta-v3-base_test_metrics.json
asl,microsoft/deberta-v3-base,test,1701,provided,Humility,0.058064516129032254,0.03891291307676054,30.0,280.0,0.0020591667238657424,0.019218889422746927,results/logs/deberta_asl_seed1701_deberta-v3-base_test_metrics.json
asl,microsoft/deberta-v3-base,test,1701,provided,Benevolence: caring,0.18209408194233684,0.12566304428457326,324.0,335.0,0.022239000617750016,0.02299402841650079,results/logs/deberta_asl_seed1701_deberta-v3-base_test_metrics.json
asl,microsoft/deberta-v3-base,test,1701,provided,Benevolence: dependability,0.2545454545454545,0.17332162137497206,288.0,317.0,0.019768000549111125,0.021758528382181345,results/logs/deberta_asl_seed1701_deberta-v3-base_test_metrics.json
asl,microsoft/deberta-v3-base,test,1701,provided,Universalism: concern,0.34872611464968156,0.3145928904083717,735.0,521.0,0.05044958473471069,0.03576086210446839,results/logs/deberta_asl_seed1701_deberta-v3-base_test_metrics.json
asl,microsoft/deberta-v3-base,test,1701,provided,Universalism: nature,0.5327754532775453,0.4886488034968351,293.0,424.0,0.02011119500308875,0.02910288969730249,results/logs/deberta_asl_seed1701_deberta-v3-base_test_metrics.json
asl,microsoft/deberta-v3-base,test,1701,provided,Universalism: tolerance,0.24651162790697675,0.14554602594222146,171.0,259.0,0.011737250326034732,0.01777747271604091,results/logs/deberta_asl_seed1701_deberta-v3-base_test_metrics.json
asl,microsoft/deberta-v3-base,test,1984,provided,Self-direction: thought,0.13114754098360656,0.06724840154742129,171.0,256.0,0.011737250326034732,0.017571556043654336,results/logs/deberta_asl_seed1984_deberta-v3-base_test_metrics.json
asl,microsoft/deberta-v3-base,test,1984,provided,Self-direction: action,0.1769316909294513,0.14587653720949706,512.0,381.0,0.03514311208730867,0.026151417393094928,results/logs/deberta_asl_seed1984_deberta-v3-base_test_metrics.json
asl,microsoft/deberta-v3-base,test,1984,provided,Stimulation,0.2594142259414226,0.21111789440715226,371.0,346.0,0.02546502848513968,0.02374905621525156,results/logs/deberta_asl_seed1984_deberta-v3-base_test_metrics.json
asl,microsoft/deberta-v3-base,test,1984,provided,Hedonism,0.265625,0.17273527165966218,125.0,131.0,0.008579861349440594,0.008991694694213742,results/logs/deberta_asl_seed1984_deberta-v3-base_test_metrics.json
asl,microsoft/deberta-v3-base,test,1984,provided,Achievement,0.371603856266433,0.3319886507634339,911.0,1371.0,0.06253002951472304,0.09410391928066443,results/logs/deberta_asl_seed1984_deberta-v3-base_test_metrics.json
asl,microsoft/deberta-v3-base,test,1984,provided,Power: dominance,0.336283185840708,0.26538557792429884,631.0,1290.0,0.04331114009197611,0.08854416912622692,results/logs/deberta_asl_seed1984_deberta-v3-base_test_metrics.json
asl,microsoft/deberta-v3-base,test,1984,provided,Power: resources,0.3825586178527355,0.32020158386305286,805.0,1626.0,0.05525430709039742,0.11160683643352323,results/logs/deberta_asl_seed1984_deberta-v3-base_test_metrics.json
asl,microsoft/deberta-v3-base,test,1984,provided,Face,0.24646464646464647,0.16002475539840894,267.0,228.0,0.018326583842405108,0.015649667101379643,results/logs/deberta_asl_seed1984_deberta-v3-base_test_metrics.json
asl,microsoft/deberta-v3-base,test,1984,provided,Security: personal,0.3351063829787234,0.24416179129562493,352.0,400.0,0.02416088956002471,0.0274555563182099,results/logs/deberta_asl_seed1984_deberta-v3-base_test_metrics.json
asl,microsoft/deberta-v3-base,test,1984,provided,Security: societal,0.41519318925998694,0.37644857862105835,1151.0,1903.0,0.07900336330564899,0.13061980918388358,results/logs/deberta_asl_seed1984_deberta-v3-base_test_metrics.json
asl,microsoft/deberta-v3-base,test,1984,provided,Tradition,0.47747747747747743,0.4436285631754234,196.0,248.0,0.01345322259592285,0.017022444917290137,results/logs/deberta_asl_seed1984_deberta-v3-base_test_metrics.json
asl,microsoft/deberta-v3-base,test,1984,provided,Conformity: rules,0.42667884878940154,0.4040856072921154,911.0,1278.0,0.06253002951472304,0.08772050243668063,results/logs/deberta_asl_seed1984_deberta-v3-base_test_metrics.json
asl,microsoft/deberta-v3-base,test,1984,provided,Conformity: interpersonal,0.1326781326781327,0.08713142184737611,195.0,212.0,0.013384583705127325,0.014551444848651245,results/logs/deberta_asl_seed1984_deberta-v3-base_test_metrics.json
asl,microsoft/deberta-v3-base,test,1984,provided,Humility,0.0375,0.017465833111092944,30.0,290.0,0.0020591667238657424,0.019905278330702176,results/logs/deberta_asl_seed1984_deberta-v3-base_test_metrics.json
asl,microsoft/deberta-v3-base,test,1984,provided,Benevolence: caring,0.26138032305433184,0.18143890332581214,324.0,357.0,0.022239000617750016,0.024504084014002333,results/logs/deberta_asl_seed1984_deberta-v3-base_test_metrics.json
asl,microsoft/deberta-v3-base,test,1984,provided,Benevolence: dependability,0.2751540041067762,0.21722513520181894,288.0,199.0,0.019768000549111125,0.013659139268309424,results/logs/deberta_asl_seed1984_deberta-v3-base_test_metrics.json
asl,microsoft/deberta-v3-base,test,1984,provided,Universalism: concern,0.41621621621621624,0.3588393011463965,735.0,1115.0,0.05044958473471069,0.07653236323701008,results/logs/deberta_asl_seed1984_deberta-v3-base_test_metrics.json
asl,microsoft/deberta-v3-base,test,1984,provided,Universalism: nature,0.5660377358490566,0.5265250190593734,293.0,396.0,0.02011119500308875,0.027181000755027798,results/logs/deberta_asl_seed1984_deberta-v3-base_test_metrics.json
asl,microsoft/deberta-v3-base,test,1984,provided,Universalism: tolerance,0.23323615160349856,0.14951370602733846,171.0,172.0,0.011737250326034732,0.011805889216830257,results/logs/deberta_asl_seed1984_deberta-v3-base_test_metrics.json
asl,microsoft/deberta-v3-base,test,42,provided,Self-direction: thought,0.050359712230215826,0.03635416051361551,171.0,107.0,0.011737250326034732,0.007344361315121148,results/logs/deberta_asl_seed42_deberta-v3-base_test_metrics.json
asl,microsoft/deberta-v3-base,test,42,provided,Self-direction: action,0.1465863453815261,0.10441369757587686,512.0,484.0,0.03514311208730867,0.03322122314503398,results/logs/deberta_asl_seed42_deberta-v3-base_test_metrics.json
asl,microsoft/deberta-v3-base,test,42,provided,Stimulation,0.2710526315789474,0.17991016761056539,371.0,389.0,0.02546502848513968,0.026700528519459126,results/logs/deberta_asl_seed42_deberta-v3-base_test_metrics.json
asl,microsoft/deberta-v3-base,test,42,provided,Hedonism,0.22857142857142856,0.19296646517855562,125.0,50.0,0.008579861349440594,0.0034319445397762373,results/logs/deberta_asl_seed42_deberta-v3-base_test_metrics.json
asl,microsoft/deberta-v3-base,test,42,provided,Achievement,0.3511525257479156,0.29854890373586396,911.0,1128.0,0.06253002951472304,0.07742466881735191,results/logs/deberta_asl_seed42_deberta-v3-base_test_metrics.json
asl,microsoft/deberta-v3-base,test,42,provided,Power: dominance,0.30586236193712824,0.21170489658305544,631.0,546.0,0.04331114009197611,0.03747683437435651,results/logs/deberta_asl_seed42_deberta-v3-base_test_metrics.json
asl,microsoft/deberta-v3-base,test,42,provided,Power: resources,0.32944754181449565,0.2439702825721493,805.0,1168.0,0.05525430709039742,0.0801702244491729,results/logs/deberta_asl_seed42_deberta-v3-base_test_metrics.json
asl,microsoft/deberta-v3-base,test,42,provided,Face,0.21033210332103322,0.12925601322435437,267.0,275.0,0.018326583842405108,0.018875694968769306,results/logs/deberta_asl_seed42_deberta-v3-base_test_metrics.json
asl,microsoft/deberta-v3-base,test,42,provided,Security: personal,0.32530120481927716,0.24191908645524157,352.0,312.0,0.02416088956002471,0.02141533392820372,results/logs/deberta_asl_seed42_deberta-v3-base_test_metrics.json
asl,microsoft/deberta-v3-base,test,42,provided,Security: societal,0.40785624738821563,0.3657385175369017,1151.0,1242.0,0.07900336330564899,0.08524950236804173,results/logs/deberta_asl_seed42_deberta-v3-base_test_metrics.json
asl,microsoft/deberta-v3-base,test,42,provided,Tradition,0.4257703081232493,0.36945246804319537,196.0,161.0,0.01345322259592285,0.011050861418079485,results/logs/deberta_asl_seed42_deberta-v3-base_test_metrics.json
asl,microsoft/deberta-v3-base,test,42,provided,Conformity: rules,0.394939493949395,0.33896556283597085,911.0,907.0,0.06253002951472304,0.06225547395154094,results/logs/deberta_asl_seed42_deberta-v3-base_test_metrics.json
asl,microsoft/deberta-v3-base,test,42,provided,Conformity: interpersonal,0.11962616822429908,0.05748748868141961,195.0,340.0,0.013384583705127325,0.023337222870478413,results/logs/deberta_asl_seed42_deberta-v3-base_test_metrics.json
asl,microsoft/deberta-v3-base,test,42,provided,Humility,0.06382978723404256,0.03384269335597729,30.0,64.0,0.0020591667238657424,0.004392889010913584,results/logs/deberta_asl_seed42_deberta-v3-base_test_metrics.json
asl,microsoft/deberta-v3-base,test,42,provided,Benevolence: caring,0.18672199170124482,0.1049844236202912,324.0,640.0,0.022239000617750016,0.04392889010913584,results/logs/deberta_asl_seed42_deberta-v3-base_test_metrics.json
asl,microsoft/deberta-v3-base,test,42,provided,Benevolence: dependability,0.26455026455026454,0.1522557681880814,288.0,279.0,0.019768000549111125,0.019150250531951404,results/logs/deberta_asl_seed42_deberta-v3-base_test_metrics.json
asl,microsoft/deberta-v3-base,test,42,provided,Universalism: concern,0.3912037037037037,0.3211496737059027,735.0,993.0,0.05044958473471069,0.06815841855995607,results/logs/deberta_asl_seed42_deberta-v3-base_test_metrics.json
asl,microsoft/deberta-v3-base,test,42,provided,Universalism: nature,0.5588652482269503,0.4531810130852065,293.0,412.0,0.02011119500308875,0.028279223007756194,results/logs/deberta_asl_seed42_deberta-v3-base_test_metrics.json
asl,microsoft/deberta-v3-base,test,42,provided,Universalism: tolerance,0.21153846153846154,0.12389591900347695,171.0,141.0,0.011737250326034732,0.009678083602168989,results/logs/deberta_asl_seed42_deberta-v3-base_test_metrics.json
asl,microsoft/deberta-v3-base,test,7,provided,Self-direction: thought,0.05856515373352855,0.03496603347459777,171.0,512.0,0.011737250326034732,0.03514311208730867,results/logs/deberta_asl_seed7_deberta-v3-base_test_metrics.json
asl,microsoft/deberta-v3-base,test,7,provided,Self-direction: action,0.18016378525932664,0.10856172537080623,512.0,587.0,0.03514311208730867,0.04029102889697302,results/logs/deberta_asl_seed7_deberta-v3-base_test_metrics.json
asl,microsoft/deberta-v3-base,test,7,provided,Stimulation,0.2723521320495185,0.18425987840214922,371.0,356.0,0.02546502848513968,0.02443544512320681,results/logs/deberta_asl_seed7_deberta-v3-base_test_metrics.json
asl,microsoft/deberta-v3-base,test,7,provided,Hedonism,0.27272727272727276,0.159179054570467,125.0,117.0,0.008579861349440594,0.008030750223076396,results/logs/deberta_asl_seed7_deberta-v3-base_test_metrics.json
asl,microsoft/deberta-v3-base,test,7,provided,Achievement,0.3322295805739514,0.2695241852703869,911.0,901.0,0.06253002951472304,0.061843640606767794,results/logs/deberta_asl_seed7_deberta-v3-base_test_metrics.json
asl,microsoft/deberta-v3-base,test,7,provided,Power: dominance,0.3126510878323932,0.2129344684401483,631.0,610.0,0.04331114009197611,0.04186972338527009,results/logs/deberta_asl_seed7_deberta-v3-base_test_metrics.json
asl,microsoft/deberta-v3-base,test,7,provided,Power: resources,0.34617360041088857,0.27669449691665643,805.0,1142.0,0.05525430709039742,0.07838561328848925,results/logs/deberta_asl_seed7_deberta-v3-base_test_metrics.json
asl,microsoft/deberta-v3-base,test,7,provided,Face,0.14285714285714285,0.08504487263353373,267.0,237.0,0.018326583842405108,0.016267417118539365,results/logs/deberta_asl_seed7_deberta-v3-base_test_metrics.json
asl,microsoft/deberta-v3-base,test,7,provided,Security: personal,0.28612716763005774,0.20138137479536986,352.0,340.0,0.02416088956002471,0.023337222870478413,results/logs/deberta_asl_seed7_deberta-v3-base_test_metrics.json
asl,microsoft/deberta-v3-base,test,7,provided,Security: societal,0.4078624078624079,0.35434226928644114,1151.0,1291.0,0.07900336330564899,0.08861280801702244,results/logs/deberta_asl_seed7_deberta-v3-base_test_metrics.json
asl,microsoft/deberta-v3-base,test,7,provided,Tradition,0.469437652811736,0.40909379306534105,196.0,213.0,0.01345322259592285,0.01462008373944677,results/logs/deberta_asl_seed7_deberta-v3-base_test_metrics.json
asl,microsoft/deberta-v3-base,test,7,provided,Conformity: rules,0.40250260688216893,0.34455520113621885,911.0,1007.0,0.06253002951472304,0.06911936303109342,results/logs/deberta_asl_seed7_deberta-v3-base_test_metrics.json
asl,microsoft/deberta-v3-base,test,7,provided,Conformity: interpersonal,0.08653846153846155,0.04502929082540277,195.0,221.0,0.013384583705127325,0.015169194865810968,results/logs/deberta_asl_seed7_deberta-v3-base_test_metrics.json
asl,microsoft/deberta-v3-base,test,7,provided,Humility,0.048,0.029428828948082474,30.0,95.0,0.0020591667238657424,0.006520694625574851,results/logs/deberta_asl_seed7_deberta-v3-base_test_metrics.json
asl,microsoft/deberta-v3-base,test,7,provided,Benevolence: caring,0.18348623853211007,0.09677088189611469,324.0,657.0,0.022239000617750016,0.04509575125265976,results/logs/deberta_asl_seed7_deberta-v3-base_test_metrics.json
asl,microsoft/deberta-v3-base,test,7,provided,Benevolence: dependability,0.23357664233576642,0.16114858435878746,288.0,260.0,0.019768000549111125,0.017846111606836433,results/logs/deberta_asl_seed7_deberta-v3-base_test_metrics.json
asl,microsoft/deberta-v3-base,test,7,provided,Universalism: concern,0.35352815395580894,0.30278132127289054,735.0,668.0,0.05044958473471069,0.04585077905141053,results/logs/deberta_asl_seed7_deberta-v3-base_test_metrics.json
asl,microsoft/deberta-v3-base,test,7,provided,Universalism: nature,0.5289017341040462,0.4783070410079562,293.0,399.0,0.02011119500308875,0.02738691742741437,results/logs/deberta_asl_seed7_deberta-v3-base_test_metrics.json
asl,microsoft/deberta-v3-base,test,7,provided,Universalism: tolerance,0.17629179331306988,0.12510599439728257,171.0,158.0,0.011737250326034732,0.010844944745692909,results/logs/deberta_asl_seed7_deberta-v3-base_test_metrics.json
bce,microsoft/deberta-v3-base,test,11,provided,Self-direction: thought,0.1001517450682853,0.04986236748853719,171.0,488.0,0.011737250326034732,0.03349577870821607,results/logs/deberta_bce_seed11_deberta-v3-base_test_metrics.json
bce,microsoft/deberta-v3-base,test,11,provided,Self-direction: action,0.20183486238532108,0.12832662954784996,512.0,796.0,0.03514311208730867,0.054636557073237696,results/logs/deberta_bce_seed11_deberta-v3-base_test_metrics.json
bce,microsoft/deberta-v3-base,test,11,provided,Stimulation,0.23401360544217686,0.1815506862038601,371.0,364.0,0.02546502848513968,0.024984556249571008,results/logs/deberta_bce_seed11_deberta-v3-base_test_metrics.json
bce,microsoft/deberta-v3-base,test,11,provided,Hedonism,0.314410480349345,0.21993371306599566,125.0,104.0,0.008579861349440594,0.007138444642734574,results/logs/deberta_bce_seed11_deberta-v3-base_test_metrics.json
bce,microsoft/deberta-v3-base,test,11,provided,Achievement,0.3642857142857143,0.32565212320359865,911.0,1049.0,0.06253002951472304,0.07200219644450545,results/logs/deberta_bce_seed11_deberta-v3-base_test_metrics.json
bce,microsoft/deberta-v3-base,test,11,provided,Power: dominance,0.37588197562540093,0.27194958903246297,631.0,928.0,0.04331114009197611,0.06369689065824696,results/logs/deberta_bce_seed11_deberta-v3-base_test_metrics.json
bce,microsoft/deberta-v3-base,test,11,provided,Power: resources,0.40112728980742135,0.34462826647472505,805.0,1324.0,0.05525430709039742,0.09087789141327476,results/logs/deberta_bce_seed11_deberta-v3-base_test_metrics.json
bce,microsoft/deberta-v3-base,test,11,provided,Face,0.23487544483985767,0.1656133324776444,267.0,295.0,0.018326583842405108,0.0202484727846798,results/logs/deberta_bce_seed11_deberta-v3-base_test_metrics.json
bce,microsoft/deberta-v3-base,test,11,provided,Security: personal,0.33281493001555207,0.2843909213104545,352.0,291.0,0.02416088956002471,0.0199739172214977,results/logs/deberta_bce_seed11_deberta-v3-base_test_metrics.json
bce,microsoft/deberta-v3-base,test,11,provided,Security: societal,0.4296636085626912,0.39251897377038936,1151.0,1465.0,0.07900336330564899,0.10055597501544375,results/logs/deberta_bce_seed11_deberta-v3-base_test_metrics.json
bce,microsoft/deberta-v3-base,test,11,provided,Tradition,0.45125348189415043,0.40613307722185404,196.0,163.0,0.01345322259592285,0.011188139199670533,results/logs/deberta_bce_seed11_deberta-v3-base_test_metrics.json
bce,microsoft/deberta-v3-base,test,11,provided,Conformity: rules,0.43462739848282017,0.40971239336171833,911.0,1330.0,0.06253002951472304,0.0912897247580479,results/logs/deberta_bce_seed11_deberta-v3-base_test_metrics.json
bce,microsoft/deberta-v3-base,test,11,provided,Conformity: interpersonal,0.10560000000000001,0.06515929360003363,195.0,430.0,0.013384583705127325,0.02951472304207564,results/logs/deberta_bce_seed11_deberta-v3-base_test_metrics.json
bce,microsoft/deberta-v3-base,test,11,provided,Humility,0.02702702702702703,0.015813985269021568,30.0,44.0,0.0020591667238657424,0.0030201111950030886,results/logs/deberta_bce_seed11_deberta-v3-base_test_metrics.json
bce,microsoft/deberta-v3-base,test,11,provided,Benevolence: caring,0.238702201622248,0.17483398023693364,324.0,539.0,0.022239000617750016,0.03699636213878784,results/logs/deberta_bce_seed11_deberta-v3-base_test_metrics.json
bce,microsoft/deberta-v3-base,test,11,provided,Benevolence: dependability,0.27728613569321536,0.20786352097663224,288.0,390.0,0.019768000549111125,0.02676916741025465,results/logs/deberta_bce_seed11_deberta-v3-base_test_metrics.json
bce,microsoft/deberta-v3-base,test,11,provided,Universalism: concern,0.4281150159744409,0.3791964225019957,735.0,830.0,0.05044958473471069,0.056970279360285536,results/logs/deberta_bce_seed11_deberta-v3-base_test_metrics.json
bce,microsoft/deberta-v3-base,test,11,provided,Universalism: nature,0.5391766268260292,0.5106558111577928,293.0,460.0,0.02011119500308875,0.03157388976594138,results/logs/deberta_bce_seed11_deberta-v3-base_test_metrics.json
bce,microsoft/deberta-v3-base,test,11,provided,Universalism: tolerance,0.13215859030837004,0.14087970052006255,171.0,56.0,0.011737250326034732,0.0038437778845493856,results/logs/deberta_bce_seed11_deberta-v3-base_test_metrics.json
bce,microsoft/deberta-v3-base,test,1701,provided,Self-direction: thought,0.10548523206751054,0.051182899940759384,171.0,303.0,0.011737250326034732,0.020797583911044,results/logs/deberta_bce_seed1701_deberta-v3-base_test_metrics.json
bce,microsoft/deberta-v3-base,test,1701,provided,Self-direction: action,0.191272051996286,0.13262421002508448,512.0,565.0,0.03514311208730867,0.03878097329947148,results/logs/deberta_bce_seed1701_deberta-v3-base_test_metrics.json
bce,microsoft/deberta-v3-base,test,1701,provided,Stimulation,0.2285714285714286,0.1863841774983928,371.0,294.0,0.02546502848513968,0.020179833893884273,results/logs/deberta_bce_seed1701_deberta-v3-base_test_metrics.json
bce,microsoft/deberta-v3-base,test,1701,provided,Hedonism,0.25517241379310346,0.15510094611550054,125.0,165.0,0.008579861349440594,0.011325416981261582,results/logs/deberta_bce_seed1701_deberta-v3-base_test_metrics.json
bce,microsoft/deberta-v3-base,test,1701,provided,Achievement,0.36020744931636023,0.3119162386052333,911.0,1210.0,0.06253002951472304,0.08305305786258495,results/logs/deberta_bce_seed1701_deberta-v3-base_test_metrics.json
bce,microsoft/deberta-v3-base,test,1701,provided,Power: dominance,0.3492063492063492,0.26674704318793296,631.0,818.0,0.04331114009197611,0.05614661267073924,results/logs/deberta_bce_seed1701_deberta-v3-base_test_metrics.json
bce,microsoft/deberta-v3-base,test,1701,provided,Power: resources,0.3905511811023622,0.3371694879666338,805.0,1100.0,0.05525430709039742,0.07550277987507722,results/logs/deberta_bce_seed1701_deberta-v3-base_test_metrics.json
bce,microsoft/deberta-v3-base,test,1701,provided,Face,0.24099722991689748,0.14279240743113525,267.0,455.0,0.018326583842405108,0.03123069531196376,results/logs/deberta_bce_seed1701_deberta-v3-base_test_metrics.json
bce,microsoft/deberta-v3-base,test,1701,provided,Security: personal,0.3185595567867036,0.21815797664788023,352.0,370.0,0.02416088956002471,0.025396389594344156,results/logs/deberta_bce_seed1701_deberta-v3-base_test_metrics.json
bce,microsoft/deberta-v3-base,test,1701,provided,Security: societal,0.4236237695953336,0.3676732401994749,1151.0,1592.0,0.07900336330564899,0.10927311414647539,results/logs/deberta_bce_seed1701_deberta-v3-base_test_metrics.json
bce,microsoft/deberta-v3-base,test,1701,provided,Tradition,0.4356846473029045,0.3770002639286278,196.0,286.0,0.01345322259592285,0.01963072276752008,results/logs/deberta_bce_seed1701_deberta-v3-base_test_metrics.json
bce,microsoft/deberta-v3-base,test,1701,provided,Conformity: rules,0.4311212814645309,0.37864000414520355,911.0,1274.0,0.06253002951472304,0.08744594687349852,results/logs/deberta_bce_seed1701_deberta-v3-base_test_metrics.json
bce,microsoft/deberta-v3-base,test,1701,provided,Conformity: interpersonal,0.10570824524312895,0.06547941536664174,195.0,278.0,0.013384583705127325,0.01908161164115588,results/logs/deberta_bce_seed1701_deberta-v3-base_test_metrics.json
bce,microsoft/deberta-v3-base,test,1701,provided,Humility,0.043010752688172046,0.011413192816758259,30.0,249.0,0.0020591667238657424,0.01709108380808566,results/logs/deberta_bce_seed1701_deberta-v3-base_test_metrics.json
bce,microsoft/deberta-v3-base,test,1701,provided,Benevolence: caring,0.23596792668957617,0.15972215624019034,324.0,549.0,0.022239000617750016,0.03768275104674308,results/logs/deberta_bce_seed1701_deberta-v3-base_test_metrics.json
bce,microsoft/deberta-v3-base,test,1701,provided,Benevolence: dependability,0.28214285714285714,0.20775317722173559,288.0,272.0,0.019768000549111125,0.01866977829638273,results/logs/deberta_bce_seed1701_deberta-v3-base_test_metrics.json
bce,microsoft/deberta-v3-base,test,1701,provided,Universalism: concern,0.41397495056031636,0.37244012825832096,735.0,782.0,0.05044958473471069,0.05367561260210035,results/logs/deberta_bce_seed1701_deberta-v3-base_test_metrics.json
bce,microsoft/deberta-v3-base,test,1701,provided,Universalism: nature,0.5523255813953488,0.49783534722463835,293.0,395.0,0.02011119500308875,0.027112361864232274,results/logs/deberta_bce_seed1701_deberta-v3-base_test_metrics.json
bce,microsoft/deberta-v3-base,test,1701,provided,Universalism: tolerance,0.21798365122615804,0.15738712919962985,171.0,196.0,0.011737250326034732,0.01345322259592285,results/logs/deberta_bce_seed1701_deberta-v3-base_test_metrics.json
bce,microsoft/deberta-v3-base,test,1984,provided,Self-direction: thought,0.1118508655126498,0.0581609567911828,171.0,580.0,0.011737250326034732,0.03981055666140435,results/logs/deberta_bce_seed1984_deberta-v3-base_test_metrics.json
bce,microsoft/deberta-v3-base,test,1984,provided,Self-direction: action,0.16666666666666669,0.09935512106051934,512.0,916.0,0.03514311208730867,0.06287322396870067,results/logs/deberta_bce_seed1984_deberta-v3-base_test_metrics.json
bce,microsoft/deberta-v3-base,test,1984,provided,Stimulation,0.24096385542168672,0.18247981708600167,371.0,625.0,0.02546502848513968,0.042899306747202964,results/logs/deberta_bce_seed1984_deberta-v3-base_test_metrics.json
bce,microsoft/deberta-v3-base,test,1984,provided,Hedonism,0.25984251968503935,0.1813340328148515,125.0,129.0,0.008579861349440594,0.008854416912622691,results/logs/deberta_bce_seed1984_deberta-v3-base_test_metrics.json
bce,microsoft/deberta-v3-base,test,1984,provided,Achievement,0.3404426559356137,0.298342695472663,911.0,1574.0,0.06253002951472304,0.10803761411215594,results/logs/deberta_bce_seed1984_deberta-v3-base_test_metrics.json
bce,microsoft/deberta-v3-base,test,1984,provided,Power: dominance,0.3451032644903398,0.27280601342784994,631.0,870.0,0.04331114009197611,0.059715834992106524,results/logs/deberta_bce_seed1984_deberta-v3-base_test_metrics.json
bce,microsoft/deberta-v3-base,test,1984,provided,Power: resources,0.38592964824120596,0.3393832224826002,805.0,1185.0,0.05525430709039742,0.08133708559269683,results/logs/deberta_bce_seed1984_deberta-v3-base_test_metrics.json
bce,microsoft/deberta-v3-base,test,1984,provided,Face,0.1956521739130435,0.1208663935134514,267.0,193.0,0.018326583842405108,0.013247305923536276,results/logs/deberta_bce_seed1984_deberta-v3-base_test_metrics.json
bce,microsoft/deberta-v3-base,test,1984,provided,Security: personal,0.29606299212598425,0.24346140291907584,352.0,283.0,0.02416088956002471,0.0194248060951335,results/logs/deberta_bce_seed1984_deberta-v3-base_test_metrics.json
bce,microsoft/deberta-v3-base,test,1984,provided,Security: societal,0.4266950656727014,0.38579291659636183,1151.0,1666.0,0.07900336330564899,0.11435239206534423,results/logs/deberta_bce_seed1984_deberta-v3-base_test_metrics.json
bce,microsoft/deberta-v3-base,test,1984,provided,Tradition,0.4498777506112469,0.37228022693582186,196.0,213.0,0.01345322259592285,0.01462008373944677,results/logs/deberta_bce_seed1984_deberta-v3-base_test_metrics.json
bce,microsoft/deberta-v3-base,test,1984,provided,Conformity: rules,0.42724745134383685,0.38824370311333994,911.0,1247.0,0.06253002951472304,0.08559269682201935,results/logs/deberta_bce_seed1984_deberta-v3-base_test_metrics.json
bce,microsoft/deberta-v3-base,test,1984,provided,Conformity: interpersonal,0.09935205183585313,0.05435884617963175,195.0,268.0,0.013384583705127325,0.01839522273320063,results/logs/deberta_bce_seed1984_deberta-v3-base_test_metrics.json
bce,microsoft/deberta-v3-base,test,1984,provided,Humility,0.04166666666666667,0.017966324391757754,30.0,18.0,0.0020591667238657424,0.0012355000343194453,results/logs/deberta_bce_seed1984_deberta-v3-base_test_metrics.json
bce,microsoft/deberta-v3-base,test,1984,provided,Benevolence: caring,0.233502538071066,0.15421954460867734,324.0,464.0,0.022239000617750016,0.03184844532912348,results/logs/deberta_bce_seed1984_deberta-v3-base_test_metrics.json
bce,microsoft/deberta-v3-base,test,1984,provided,Benevolence: dependability,0.269179004037685,0.20392752591528046,288.0,455.0,0.019768000549111125,0.03123069531196376,results/logs/deberta_bce_seed1984_deberta-v3-base_test_metrics.json
bce,microsoft/deberta-v3-base,test,1984,provided,Universalism: concern,0.4182590233545648,0.3643241990368312,735.0,1149.0,0.05044958473471069,0.07886608552405792,results/logs/deberta_bce_seed1984_deberta-v3-base_test_metrics.json
bce,microsoft/deberta-v3-base,test,1984,provided,Universalism: nature,0.556732223903177,0.5025950739110154,293.0,368.0,0.02011119500308875,0.025259111812753105,results/logs/deberta_bce_seed1984_deberta-v3-base_test_metrics.json
bce,microsoft/deberta-v3-base,test,1984,provided,Universalism: tolerance,0.19076923076923075,0.12972710460572115,171.0,154.0,0.011737250326034732,0.01057038918251081,results/logs/deberta_bce_seed1984_deberta-v3-base_test_metrics.json
bce,microsoft/deberta-v3-base,test,42,provided,Self-direction: thought,0.10526315789473684,0.06238982337065503,171.0,494.0,0.011737250326034732,0.03390761205298922,results/logs/deberta_bce_seed42_deberta-v3-base_test_metrics.json
bce,microsoft/deberta-v3-base,test,42,provided,Self-direction: action,0.1950439648281375,0.12619309472692394,512.0,739.0,0.03514311208730867,0.05072414029789279,results/logs/deberta_bce_seed42_deberta-v3-base_test_metrics.json
bce,microsoft/deberta-v3-base,test,42,provided,Stimulation,0.2486486486486487,0.18062594974658602,371.0,554.0,0.02546502848513968,0.038025945500720706,results/logs/deberta_bce_seed42_deberta-v3-base_test_metrics.json
bce,microsoft/deberta-v3-base,test,42,provided,Hedonism,0.25095057034220536,0.1903642328356067,125.0,138.0,0.008579861349440594,0.009472166929782415,results/logs/deberta_bce_seed42_deberta-v3-base_test_metrics.json
bce,microsoft/deberta-v3-base,test,42,provided,Achievement,0.3542659159809441,0.29804292744614014,911.0,1398.0,0.06253002951472304,0.0959571693321436,results/logs/deberta_bce_seed42_deberta-v3-base_test_metrics.json
bce,microsoft/deberta-v3-base,test,42,provided,Power: dominance,0.3227548953409859,0.24770599011812294,631.0,850.0,0.04331114009197611,0.058343057176196034,results/logs/deberta_bce_seed42_deberta-v3-base_test_metrics.json
bce,microsoft/deberta-v3-base,test,42,provided,Power: resources,0.384297520661157,0.299197842271988,805.0,1131.0,0.05525430709039742,0.07763058548973849,results/logs/deberta_bce_seed42_deberta-v3-base_test_metrics.json
bce,microsoft/deberta-v3-base,test,42,provided,Face,0.23245614035087722,0.13676759938967742,267.0,189.0,0.018326583842405108,0.012972750360354177,results/logs/deberta_bce_seed42_deberta-v3-base_test_metrics.json
bce,microsoft/deberta-v3-base,test,42,provided,Security: personal,0.3394255874673629,0.2710981597703815,352.0,414.0,0.02416088956002471,0.028416500789347245,results/logs/deberta_bce_seed42_deberta-v3-base_test_metrics.json
bce,microsoft/deberta-v3-base,test,42,provided,Security: societal,0.4217298070050035,0.37821563979497674,1151.0,1647.0,0.07900336330564899,0.11304825314022926,results/logs/deberta_bce_seed42_deberta-v3-base_test_metrics.json
bce,microsoft/deberta-v3-base,test,42,provided,Tradition,0.42105263157894735,0.3543079108927108,196.0,241.0,0.01345322259592285,0.016541972681721463,results/logs/deberta_bce_seed42_deberta-v3-base_test_metrics.json
bce,microsoft/deberta-v3-base,test,42,provided,Conformity: rules,0.4107142857142857,0.3721248026524907,911.0,1105.0,0.06253002951472304,0.07584597432905485,results/logs/deberta_bce_seed42_deberta-v3-base_test_metrics.json
bce,microsoft/deberta-v3-base,test,42,provided,Conformity: interpersonal,0.12873563218390804,0.06541152241384073,195.0,240.0,0.013384583705127325,0.01647333379092594,results/logs/deberta_bce_seed42_deberta-v3-base_test_metrics.json
bce,microsoft/deberta-v3-base,test,42,provided,Humility,0.03738317757009346,0.019203306276378042,30.0,398.0,0.0020591667238657424,0.027318278536618848,results/logs/deberta_bce_seed42_deberta-v3-base_test_metrics.json
bce,microsoft/deberta-v3-base,test,42,provided,Benevolence: caring,0.24303797468354432,0.14896147933126186,324.0,466.0,0.022239000617750016,0.03198572311071453,results/logs/deberta_bce_seed42_deberta-v3-base_test_metrics.json
bce,microsoft/deberta-v3-base,test,42,provided,Benevolence: dependability,0.3092436974789916,0.21457443524566186,288.0,307.0,0.019768000549111125,0.021072139474226096,results/logs/deberta_bce_seed42_deberta-v3-base_test_metrics.json
bce,microsoft/deberta-v3-base,test,42,provided,Universalism: concern,0.4096676737160121,0.3504210167600753,735.0,920.0,0.05044958473471069,0.06314777953188276,results/logs/deberta_bce_seed42_deberta-v3-base_test_metrics.json
bce,microsoft/deberta-v3-base,test,42,provided,Universalism: nature,0.5592011412268187,0.5011719190691202,293.0,408.0,0.02011119500308875,0.028004667444574097,results/logs/deberta_bce_seed42_deberta-v3-base_test_metrics.json
bce,microsoft/deberta-v3-base,test,42,provided,Universalism: tolerance,0.2559241706161137,0.17778562873282835,171.0,251.0,0.011737250326034732,0.01722836158967671,results/logs/deberta_bce_seed42_deberta-v3-base_test_metrics.json
bce,microsoft/deberta-v3-base,test,7,provided,Self-direction: thought,0.07999999999999999,0.0470253353995559,171.0,204.0,0.011737250326034732,0.014002333722287048,results/logs/deberta_bce_seed7_deberta-v3-base_test_metrics.json
bce,microsoft/deberta-v3-base,test,7,provided,Self-direction: action,0.182370820668693,0.1323138340741495,512.0,475.0,0.03514311208730867,0.032603473127874254,results/logs/deberta_bce_seed7_deberta-v3-base_test_metrics.json
bce,microsoft/deberta-v3-base,test,7,provided,Stimulation,0.2358974358974359,0.18765068720761105,371.0,409.0,0.02546502848513968,0.02807330633536962,results/logs/deberta_bce_seed7_deberta-v3-base_test_metrics.json
bce,microsoft/deberta-v3-base,test,7,provided,Hedonism,0.26905829596412556,0.1961042276217963,125.0,98.0,0.008579861349440594,0.006726611297961425,results/logs/deberta_bce_seed7_deberta-v3-base_test_metrics.json
bce,microsoft/deberta-v3-base,test,7,provided,Achievement,0.352993744414656,0.31336144171038,911.0,1327.0,0.06253002951472304,0.09108380808566134,results/logs/deberta_bce_seed7_deberta-v3-base_test_metrics.json
bce,microsoft/deberta-v3-base,test,7,provided,Power: dominance,0.3578528827037773,0.2773743374161929,631.0,878.0,0.04331114009197611,0.060264946118470726,results/logs/deberta_bce_seed7_deberta-v3-base_test_metrics.json
bce,microsoft/deberta-v3-base,test,7,provided,Power: resources,0.375877736472532,0.32780612056502945,805.0,1616.0,0.05525430709039742,0.11092044752556798,results/logs/deberta_bce_seed7_deberta-v3-base_test_metrics.json
bce,microsoft/deberta-v3-base,test,7,provided,Face,0.23916811091854423,0.15438435018769064,267.0,310.0,0.018326583842405108,0.02127805614661267,results/logs/deberta_bce_seed7_deberta-v3-base_test_metrics.json
bce,microsoft/deberta-v3-base,test,7,provided,Security: personal,0.35266821345707655,0.26508656951043646,352.0,510.0,0.02416088956002471,0.03500583430571762,results/logs/deberta_bce_seed7_deberta-v3-base_test_metrics.json
bce,microsoft/deberta-v3-base,test,7,provided,Security: societal,0.41639974375400385,0.380597638115099,1151.0,1971.0,0.07900336330564899,0.13528725375797926,results/logs/deberta_bce_seed7_deberta-v3-base_test_metrics.json
bce,microsoft/deberta-v3-base,test,7,provided,Tradition,0.4432432432432432,0.3940245672243096,196.0,174.0,0.01345322259592285,0.011943166998421306,results/logs/deberta_bce_seed7_deberta-v3-base_test_metrics.json
bce,microsoft/deberta-v3-base,test,7,provided,Conformity: rules,0.4268923366243535,0.3917664439203281,911.0,1216.0,0.06253002951472304,0.08346489120735809,results/logs/deberta_bce_seed7_deberta-v3-base_test_metrics.json
bce,microsoft/deberta-v3-base,test,7,provided,Conformity: interpersonal,0.10242587601078168,0.06739296717216475,195.0,176.0,0.013384583705127325,0.012080444780012354,results/logs/deberta_bce_seed7_deberta-v3-base_test_metrics.json
bce,microsoft/deberta-v3-base,test,7,provided,Humility,0.06451612903225806,0.024769662798959733,30.0,125.0,0.0020591667238657424,0.008579861349440594,results/logs/deberta_bce_seed7_deberta-v3-base_test_metrics.json
bce,microsoft/deberta-v3-base,test,7,provided,Benevolence: caring,0.22796709753231492,0.14153105659684817,324.0,527.0,0.022239000617750016,0.03617269544924154,results/logs/deberta_bce_seed7_deberta-v3-base_test_metrics.json
bce,microsoft/deberta-v3-base,test,7,provided,Benevolence: dependability,0.27843803056027167,0.22957116500214747,288.0,301.0,0.019768000549111125,0.020660306129452948,results/logs/deberta_bce_seed7_deberta-v3-base_test_metrics.json
bce,microsoft/deberta-v3-base,test,7,provided,Universalism: concern,0.40792540792540793,0.33705245347396134,735.0,981.0,0.05044958473471069,0.06733475187040977,results/logs/deberta_bce_seed7_deberta-v3-base_test_metrics.json
bce,microsoft/deberta-v3-base,test,7,provided,Universalism: nature,0.543247344461305,0.5022312175390679,293.0,366.0,0.02011119500308875,0.025121834031162055,results/logs/deberta_bce_seed7_deberta-v3-base_test_metrics.json
bce,microsoft/deberta-v3-base,test,7,provided,Universalism: tolerance,0.22285714285714286,0.15118204699980953,171.0,179.0,0.011737250326034732,0.01228636145239893,results/logs/deberta_bce_seed7_deberta-v3-base_test_metrics.json
empirical_structure,microsoft/deberta-v3-base,test,11,provided,Self-direction: thought,0.11158798283261803,0.06167812544058369,171.0,528.0,0.011737250326034732,0.03624133434003707,results/logs/deberta_empirical_structure_seed11_deberta-v3-base_test_metrics.json
empirical_structure,microsoft/deberta-v3-base,test,11,provided,Self-direction: action,0.19927536231884058,0.12992057247649985,512.0,592.0,0.03514311208730867,0.04063422335095065,results/logs/deberta_empirical_structure_seed11_deberta-v3-base_test_metrics.json
empirical_structure,microsoft/deberta-v3-base,test,11,provided,Stimulation,0.2551440329218107,0.1935996560670068,371.0,358.0,0.02546502848513968,0.02457272290479786,results/logs/deberta_empirical_structure_seed11_deberta-v3-base_test_metrics.json
empirical_structure,microsoft/deberta-v3-base,test,11,provided,Hedonism,0.2835249042145594,0.19202865910689731,125.0,136.0,0.008579861349440594,0.009334889148191364,results/logs/deberta_empirical_structure_seed11_deberta-v3-base_test_metrics.json
empirical_structure,microsoft/deberta-v3-base,test,11,provided,Achievement,0.35902741852043457,0.3206612270811997,911.0,1022.0,0.06253002951472304,0.07014894639302628,results/logs/deberta_empirical_structure_seed11_deberta-v3-base_test_metrics.json
empirical_structure,microsoft/deberta-v3-base,test,11,provided,Power: dominance,0.3565416985462892,0.28155907174363365,631.0,676.0,0.04331114009197611,0.046399890177774725,results/logs/deberta_empirical_structure_seed11_deberta-v3-base_test_metrics.json
empirical_structure,microsoft/deberta-v3-base,test,11,provided,Power: resources,0.3969327920613442,0.3400349928797163,805.0,1412.0,0.05525430709039742,0.09691811380328094,results/logs/deberta_empirical_structure_seed11_deberta-v3-base_test_metrics.json
empirical_structure,microsoft/deberta-v3-base,test,11,provided,Face,0.24913494809688577,0.16647076937715702,267.0,311.0,0.018326583842405108,0.021346695037408197,results/logs/deberta_empirical_structure_seed11_deberta-v3-base_test_metrics.json
empirical_structure,microsoft/deberta-v3-base,test,11,provided,Security: personal,0.3508322663252241,0.2751535081472927,352.0,429.0,0.02416088956002471,0.029446084151280114,results/logs/deberta_empirical_structure_seed11_deberta-v3-base_test_metrics.json
empirical_structure,microsoft/deberta-v3-base,test,11,provided,Security: societal,0.4322097378277154,0.38281136884586103,1151.0,1519.0,0.07900336330564899,0.10426247511840209,results/logs/deberta_empirical_structure_seed11_deberta-v3-base_test_metrics.json
empirical_structure,microsoft/deberta-v3-base,test,11,provided,Tradition,0.4580152671755725,0.4188700652876923,196.0,197.0,0.01345322259592285,0.013521861486718375,results/logs/deberta_empirical_structure_seed11_deberta-v3-base_test_metrics.json
empirical_structure,microsoft/deberta-v3-base,test,11,provided,Conformity: rules,0.42358803986710963,0.4061761399018306,911.0,1497.0,0.06253002951472304,0.10275241952090054,results/logs/deberta_empirical_structure_seed11_deberta-v3-base_test_metrics.json
empirical_structure,microsoft/deberta-v3-base,test,11,provided,Conformity: interpersonal,0.11074918566775244,0.05776678283168968,195.0,419.0,0.013384583705127325,0.02875969524332487,results/logs/deberta_empirical_structure_seed11_deberta-v3-base_test_metrics.json
empirical_structure,microsoft/deberta-v3-base,test,11,provided,Humility,0.04584527220630372,0.016748841886878398,30.0,319.0,0.0020591667238657424,0.021895806163772392,results/logs/deberta_empirical_structure_seed11_deberta-v3-base_test_metrics.json
empirical_structure,microsoft/deberta-v3-base,test,11,provided,Benevolence: caring,0.2288828337874659,0.15161996918939089,324.0,410.0,0.022239000617750016,0.028141945226165144,results/logs/deberta_empirical_structure_seed11_deberta-v3-base_test_metrics.json
empirical_structure,microsoft/deberta-v3-base,test,11,provided,Benevolence: dependability,0.2861150070126227,0.21289176211248345,288.0,425.0,0.019768000549111125,0.029171528588098017,results/logs/deberta_empirical_structure_seed11_deberta-v3-base_test_metrics.json
empirical_structure,microsoft/deberta-v3-base,test,11,provided,Universalism: concern,0.43609865470852016,0.38326509673310905,735.0,1049.0,0.05044958473471069,0.07200219644450545,results/logs/deberta_empirical_structure_seed11_deberta-v3-base_test_metrics.json
empirical_structure,microsoft/deberta-v3-base,test,11,provided,Universalism: nature,0.5642633228840126,0.5185836977497434,293.0,345.0,0.02011119500308875,0.023680417324456037,results/logs/deberta_empirical_structure_seed11_deberta-v3-base_test_metrics.json
empirical_structure,microsoft/deberta-v3-base,test,11,provided,Universalism: tolerance,0.21604938271604937,0.14066809931493035,171.0,153.0,0.011737250326034732,0.010501750291715286,results/logs/deberta_empirical_structure_seed11_deberta-v3-base_test_metrics.json
empirical_structure,microsoft/deberta-v3-base,test,1701,provided,Self-direction: thought,0.10526315789473685,0.05292882205206645,171.0,190.0,0.011737250326034732,0.013041389251149702,results/logs/deberta_empirical_structure_seed1701_deberta-v3-base_test_metrics.json
empirical_structure,microsoft/deberta-v3-base,test,1701,provided,Self-direction: action,0.19491525423728814,0.13320145665839606,512.0,668.0,0.03514311208730867,0.04585077905141053,results/logs/deberta_empirical_structure_seed1701_deberta-v3-base_test_metrics.json
empirical_structure,microsoft/deberta-v3-base,test,1701,provided,Stimulation,0.24829467939972716,0.1812386969039563,371.0,362.0,0.02546502848513968,0.024847278467979957,results/logs/deberta_empirical_structure_seed1701_deberta-v3-base_test_metrics.json
empirical_structure,microsoft/deberta-v3-base,test,1701,provided,Hedonism,0.23703703703703702,0.15861034181565883,125.0,145.0,0.008579861349440594,0.009952639165351088,results/logs/deberta_empirical_structure_seed1701_deberta-v3-base_test_metrics.json
empirical_structure,microsoft/deberta-v3-base,test,1701,provided,Achievement,0.35186184565569345,0.30563990896903404,911.0,942.0,0.06253002951472304,0.0646578351293843,results/logs/deberta_empirical_structure_seed1701_deberta-v3-base_test_metrics.json
empirical_structure,microsoft/deberta-v3-base,test,1701,provided,Power: dominance,0.33940182054616386,0.261335624885178,631.0,907.0,0.04331114009197611,0.06225547395154094,results/logs/deberta_empirical_structure_seed1701_deberta-v3-base_test_metrics.json
empirical_structure,microsoft/deberta-v3-base,test,1701,provided,Power: resources,0.3846587704455725,0.33875879587473795,805.0,968.0,0.05525430709039742,0.06644244629006796,results/logs/deberta_empirical_structure_seed1701_deberta-v3-base_test_metrics.json
empirical_structure,microsoft/deberta-v3-base,test,1701,provided,Face,0.2388059701492537,0.14245462078303484,267.0,336.0,0.018326583842405108,0.023062667307296315,results/logs/deberta_empirical_structure_seed1701_deberta-v3-base_test_metrics.json
empirical_structure,microsoft/deberta-v3-base,test,1701,provided,Security: personal,0.32349468713105084,0.22847886864313563,352.0,495.0,0.02416088956002471,0.03397625094378475,results/logs/deberta_empirical_structure_seed1701_deberta-v3-base_test_metrics.json
empirical_structure,microsoft/deberta-v3-base,test,1701,provided,Security: societal,0.4184782608695653,0.3658666773277012,1151.0,1425.0,0.07900336330564899,0.09781041938362275,results/logs/deberta_empirical_structure_seed1701_deberta-v3-base_test_metrics.json
empirical_structure,microsoft/deberta-v3-base,test,1701,provided,Tradition,0.4563106796116505,0.39095998236393015,196.0,216.0,0.01345322259592285,0.014826000411833344,results/logs/deberta_empirical_structure_seed1701_deberta-v3-base_test_metrics.json
empirical_structure,microsoft/deberta-v3-base,test,1701,provided,Conformity: rules,0.4382544103992572,0.38320950424508643,911.0,1243.0,0.06253002951472304,0.08531814125883726,results/logs/deberta_empirical_structure_seed1701_deberta-v3-base_test_metrics.json
empirical_structure,microsoft/deberta-v3-base,test,1701,provided,Conformity: interpersonal,0.10823529411764705,0.06966833797313476,195.0,230.0,0.013384583705127325,0.01578694488297069,results/logs/deberta_empirical_structure_seed1701_deberta-v3-base_test_metrics.json
empirical_structure,microsoft/deberta-v3-base,test,1701,provided,Humility,0.041666666666666664,0.032250232366251456,30.0,162.0,0.0020591667238657424,0.011119500308875008,results/logs/deberta_empirical_structure_seed1701_deberta-v3-base_test_metrics.json
empirical_structure,microsoft/deberta-v3-base,test,1701,provided,Benevolence: caring,0.23031496062992127,0.16118867402064269,324.0,692.0,0.022239000617750016,0.04749811243050312,results/logs/deberta_empirical_structure_seed1701_deberta-v3-base_test_metrics.json
empirical_structure,microsoft/deberta-v3-base,test,1701,provided,Benevolence: dependability,0.2718808193668529,0.20527421127412365,288.0,249.0,0.019768000549111125,0.01709108380808566,results/logs/deberta_empirical_structure_seed1701_deberta-v3-base_test_metrics.json
empirical_structure,microsoft/deberta-v3-base,test,1701,provided,Universalism: concern,0.4072229140722292,0.3688338312545912,735.0,871.0,0.05044958473471069,0.059784473882902055,results/logs/deberta_empirical_structure_seed1701_deberta-v3-base_test_metrics.json
empirical_structure,microsoft/deberta-v3-base,test,1701,provided,Universalism: nature,0.5656565656565656,0.49855600537999717,293.0,400.0,0.02011119500308875,0.0274555563182099,results/logs/deberta_empirical_structure_seed1701_deberta-v3-base_test_metrics.json
empirical_structure,microsoft/deberta-v3-base,test,1701,provided,Universalism: tolerance,0.2157303370786517,0.14945233330988242,171.0,274.0,0.011737250326034732,0.01880705607797378,results/logs/deberta_empirical_structure_seed1701_deberta-v3-base_test_metrics.json
empirical_structure,microsoft/deberta-v3-base,test,1984,provided,Self-direction: thought,0.12727272727272726,0.06853632631104016,171.0,379.0,0.011737250326034732,0.026014139611503877,results/logs/deberta_empirical_structure_seed1984_deberta-v3-base_test_metrics.json
empirical_structure,microsoft/deberta-v3-base,test,1984,provided,Self-direction: action,0.18034993270524902,0.10788646195327421,512.0,974.0,0.03514311208730867,0.0668542796348411,results/logs/deberta_empirical_structure_seed1984_deberta-v3-base_test_metrics.json
empirical_structure,microsoft/deberta-v3-base,test,1984,provided,Stimulation,0.25740318906605925,0.18503567198934434,371.0,507.0,0.02546502848513968,0.03479991763333105,results/logs/deberta_empirical_structure_seed1984_deberta-v3-base_test_metrics.json
empirical_structure,microsoft/deberta-v3-base,test,1984,provided,Hedonism,0.2857142857142857,0.16630790699031073,125.0,190.0,0.008579861349440594,0.013041389251149702,results/logs/deberta_empirical_structure_seed1984_deberta-v3-base_test_metrics.json
empirical_structure,microsoft/deberta-v3-base,test,1984,provided,Achievement,0.34299516908212563,0.2992251221331673,911.0,1159.0,0.06253002951472304,0.07955247443201317,results/logs/deberta_empirical_structure_seed1984_deberta-v3-base_test_metrics.json
empirical_structure,microsoft/deberta-v3-base,test,1984,provided,Power: dominance,0.3421383647798742,0.273601518115883,631.0,959.0,0.04331114009197611,0.06582469627290823,results/logs/deberta_empirical_structure_seed1984_deberta-v3-base_test_metrics.json
empirical_structure,microsoft/deberta-v3-base,test,1984,provided,Power: resources,0.3864,0.33335724340418676,805.0,1695.0,0.05525430709039742,0.11634291989841444,results/logs/deberta_empirical_structure_seed1984_deberta-v3-base_test_metrics.json
empirical_structure,microsoft/deberta-v3-base,test,1984,provided,Face,0.25,0.14239165164769227,267.0,373.0,0.018326583842405108,0.02560230626673073,results/logs/deberta_empirical_structure_seed1984_deberta-v3-base_test_metrics.json
empirical_structure,microsoft/deberta-v3-base,test,1984,provided,Security: personal,0.3208020050125313,0.23424584606997778,352.0,446.0,0.02416088956002471,0.030612945294804034,results/logs/deberta_empirical_structure_seed1984_deberta-v3-base_test_metrics.json
empirical_structure,microsoft/deberta-v3-base,test,1984,provided,Security: societal,0.42355237475601826,0.3833966811166618,1151.0,1923.0,0.07900336330564899,0.13199258699979408,results/logs/deberta_empirical_structure_seed1984_deberta-v3-base_test_metrics.json
empirical_structure,microsoft/deberta-v3-base,test,1984,provided,Tradition,0.44949494949494945,0.39511501483657196,196.0,200.0,0.01345322259592285,0.01372777815910495,results/logs/deberta_empirical_structure_seed1984_deberta-v3-base_test_metrics.json
empirical_structure,microsoft/deberta-v3-base,test,1984,provided,Conformity: rules,0.43161634103019536,0.3932916191389631,911.0,1341.0,0.06253002951472304,0.09204475255679868,results/logs/deberta_empirical_structure_seed1984_deberta-v3-base_test_metrics.json
empirical_structure,microsoft/deberta-v3-base,test,1984,provided,Conformity: interpersonal,0.11494252873563217,0.05966327040579335,195.0,414.0,0.013384583705127325,0.028416500789347245,results/logs/deberta_empirical_structure_seed1984_deberta-v3-base_test_metrics.json
empirical_structure,microsoft/deberta-v3-base,test,1984,provided,Humility,0.04405286343612335,0.021669404876938372,30.0,197.0,0.0020591667238657424,0.013521861486718375,results/logs/deberta_empirical_structure_seed1984_deberta-v3-base_test_metrics.json
empirical_structure,microsoft/deberta-v3-base,test,1984,provided,Benevolence: caring,0.22320441988950276,0.1689656204545464,324.0,581.0,0.022239000617750016,0.039879195552199875,results/logs/deberta_empirical_structure_seed1984_deberta-v3-base_test_metrics.json
empirical_structure,microsoft/deberta-v3-base,test,1984,provided,Benevolence: dependability,0.2545454545454546,0.21404567406563366,288.0,207.0,0.019768000549111125,0.014208250394673622,results/logs/deberta_empirical_structure_seed1984_deberta-v3-base_test_metrics.json
empirical_structure,microsoft/deberta-v3-base,test,1984,provided,Universalism: concern,0.4037383177570094,0.3583659660537635,735.0,870.0,0.05044958473471069,0.059715834992106524,results/logs/deberta_empirical_structure_seed1984_deberta-v3-base_test_metrics.json
empirical_structure,microsoft/deberta-v3-base,test,1984,provided,Universalism: nature,0.5687203791469194,0.510613559338636,293.0,340.0,0.02011119500308875,0.023337222870478413,results/logs/deberta_empirical_structure_seed1984_deberta-v3-base_test_metrics.json
empirical_structure,microsoft/deberta-v3-base,test,1984,provided,Universalism: tolerance,0.1818181818181818,0.12138187399890309,171.0,181.0,0.011737250326034732,0.012423639233989979,results/logs/deberta_empirical_structure_seed1984_deberta-v3-base_test_metrics.json
empirical_structure,microsoft/deberta-v3-base,test,42,provided,Self-direction: thought,0.12424849699398795,0.06124727183440193,171.0,328.0,0.011737250326034732,0.022513556180932117,results/logs/deberta_empirical_structure_seed42_deberta-v3-base_test_metrics.json
empirical_structure,microsoft/deberta-v3-base,test,42,provided,Self-direction: action,0.1945181255526083,0.12385883005335044,512.0,619.0,0.03514311208730867,0.042487473402429816,results/logs/deberta_empirical_structure_seed42_deberta-v3-base_test_metrics.json
empirical_structure,microsoft/deberta-v3-base,test,42,provided,Stimulation,0.25443786982248523,0.17693618868729946,371.0,305.0,0.02546502848513968,0.020934861692635046,results/logs/deberta_empirical_structure_seed42_deberta-v3-base_test_metrics.json
empirical_structure,microsoft/deberta-v3-base,test,42,provided,Hedonism,0.23943661971830987,0.1913849859577946,125.0,159.0,0.008579861349440594,0.010913583636488434,results/logs/deberta_empirical_structure_seed42_deberta-v3-base_test_metrics.json
empirical_structure,microsoft/deberta-v3-base,test,42,provided,Achievement,0.34772182254196643,0.29056571364281675,911.0,1591.0,0.06253002951472304,0.10920447525567986,results/logs/deberta_empirical_structure_seed42_deberta-v3-base_test_metrics.json
empirical_structure,microsoft/deberta-v3-base,test,42,provided,Power: dominance,0.31785714285714284,0.24325559849364942,631.0,1049.0,0.04331114009197611,0.07200219644450545,results/logs/deberta_empirical_structure_seed42_deberta-v3-base_test_metrics.json
empirical_structure,microsoft/deberta-v3-base,test,42,provided,Power: resources,0.38400743840074386,0.3186678819724099,805.0,1346.0,0.05525430709039742,0.09238794701077631,results/logs/deberta_empirical_structure_seed42_deberta-v3-base_test_metrics.json
empirical_structure,microsoft/deberta-v3-base,test,42,provided,Face,0.2356902356902357,0.13990434366041216,267.0,327.0,0.018326583842405108,0.02244491729013659,results/logs/deberta_empirical_structure_seed42_deberta-v3-base_test_metrics.json
empirical_structure,microsoft/deberta-v3-base,test,42,provided,Security: personal,0.3150492264416315,0.2483378356898707,352.0,359.0,0.02416088956002471,0.024641361795593383,results/logs/deberta_empirical_structure_seed42_deberta-v3-base_test_metrics.json
empirical_structure,microsoft/deberta-v3-base,test,42,provided,Security: societal,0.41470180305131765,0.3778776392738401,1151.0,1733.0,0.07900336330564899,0.11895119774864438,results/logs/deberta_empirical_structure_seed42_deberta-v3-base_test_metrics.json
empirical_structure,microsoft/deberta-v3-base,test,42,provided,Tradition,0.41509433962264153,0.349209934425115,196.0,228.0,0.01345322259592285,0.015649667101379643,results/logs/deberta_empirical_structure_seed42_deberta-v3-base_test_metrics.json
empirical_structure,microsoft/deberta-v3-base,test,42,provided,Conformity: rules,0.41093117408906876,0.3662051934076432,911.0,1065.0,0.06253002951472304,0.07310041869723385,results/logs/deberta_empirical_structure_seed42_deberta-v3-base_test_metrics.json
empirical_structure,microsoft/deberta-v3-base,test,42,provided,Conformity: interpersonal,0.10526315789473685,0.06144823293638749,195.0,204.0,0.013384583705127325,0.014002333722287048,results/logs/deberta_empirical_structure_seed42_deberta-v3-base_test_metrics.json
empirical_structure,microsoft/deberta-v3-base,test,42,provided,Humility,0.028901734104046242,0.011547054133579076,30.0,316.0,0.0020591667238657424,0.021689889491385818,results/logs/deberta_empirical_structure_seed42_deberta-v3-base_test_metrics.json
empirical_structure,microsoft/deberta-v3-base,test,42,provided,Benevolence: caring,0.22784810126582278,0.1390992946192532,324.0,624.0,0.022239000617750016,0.04283066785640744,results/logs/deberta_empirical_structure_seed42_deberta-v3-base_test_metrics.json
empirical_structure,microsoft/deberta-v3-base,test,42,provided,Benevolence: dependability,0.2637795275590551,0.20105108970825367,288.0,220.0,0.019768000549111125,0.015100555975015443,results/logs/deberta_empirical_structure_seed42_deberta-v3-base_test_metrics.json
empirical_structure,microsoft/deberta-v3-base,test,42,provided,Universalism: concern,0.4185207456404089,0.3477681120187144,735.0,928.0,0.05044958473471069,0.06369689065824696,results/logs/deberta_empirical_structure_seed42_deberta-v3-base_test_metrics.json
empirical_structure,microsoft/deberta-v3-base,test,42,provided,Universalism: nature,0.5637393767705382,0.4915431481941831,293.0,413.0,0.02011119500308875,0.02834786189855172,results/logs/deberta_empirical_structure_seed42_deberta-v3-base_test_metrics.json
empirical_structure,microsoft/deberta-v3-base,test,42,provided,Universalism: tolerance,0.23605150214592274,0.14726138092828225,171.0,295.0,0.011737250326034732,0.0202484727846798,results/logs/deberta_empirical_structure_seed42_deberta-v3-base_test_metrics.json
empirical_structure,microsoft/deberta-v3-base,test,7,provided,Self-direction: thought,0.11442193087008343,0.05543873243364827,171.0,668.0,0.011737250326034732,0.04585077905141053,results/logs/deberta_empirical_structure_seed7_deberta-v3-base_test_metrics.json
empirical_structure,microsoft/deberta-v3-base,test,7,provided,Self-direction: action,0.17449664429530204,0.11492966434481544,512.0,531.0,0.03514311208730867,0.03644725101242364,results/logs/deberta_empirical_structure_seed7_deberta-v3-base_test_metrics.json
empirical_structure,microsoft/deberta-v3-base,test,7,provided,Stimulation,0.2535211267605634,0.16773309078287424,371.0,623.0,0.02546502848513968,0.04276202896561192,results/logs/deberta_empirical_structure_seed7_deberta-v3-base_test_metrics.json
empirical_structure,microsoft/deberta-v3-base,test,7,provided,Hedonism,0.2783882783882784,0.20353045099200479,125.0,148.0,0.008579861349440594,0.010158555837737662,results/logs/deberta_empirical_structure_seed7_deberta-v3-base_test_metrics.json
empirical_structure,microsoft/deberta-v3-base,test,7,provided,Achievement,0.3556880278191754,0.31747238171920494,911.0,1102.0,0.06253002951472304,0.07564005765666827,results/logs/deberta_empirical_structure_seed7_deberta-v3-base_test_metrics.json
empirical_structure,microsoft/deberta-v3-base,test,7,provided,Power: dominance,0.35332464146023473,0.28521361931948824,631.0,903.0,0.04331114009197611,0.06198091838835884,results/logs/deberta_empirical_structure_seed7_deberta-v3-base_test_metrics.json
empirical_structure,microsoft/deberta-v3-base,test,7,provided,Power: resources,0.39382940108892917,0.3366060050964489,805.0,1399.0,0.05525430709039742,0.09602580822293912,results/logs/deberta_empirical_structure_seed7_deberta-v3-base_test_metrics.json
empirical_structure,microsoft/deberta-v3-base,test,7,provided,Face,0.25,0.1581311776458002,267.0,341.0,0.018326583842405108,0.023405861761273936,results/logs/deberta_empirical_structure_seed7_deberta-v3-base_test_metrics.json
empirical_structure,microsoft/deberta-v3-base,test,7,provided,Security: personal,0.31543624161073824,0.25351657343508277,352.0,542.0,0.02416088956002471,0.03720227881117441,results/logs/deberta_empirical_structure_seed7_deberta-v3-base_test_metrics.json
empirical_structure,microsoft/deberta-v3-base,test,7,provided,Security: societal,0.42340926944226237,0.39618078222462033,1151.0,1395.0,0.07900336330564899,0.09575125265975702,results/logs/deberta_empirical_structure_seed7_deberta-v3-base_test_metrics.json
empirical_structure,microsoft/deberta-v3-base,test,7,provided,Tradition,0.40718562874251496,0.42303315894347365,196.0,305.0,0.01345322259592285,0.020934861692635046,results/logs/deberta_empirical_structure_seed7_deberta-v3-base_test_metrics.json
empirical_structure,microsoft/deberta-v3-base,test,7,provided,Conformity: rules,0.4239080459770115,0.39117831143244736,911.0,1264.0,0.06253002951472304,0.08675955796554327,results/logs/deberta_empirical_structure_seed7_deberta-v3-base_test_metrics.json
empirical_structure,microsoft/deberta-v3-base,test,7,provided,Conformity: interpersonal,0.09132420091324202,0.05800889621369173,195.0,243.0,0.013384583705127325,0.016679250463312513,results/logs/deberta_empirical_structure_seed7_deberta-v3-base_test_metrics.json
empirical_structure,microsoft/deberta-v3-base,test,7,provided,Humility,0.03488372093023256,0.018373232130917565,30.0,142.0,0.0020591667238657424,0.009746722492964514,results/logs/deberta_empirical_structure_seed7_deberta-v3-base_test_metrics.json
empirical_structure,microsoft/deberta-v3-base,test,7,provided,Benevolence: caring,0.24618149146451035,0.1709261664989214,324.0,789.0,0.022239000617750016,0.054156084837669025,results/logs/deberta_empirical_structure_seed7_deberta-v3-base_test_metrics.json
empirical_structure,microsoft/deberta-v3-base,test,7,provided,Benevolence: dependability,0.24652087475149106,0.20849476314267135,288.0,215.0,0.019768000549111125,0.01475736152103782,results/logs/deberta_empirical_structure_seed7_deberta-v3-base_test_metrics.json
empirical_structure,microsoft/deberta-v3-base,test,7,provided,Universalism: concern,0.4008097165991903,0.3527081845804794,735.0,747.0,0.05044958473471069,0.05127325142425698,results/logs/deberta_empirical_structure_seed7_deberta-v3-base_test_metrics.json
empirical_structure,microsoft/deberta-v3-base,test,7,provided,Universalism: nature,0.5409356725146199,0.5119250364698015,293.0,391.0,0.02011119500308875,0.026837806301050177,results/logs/deberta_empirical_structure_seed7_deberta-v3-base_test_metrics.json
empirical_structure,microsoft/deberta-v3-base,test,7,provided,Universalism: tolerance,0.2473684210526316,0.15334052333618728,171.0,209.0,0.011737250326034732,0.014345528176264671,results/logs/deberta_empirical_structure_seed7_deberta-v3-base_test_metrics.json
random_geoloss,microsoft/deberta-v3-base,test,11,provided,Self-direction: thought,0.0963855421686747,0.05407358149720887,171.0,410.0,0.011737250326034732,0.028141945226165144,results/logs/deberta_random_geoloss_seed11_deberta-v3-base_test_metrics.json
random_geoloss,microsoft/deberta-v3-base,test,11,provided,Self-direction: action,0.19321685508735867,0.12852353383995502,512.0,461.0,0.03514311208730867,0.031642528656736904,results/logs/deberta_random_geoloss_seed11_deberta-v3-base_test_metrics.json
random_geoloss,microsoft/deberta-v3-base,test,11,provided,Stimulation,0.25154130702836003,0.18973932179219685,371.0,440.0,0.02546502848513968,0.030201111950030887,results/logs/deberta_random_geoloss_seed11_deberta-v3-base_test_metrics.json
random_geoloss,microsoft/deberta-v3-base,test,11,provided,Hedonism,0.3236514522821577,0.19921382430713402,125.0,116.0,0.008579861349440594,0.00796211133228087,results/logs/deberta_random_geoloss_seed11_deberta-v3-base_test_metrics.json
random_geoloss,microsoft/deberta-v3-base,test,11,provided,Achievement,0.3554430379746836,0.32105481042626927,911.0,1064.0,0.06253002951472304,0.07303177980643832,results/logs/deberta_random_geoloss_seed11_deberta-v3-base_test_metrics.json
random_geoloss,microsoft/deberta-v3-base,test,11,provided,Power: dominance,0.3722054380664652,0.2771607940258623,631.0,1024.0,0.04331114009197611,0.07028622417461734,results/logs/deberta_random_geoloss_seed11_deberta-v3-base_test_metrics.json
random_geoloss,microsoft/deberta-v3-base,test,11,provided,Power: resources,0.39738562091503266,0.3422706904100774,805.0,1490.0,0.05525430709039742,0.10227194728533187,results/logs/deberta_random_geoloss_seed11_deberta-v3-base_test_metrics.json
random_geoloss,microsoft/deberta-v3-base,test,11,provided,Face,0.2601626016260163,0.17009455770060758,267.0,225.0,0.018326583842405108,0.015443750428993068,results/logs/deberta_random_geoloss_seed11_deberta-v3-base_test_metrics.json
random_geoloss,microsoft/deberta-v3-base,test,11,provided,Security: personal,0.3560371517027863,0.269731814528035,352.0,294.0,0.02416088956002471,0.020179833893884273,results/logs/deberta_random_geoloss_seed11_deberta-v3-base_test_metrics.json
random_geoloss,microsoft/deberta-v3-base,test,11,provided,Security: societal,0.43627275972866836,0.38557412719335943,1151.0,1650.0,0.07900336330564899,0.11325416981261582,results/logs/deberta_random_geoloss_seed11_deberta-v3-base_test_metrics.json
random_geoloss,microsoft/deberta-v3-base,test,11,provided,Tradition,0.45433255269320844,0.4083022703532572,196.0,231.0,0.01345322259592285,0.015855583773766217,results/logs/deberta_random_geoloss_seed11_deberta-v3-base_test_metrics.json
random_geoloss,microsoft/deberta-v3-base,test,11,provided,Conformity: rules,0.4285085789705236,0.39497559659110815,911.0,1362.0,0.06253002951472304,0.0934861692635047,results/logs/deberta_random_geoloss_seed11_deberta-v3-base_test_metrics.json
random_geoloss,microsoft/deberta-v3-base,test,11,provided,Conformity: interpersonal,0.07809110629067245,0.058548916347813326,195.0,266.0,0.013384583705127325,0.01825794495160958,results/logs/deberta_random_geoloss_seed11_deberta-v3-base_test_metrics.json
random_geoloss,microsoft/deberta-v3-base,test,11,provided,Humility,0.0718562874251497,0.027982889845431142,30.0,137.0,0.0020591667238657424,0.00940352803898689,results/logs/deberta_random_geoloss_seed11_deberta-v3-base_test_metrics.json
random_geoloss,microsoft/deberta-v3-base,test,11,provided,Benevolence: caring,0.218562874251497,0.16602271535624433,324.0,344.0,0.022239000617750016,0.023611778433660514,results/logs/deberta_random_geoloss_seed11_deberta-v3-base_test_metrics.json
random_geoloss,microsoft/deberta-v3-base,test,11,provided,Benevolence: dependability,0.2905982905982906,0.212839332417949,288.0,414.0,0.019768000549111125,0.028416500789347245,results/logs/deberta_random_geoloss_seed11_deberta-v3-base_test_metrics.json
random_geoloss,microsoft/deberta-v3-base,test,11,provided,Universalism: concern,0.44205765969474276,0.38268077351568,735.0,1034.0,0.05044958473471069,0.07097261308257259,results/logs/deberta_random_geoloss_seed11_deberta-v3-base_test_metrics.json
random_geoloss,microsoft/deberta-v3-base,test,11,provided,Universalism: nature,0.5511596180081856,0.5173832517190882,293.0,440.0,0.02011119500308875,0.030201111950030887,results/logs/deberta_random_geoloss_seed11_deberta-v3-base_test_metrics.json
random_geoloss,microsoft/deberta-v3-base,test,11,provided,Universalism: tolerance,0.21408450704225349,0.1432857034211068,171.0,184.0,0.011737250326034732,0.012629555906376553,results/logs/deberta_random_geoloss_seed11_deberta-v3-base_test_metrics.json
random_geoloss,microsoft/deberta-v3-base,test,1701,provided,Self-direction: thought,0.10087719298245615,0.04998224425289361,171.0,285.0,0.011737250326034732,0.01956208387672455,results/logs/deberta_random_geoloss_seed1701_deberta-v3-base_test_metrics.json
random_geoloss,microsoft/deberta-v3-base,test,1701,provided,Self-direction: action,0.19442556084296397,0.1332056120711102,512.0,959.0,0.03514311208730867,0.06582469627290823,results/logs/deberta_random_geoloss_seed1701_deberta-v3-base_test_metrics.json
random_geoloss,microsoft/deberta-v3-base,test,1701,provided,Stimulation,0.23475609756097562,0.18585332971664886,371.0,285.0,0.02546502848513968,0.01956208387672455,results/logs/deberta_random_geoloss_seed1701_deberta-v3-base_test_metrics.json
random_geoloss,microsoft/deberta-v3-base,test,1701,provided,Hedonism,0.25112107623318386,0.17568270815367892,125.0,98.0,0.008579861349440594,0.006726611297961425,results/logs/deberta_random_geoloss_seed1701_deberta-v3-base_test_metrics.json
random_geoloss,microsoft/deberta-v3-base,test,1701,provided,Achievement,0.3578454332552693,0.30910601091858986,911.0,1224.0,0.06253002951472304,0.08401400233372229,results/logs/deberta_random_geoloss_seed1701_deberta-v3-base_test_metrics.json
random_geoloss,microsoft/deberta-v3-base,test,1701,provided,Power: dominance,0.3576248313090419,0.274159537776397,631.0,851.0,0.04331114009197611,0.05841169606699156,results/logs/deberta_random_geoloss_seed1701_deberta-v3-base_test_metrics.json
random_geoloss,microsoft/deberta-v3-base,test,1701,provided,Power: resources,0.3818915284625729,0.3370548140137716,805.0,1426.0,0.05525430709039742,0.09787905827441828,results/logs/deberta_random_geoloss_seed1701_deberta-v3-base_test_metrics.json
random_geoloss,microsoft/deberta-v3-base,test,1701,provided,Face,0.24644549763033174,0.14330943034520338,267.0,366.0,0.018326583842405108,0.025121834031162055,results/logs/deberta_random_geoloss_seed1701_deberta-v3-base_test_metrics.json
random_geoloss,microsoft/deberta-v3-base,test,1701,provided,Security: personal,0.32258064516129026,0.23636698435827397,352.0,454.0,0.02416088956002471,0.031162056421168233,results/logs/deberta_random_geoloss_seed1701_deberta-v3-base_test_metrics.json
random_geoloss,microsoft/deberta-v3-base,test,1701,provided,Security: societal,0.4254807692307692,0.3751137401144539,1151.0,1345.0,0.07900336330564899,0.09231930811998078,results/logs/deberta_random_geoloss_seed1701_deberta-v3-base_test_metrics.json
random_geoloss,microsoft/deberta-v3-base,test,1701,provided,Tradition,0.455958549222798,0.3964089040180468,196.0,190.0,0.01345322259592285,0.013041389251149702,results/logs/deberta_random_geoloss_seed1701_deberta-v3-base_test_metrics.json
random_geoloss,microsoft/deberta-v3-base,test,1701,provided,Conformity: rules,0.4383202099737533,0.3912003411859028,911.0,1375.0,0.06253002951472304,0.09437847484384652,results/logs/deberta_random_geoloss_seed1701_deberta-v3-base_test_metrics.json
random_geoloss,microsoft/deberta-v3-base,test,1701,provided,Conformity: interpersonal,0.0896358543417367,0.07005821756608763,195.0,162.0,0.013384583705127325,0.011119500308875008,results/logs/deberta_random_geoloss_seed1701_deberta-v3-base_test_metrics.json
random_geoloss,microsoft/deberta-v3-base,test,1701,provided,Humility,0.0404040404040404,0.016500284060529346,30.0,168.0,0.0020591667238657424,0.011531333653648158,results/logs/deberta_random_geoloss_seed1701_deberta-v3-base_test_metrics.json
random_geoloss,microsoft/deberta-v3-base,test,1701,provided,Benevolence: caring,0.2211874272409779,0.1616512942372772,324.0,535.0,0.022239000617750016,0.03672180657560574,results/logs/deberta_random_geoloss_seed1701_deberta-v3-base_test_metrics.json
random_geoloss,microsoft/deberta-v3-base,test,1701,provided,Benevolence: dependability,0.2883435582822086,0.20524962379480377,288.0,364.0,0.019768000549111125,0.024984556249571008,results/logs/deberta_random_geoloss_seed1701_deberta-v3-base_test_metrics.json
random_geoloss,microsoft/deberta-v3-base,test,1701,provided,Universalism: concern,0.38145896656534956,0.3616638940528558,735.0,581.0,0.05044958473471069,0.039879195552199875,results/logs/deberta_random_geoloss_seed1701_deberta-v3-base_test_metrics.json
random_geoloss,microsoft/deberta-v3-base,test,1701,provided,Universalism: nature,0.5635036496350365,0.5098569060767488,293.0,392.0,0.02011119500308875,0.0269064451918457,results/logs/deberta_random_geoloss_seed1701_deberta-v3-base_test_metrics.json
random_geoloss,microsoft/deberta-v3-base,test,1701,provided,Universalism: tolerance,0.2191780821917808,0.15601080614519383,171.0,194.0,0.011737250326034732,0.0133159448143318,results/logs/deberta_random_geoloss_seed1701_deberta-v3-base_test_metrics.json
random_geoloss,microsoft/deberta-v3-base,test,1984,provided,Self-direction: thought,0.1,0.05497724474262051,171.0,229.0,0.011737250326034732,0.015718305992175167,results/logs/deberta_random_geoloss_seed1984_deberta-v3-base_test_metrics.json
random_geoloss,microsoft/deberta-v3-base,test,1984,provided,Self-direction: action,0.18524871355060035,0.11057187383041596,512.0,654.0,0.03514311208730867,0.04488983458027318,results/logs/deberta_random_geoloss_seed1984_deberta-v3-base_test_metrics.json
random_geoloss,microsoft/deberta-v3-base,test,1984,provided,Stimulation,0.27770360480640854,0.19659258609762278,371.0,378.0,0.02546502848513968,0.025945500720708354,results/logs/deberta_random_geoloss_seed1984_deberta-v3-base_test_metrics.json
random_geoloss,microsoft/deberta-v3-base,test,1984,provided,Hedonism,0.2713864306784661,0.1890733065451719,125.0,214.0,0.008579861349440594,0.014688722630242295,results/logs/deberta_random_geoloss_seed1984_deberta-v3-base_test_metrics.json
random_geoloss,microsoft/deberta-v3-base,test,1984,provided,Achievement,0.3611670020120724,0.305150127305128,911.0,1077.0,0.06253002951472304,0.07392408538678015,results/logs/deberta_random_geoloss_seed1984_deberta-v3-base_test_metrics.json
random_geoloss,microsoft/deberta-v3-base,test,1984,provided,Power: dominance,0.33759022765130486,0.2632487176752645,631.0,1170.0,0.04331114009197611,0.08030750223076395,results/logs/deberta_random_geoloss_seed1984_deberta-v3-base_test_metrics.json
random_geoloss,microsoft/deberta-v3-base,test,1984,provided,Power: resources,0.3886994641987335,0.31977392221828144,805.0,1248.0,0.05525430709039742,0.08566133571281488,results/logs/deberta_random_geoloss_seed1984_deberta-v3-base_test_metrics.json
random_geoloss,microsoft/deberta-v3-base,test,1984,provided,Face,0.2131782945736434,0.13537483618372198,267.0,249.0,0.018326583842405108,0.01709108380808566,results/logs/deberta_random_geoloss_seed1984_deberta-v3-base_test_metrics.json
random_geoloss,microsoft/deberta-v3-base,test,1984,provided,Security: personal,0.3219814241486068,0.2571224995552639,352.0,617.0,0.02416088956002471,0.04235019562083877,results/logs/deberta_random_geoloss_seed1984_deberta-v3-base_test_metrics.json
random_geoloss,microsoft/deberta-v3-base,test,1984,provided,Security: societal,0.4310474755086662,0.38772764260477954,1151.0,1503.0,0.07900336330564899,0.1031642528656737,results/logs/deberta_random_geoloss_seed1984_deberta-v3-base_test_metrics.json
random_geoloss,microsoft/deberta-v3-base,test,1984,provided,Tradition,0.4352078239608802,0.4020663587420618,196.0,213.0,0.01345322259592285,0.01462008373944677,results/logs/deberta_random_geoloss_seed1984_deberta-v3-base_test_metrics.json
random_geoloss,microsoft/deberta-v3-base,test,1984,provided,Conformity: rules,0.42956764295676425,0.38803575442679894,911.0,1240.0,0.06253002951472304,0.08511222458645068,results/logs/deberta_random_geoloss_seed1984_deberta-v3-base_test_metrics.json
random_geoloss,microsoft/deberta-v3-base,test,1984,provided,Conformity: interpersonal,0.09072978303747535,0.05295882732582133,195.0,312.0,0.013384583705127325,0.02141533392820372,results/logs/deberta_random_geoloss_seed1984_deberta-v3-base_test_metrics.json
random_geoloss,microsoft/deberta-v3-base,test,1984,provided,Humility,0.02531645569620253,0.015187587409842883,30.0,207.0,0.0020591667238657424,0.014208250394673622,results/logs/deberta_random_geoloss_seed1984_deberta-v3-base_test_metrics.json
random_geoloss,microsoft/deberta-v3-base,test,1984,provided,Benevolence: caring,0.24304840370751804,0.17328701946624533,324.0,647.0,0.022239000617750016,0.04440936234470451,results/logs/deberta_random_geoloss_seed1984_deberta-v3-base_test_metrics.json
random_geoloss,microsoft/deberta-v3-base,test,1984,provided,Benevolence: dependability,0.2817294281729428,0.19580182347804906,288.0,429.0,0.019768000549111125,0.029446084151280114,results/logs/deberta_random_geoloss_seed1984_deberta-v3-base_test_metrics.json
random_geoloss,microsoft/deberta-v3-base,test,1984,provided,Universalism: concern,0.40730717185385656,0.3671279833852184,735.0,743.0,0.05044958473471069,0.05099869586107488,results/logs/deberta_random_geoloss_seed1984_deberta-v3-base_test_metrics.json
random_geoloss,microsoft/deberta-v3-base,test,1984,provided,Universalism: nature,0.5683229813664595,0.5219598692427436,293.0,351.0,0.02011119500308875,0.024092250669229185,results/logs/deberta_random_geoloss_seed1984_deberta-v3-base_test_metrics.json
random_geoloss,microsoft/deberta-v3-base,test,1984,provided,Universalism: tolerance,0.17877094972067037,0.12888803354235856,171.0,366.0,0.011737250326034732,0.025121834031162055,results/logs/deberta_random_geoloss_seed1984_deberta-v3-base_test_metrics.json
random_geoloss,microsoft/deberta-v3-base,test,42,provided,Self-direction: thought,0.12130637636080871,0.06770677594679222,171.0,472.0,0.011737250326034732,0.032397556455487676,results/logs/deberta_random_geoloss_seed42_deberta-v3-base_test_metrics.json
random_geoloss,microsoft/deberta-v3-base,test,42,provided,Self-direction: action,0.20556023588879527,0.12756949704056778,512.0,675.0,0.03514311208730867,0.0463312512869792,results/logs/deberta_random_geoloss_seed42_deberta-v3-base_test_metrics.json
random_geoloss,microsoft/deberta-v3-base,test,42,provided,Stimulation,0.2502870264064294,0.18194111650968287,371.0,500.0,0.02546502848513968,0.034319445397762376,results/logs/deberta_random_geoloss_seed42_deberta-v3-base_test_metrics.json
random_geoloss,microsoft/deberta-v3-base,test,42,provided,Hedonism,0.23239436619718312,0.17465276778884992,125.0,159.0,0.008579861349440594,0.010913583636488434,results/logs/deberta_random_geoloss_seed42_deberta-v3-base_test_metrics.json
random_geoloss,microsoft/deberta-v3-base,test,42,provided,Achievement,0.3476417594064653,0.3003176258850845,911.0,976.0,0.06253002951472304,0.06699155741643215,results/logs/deberta_random_geoloss_seed42_deberta-v3-base_test_metrics.json
random_geoloss,microsoft/deberta-v3-base,test,42,provided,Power: dominance,0.33902939166097057,0.25562283161019395,631.0,832.0,0.04331114009197611,0.05710755714187659,results/logs/deberta_random_geoloss_seed42_deberta-v3-base_test_metrics.json
random_geoloss,microsoft/deberta-v3-base,test,42,provided,Power: resources,0.39124487004103964,0.3348624752357276,805.0,1388.0,0.05525430709039742,0.09527078042418835,results/logs/deberta_random_geoloss_seed42_deberta-v3-base_test_metrics.json
random_geoloss,microsoft/deberta-v3-base,test,42,provided,Face,0.24179620034542315,0.14062458659800492,267.0,312.0,0.018326583842405108,0.02141533392820372,results/logs/deberta_random_geoloss_seed42_deberta-v3-base_test_metrics.json
random_geoloss,microsoft/deberta-v3-base,test,42,provided,Security: personal,0.3349753694581281,0.2606788840988301,352.0,460.0,0.02416088956002471,0.03157388976594138,results/logs/deberta_random_geoloss_seed42_deberta-v3-base_test_metrics.json
random_geoloss,microsoft/deberta-v3-base,test,42,provided,Security: societal,0.432523616734143,0.38972208884528914,1151.0,1813.0,0.07900336330564899,0.12444230901228637,results/logs/deberta_random_geoloss_seed42_deberta-v3-base_test_metrics.json
random_geoloss,microsoft/deberta-v3-base,test,42,provided,Tradition,0.46288209606986896,0.3958685633383816,196.0,262.0,0.01345322259592285,0.017983389388427484,results/logs/deberta_random_geoloss_seed42_deberta-v3-base_test_metrics.json
random_geoloss,microsoft/deberta-v3-base,test,42,provided,Conformity: rules,0.4239888423988843,0.3803596791901844,911.0,1240.0,0.06253002951472304,0.08511222458645068,results/logs/deberta_random_geoloss_seed42_deberta-v3-base_test_metrics.json
random_geoloss,microsoft/deberta-v3-base,test,42,provided,Conformity: interpersonal,0.08932038834951456,0.05168953933288465,195.0,320.0,0.013384583705127325,0.02196444505456792,results/logs/deberta_random_geoloss_seed42_deberta-v3-base_test_metrics.json
random_geoloss,microsoft/deberta-v3-base,test,42,provided,Humility,0.04761904761904762,0.014066543248382883,30.0,138.0,0.0020591667238657424,0.009472166929782415,results/logs/deberta_random_geoloss_seed42_deberta-v3-base_test_metrics.json
random_geoloss,microsoft/deberta-v3-base,test,42,provided,Benevolence: caring,0.24218749999999997,0.14905288380459045,324.0,444.0,0.022239000617750016,0.030475667513212987,results/logs/deberta_random_geoloss_seed42_deberta-v3-base_test_metrics.json
random_geoloss,microsoft/deberta-v3-base,test,42,provided,Benevolence: dependability,0.2644628099173554,0.18761397086079812,288.0,438.0,0.019768000549111125,0.03006383416843984,results/logs/deberta_random_geoloss_seed42_deberta-v3-base_test_metrics.json
random_geoloss,microsoft/deberta-v3-base,test,42,provided,Universalism: concern,0.4163312248418632,0.35197757707941973,735.0,1004.0,0.05044958473471069,0.06891344635870685,results/logs/deberta_random_geoloss_seed42_deberta-v3-base_test_metrics.json
random_geoloss,microsoft/deberta-v3-base,test,42,provided,Universalism: nature,0.5625920471281295,0.4864280594408679,293.0,386.0,0.02011119500308875,0.026494611847072552,results/logs/deberta_random_geoloss_seed42_deberta-v3-base_test_metrics.json
random_geoloss,microsoft/deberta-v3-base,test,42,provided,Universalism: tolerance,0.19047619047619047,0.11673809654781103,171.0,165.0,0.011737250326034732,0.011325416981261582,results/logs/deberta_random_geoloss_seed42_deberta-v3-base_test_metrics.json
random_geoloss,microsoft/deberta-v3-base,test,7,provided,Self-direction: thought,0.09523809523809525,0.062418068652066,171.0,186.0,0.011737250326034732,0.012766833687967603,results/logs/deberta_random_geoloss_seed7_deberta-v3-base_test_metrics.json
random_geoloss,microsoft/deberta-v3-base,test,7,provided,Self-direction: action,0.19316493313521543,0.13587036579735265,512.0,834.0,0.03514311208730867,0.05724483492346764,results/logs/deberta_random_geoloss_seed7_deberta-v3-base_test_metrics.json
random_geoloss,microsoft/deberta-v3-base,test,7,provided,Stimulation,0.26497695852534564,0.17759148918785103,371.0,497.0,0.02546502848513968,0.0341135287253758,results/logs/deberta_random_geoloss_seed7_deberta-v3-base_test_metrics.json
random_geoloss,microsoft/deberta-v3-base,test,7,provided,Hedonism,0.31223628691983124,0.20887686640190856,125.0,112.0,0.008579861349440594,0.007687555769098771,results/logs/deberta_random_geoloss_seed7_deberta-v3-base_test_metrics.json
random_geoloss,microsoft/deberta-v3-base,test,7,provided,Achievement,0.3355635615028306,0.2820000150682651,911.0,1032.0,0.06253002951472304,0.07083533530098153,results/logs/deberta_random_geoloss_seed7_deberta-v3-base_test_metrics.json
random_geoloss,microsoft/deberta-v3-base,test,7,provided,Power: dominance,0.3250836120401338,0.2590667722720287,631.0,864.0,0.04331114009197611,0.059304001647333376,results/logs/deberta_random_geoloss_seed7_deberta-v3-base_test_metrics.json
random_geoloss,microsoft/deberta-v3-base,test,7,provided,Power: resources,0.37743384922616074,0.32377838492244904,805.0,1198.0,0.05525430709039742,0.08222939117303864,results/logs/deberta_random_geoloss_seed7_deberta-v3-base_test_metrics.json
random_geoloss,microsoft/deberta-v3-base,test,7,provided,Face,0.2180293501048218,0.1513437814782768,267.0,210.0,0.018326583842405108,0.014414167067060196,results/logs/deberta_random_geoloss_seed7_deberta-v3-base_test_metrics.json
random_geoloss,microsoft/deberta-v3-base,test,7,provided,Security: personal,0.3256484149855908,0.2508030541370104,352.0,342.0,0.02416088956002471,0.023474500652069463,results/logs/deberta_random_geoloss_seed7_deberta-v3-base_test_metrics.json
random_geoloss,microsoft/deberta-v3-base,test,7,provided,Security: societal,0.4165117143919672,0.3799959834176805,1151.0,1538.0,0.07900336330564899,0.10556661404351705,results/logs/deberta_random_geoloss_seed7_deberta-v3-base_test_metrics.json
random_geoloss,microsoft/deberta-v3-base,test,7,provided,Tradition,0.407258064516129,0.39745583070520907,196.0,300.0,0.01345322259592285,0.020591667238657425,results/logs/deberta_random_geoloss_seed7_deberta-v3-base_test_metrics.json
random_geoloss,microsoft/deberta-v3-base,test,7,provided,Conformity: rules,0.42185903983656786,0.37237626661460616,911.0,1047.0,0.06253002951472304,0.0718649186629144,results/logs/deberta_random_geoloss_seed7_deberta-v3-base_test_metrics.json
random_geoloss,microsoft/deberta-v3-base,test,7,provided,Conformity: interpersonal,0.10256410256410257,0.06924110971685088,195.0,273.0,0.013384583705127325,0.018738417187178256,results/logs/deberta_random_geoloss_seed7_deberta-v3-base_test_metrics.json
random_geoloss,microsoft/deberta-v3-base,test,7,provided,Humility,0.06451612903225808,0.015990077384313794,30.0,32.0,0.0020591667238657424,0.002196444505456792,results/logs/deberta_random_geoloss_seed7_deberta-v3-base_test_metrics.json
random_geoloss,microsoft/deberta-v3-base,test,7,provided,Benevolence: caring,0.22044444444444442,0.14728314147869637,324.0,801.0,0.022239000617750016,0.05497975152721532,results/logs/deberta_random_geoloss_seed7_deberta-v3-base_test_metrics.json
random_geoloss,microsoft/deberta-v3-base,test,7,provided,Benevolence: dependability,0.26057529610829105,0.2055352002292249,288.0,303.0,0.019768000549111125,0.020797583911044,results/logs/deberta_random_geoloss_seed7_deberta-v3-base_test_metrics.json
random_geoloss,microsoft/deberta-v3-base,test,7,provided,Universalism: concern,0.39189189189189194,0.32027484576412085,735.0,893.0,0.05044958473471069,0.0612945294804036,results/logs/deberta_random_geoloss_seed7_deberta-v3-base_test_metrics.json
random_geoloss,microsoft/deberta-v3-base,test,7,provided,Universalism: nature,0.5547850208044384,0.48486707136098023,293.0,428.0,0.02011119500308875,0.02937744526048459,results/logs/deberta_random_geoloss_seed7_deberta-v3-base_test_metrics.json
random_geoloss,microsoft/deberta-v3-base,test,7,provided,Universalism: tolerance,0.2191780821917808,0.137404209882024,171.0,194.0,0.011737250326034732,0.0133159448143318,results/logs/deberta_random_geoloss_seed7_deberta-v3-base_test_metrics.json
schwartz_geoloss,microsoft/deberta-v3-base,test,11,provided,Self-direction: thought,0.08695652173913043,0.05965950698722411,171.0,243.0,0.011737250326034732,0.016679250463312513,results/logs/deberta_schwartz_geoloss_seed11_deberta-v3-base_test_metrics.json
schwartz_geoloss,microsoft/deberta-v3-base,test,11,provided,Self-direction: action,0.18591549295774648,0.12249751667484739,512.0,553.0,0.03514311208730867,0.03795730660992518,results/logs/deberta_schwartz_geoloss_seed11_deberta-v3-base_test_metrics.json
schwartz_geoloss,microsoft/deberta-v3-base,test,11,provided,Stimulation,0.25542168674698795,0.1844652473300461,371.0,459.0,0.02546502848513968,0.03150525087514586,results/logs/deberta_schwartz_geoloss_seed11_deberta-v3-base_test_metrics.json
schwartz_geoloss,microsoft/deberta-v3-base,test,11,provided,Hedonism,0.30612244897959184,0.21462670371958908,125.0,169.0,0.008579861349440594,0.011599972544443681,results/logs/deberta_schwartz_geoloss_seed11_deberta-v3-base_test_metrics.json
schwartz_geoloss,microsoft/deberta-v3-base,test,11,provided,Achievement,0.3596244131455399,0.32113618445789105,911.0,1219.0,0.06253002951472304,0.08367080787974467,results/logs/deberta_schwartz_geoloss_seed11_deberta-v3-base_test_metrics.json
schwartz_geoloss,microsoft/deberta-v3-base,test,11,provided,Power: dominance,0.36695906432748543,0.2842251586367485,631.0,737.0,0.04331114009197611,0.050586862516301734,results/logs/deberta_schwartz_geoloss_seed11_deberta-v3-base_test_metrics.json
schwartz_geoloss,microsoft/deberta-v3-base,test,11,provided,Power: resources,0.3978702807357212,0.34014317473848854,805.0,1261.0,0.05525430709039742,0.08655364129315671,results/logs/deberta_schwartz_geoloss_seed11_deberta-v3-base_test_metrics.json
schwartz_geoloss,microsoft/deberta-v3-base,test,11,provided,Face,0.2372093023255814,0.1633082977797982,267.0,163.0,0.018326583842405108,0.011188139199670533,results/logs/deberta_schwartz_geoloss_seed11_deberta-v3-base_test_metrics.json
schwartz_geoloss,microsoft/deberta-v3-base,test,11,provided,Security: personal,0.35656836461126007,0.27315417698082545,352.0,394.0,0.02416088956002471,0.02704372297343675,results/logs/deberta_schwartz_geoloss_seed11_deberta-v3-base_test_metrics.json
schwartz_geoloss,microsoft/deberta-v3-base,test,11,provided,Security: societal,0.4349011588275392,0.386019043741932,1151.0,1783.0,0.07900336330564899,0.12238314228842062,results/logs/deberta_schwartz_geoloss_seed11_deberta-v3-base_test_metrics.json
schwartz_geoloss,microsoft/deberta-v3-base,test,11,provided,Tradition,0.4482758620689655,0.3877859671881614,196.0,268.0,0.01345322259592285,0.01839522273320063,results/logs/deberta_schwartz_geoloss_seed11_deberta-v3-base_test_metrics.json
schwartz_geoloss,microsoft/deberta-v3-base,test,11,provided,Conformity: rules,0.4207011686143573,0.39323816193942185,911.0,1485.0,0.06253002951472304,0.10192875283135425,results/logs/deberta_schwartz_geoloss_seed11_deberta-v3-base_test_metrics.json
schwartz_geoloss,microsoft/deberta-v3-base,test,11,provided,Conformity: interpersonal,0.10766045548654245,0.06217363053525197,195.0,288.0,0.013384583705127325,0.019768000549111125,results/logs/deberta_schwartz_geoloss_seed11_deberta-v3-base_test_metrics.json
schwartz_geoloss,microsoft/deberta-v3-base,test,11,provided,Humility,0.06134969325153374,0.022221557821080058,30.0,133.0,0.0020591667238657424,0.00912897247580479,results/logs/deberta_schwartz_geoloss_seed11_deberta-v3-base_test_metrics.json
schwartz_geoloss,microsoft/deberta-v3-base,test,11,provided,Benevolence: caring,0.23863636363636362,0.16250721094901113,324.0,556.0,0.022239000617750016,0.03816322328231176,results/logs/deberta_schwartz_geoloss_seed11_deberta-v3-base_test_metrics.json
schwartz_geoloss,microsoft/deberta-v3-base,test,11,provided,Benevolence: dependability,0.2870967741935484,0.21453115689274324,288.0,332.0,0.019768000549111125,0.022788111744114214,results/logs/deberta_schwartz_geoloss_seed11_deberta-v3-base_test_metrics.json
schwartz_geoloss,microsoft/deberta-v3-base,test,11,provided,Universalism: concern,0.4367541766109785,0.384908079766251,735.0,941.0,0.05044958473471069,0.06458919623858879,results/logs/deberta_schwartz_geoloss_seed11_deberta-v3-base_test_metrics.json
schwartz_geoloss,microsoft/deberta-v3-base,test,11,provided,Universalism: nature,0.5648414985590778,0.5166706843067593,293.0,401.0,0.02011119500308875,0.027524195209005422,results/logs/deberta_schwartz_geoloss_seed11_deberta-v3-base_test_metrics.json
schwartz_geoloss,microsoft/deberta-v3-base,test,11,provided,Universalism: tolerance,0.2376237623762376,0.13498398515622625,171.0,233.0,0.011737250326034732,0.015992861555357264,results/logs/deberta_schwartz_geoloss_seed11_deberta-v3-base_test_metrics.json
schwartz_geoloss,microsoft/deberta-v3-base,test,1701,provided,Self-direction: thought,0.10660980810234542,0.04674519835241984,171.0,298.0,0.011737250326034732,0.020454389457066374,results/logs/deberta_schwartz_geoloss_seed1701_deberta-v3-base_test_metrics.json
schwartz_geoloss,microsoft/deberta-v3-base,test,1701,provided,Self-direction: action,0.19249394673123488,0.1328442194420249,512.0,1140.0,0.03514311208730867,0.0782483355068982,results/logs/deberta_schwartz_geoloss_seed1701_deberta-v3-base_test_metrics.json
schwartz_geoloss,microsoft/deberta-v3-base,test,1701,provided,Stimulation,0.2557200538358008,0.18947992757369178,371.0,372.0,0.02546502848513968,0.025533667375935206,results/logs/deberta_schwartz_geoloss_seed1701_deberta-v3-base_test_metrics.json
schwartz_geoloss,microsoft/deberta-v3-base,test,1701,provided,Hedonism,0.25855513307984795,0.16878008744946052,125.0,138.0,0.008579861349440594,0.009472166929782415,results/logs/deberta_schwartz_geoloss_seed1701_deberta-v3-base_test_metrics.json
schwartz_geoloss,microsoft/deberta-v3-base,test,1701,provided,Achievement,0.36032028469750893,0.3166205591424663,911.0,1337.0,0.06253002951472304,0.09177019699361658,results/logs/deberta_schwartz_geoloss_seed1701_deberta-v3-base_test_metrics.json
schwartz_geoloss,microsoft/deberta-v3-base,test,1701,provided,Power: dominance,0.351506456241033,0.27670451947412394,631.0,763.0,0.04331114009197611,0.05237147367698538,results/logs/deberta_schwartz_geoloss_seed1701_deberta-v3-base_test_metrics.json
schwartz_geoloss,microsoft/deberta-v3-base,test,1701,provided,Power: resources,0.39145553899652263,0.34447800958033686,805.0,1208.0,0.05525430709039742,0.08291578008099389,results/logs/deberta_schwartz_geoloss_seed1701_deberta-v3-base_test_metrics.json
schwartz_geoloss,microsoft/deberta-v3-base,test,1701,provided,Face,0.2363636363636364,0.15810479174581854,267.0,173.0,0.018326583842405108,0.01187452810762578,results/logs/deberta_schwartz_geoloss_seed1701_deberta-v3-base_test_metrics.json
schwartz_geoloss,microsoft/deberta-v3-base,test,1701,provided,Security: personal,0.31852654387865653,0.23352252759721362,352.0,571.0,0.02416088956002471,0.03919280664424463,results/logs/deberta_schwartz_geoloss_seed1701_deberta-v3-base_test_metrics.json
schwartz_geoloss,microsoft/deberta-v3-base,test,1701,provided,Security: societal,0.40646853146853146,0.36605576169612686,1151.0,1137.0,0.07900336330564899,0.07804241883451163,results/logs/deberta_schwartz_geoloss_seed1701_deberta-v3-base_test_metrics.json
schwartz_geoloss,microsoft/deberta-v3-base,test,1701,provided,Tradition,0.4360587002096436,0.39216318615227486,196.0,281.0,0.01345322259592285,0.019287528313542454,results/logs/deberta_schwartz_geoloss_seed1701_deberta-v3-base_test_metrics.json
schwartz_geoloss,microsoft/deberta-v3-base,test,1701,provided,Conformity: rules,0.42706502636203864,0.3837101606449941,911.0,1365.0,0.06253002951472304,0.09369208593589128,results/logs/deberta_schwartz_geoloss_seed1701_deberta-v3-base_test_metrics.json
schwartz_geoloss,microsoft/deberta-v3-base,test,1701,provided,Conformity: interpersonal,0.10109890109890111,0.06642863547977453,195.0,260.0,0.013384583705127325,0.017846111606836433,results/logs/deberta_schwartz_geoloss_seed1701_deberta-v3-base_test_metrics.json
schwartz_geoloss,microsoft/deberta-v3-base,test,1701,provided,Humility,0.05614035087719298,0.016834427444635248,30.0,255.0,0.0020591667238657424,0.01750291715285881,results/logs/deberta_schwartz_geoloss_seed1701_deberta-v3-base_test_metrics.json
schwartz_geoloss,microsoft/deberta-v3-base,test,1701,provided,Benevolence: caring,0.22713864306784662,0.16889261537456957,324.0,354.0,0.022239000617750016,0.02429816734161576,results/logs/deberta_schwartz_geoloss_seed1701_deberta-v3-base_test_metrics.json
schwartz_geoloss,microsoft/deberta-v3-base,test,1701,provided,Benevolence: dependability,0.2940226171243942,0.20866539766365216,288.0,331.0,0.019768000549111125,0.02271947285331869,results/logs/deberta_schwartz_geoloss_seed1701_deberta-v3-base_test_metrics.json
schwartz_geoloss,microsoft/deberta-v3-base,test,1701,provided,Universalism: concern,0.40842105263157896,0.36447920684823915,735.0,690.0,0.05044958473471069,0.047360834648912074,results/logs/deberta_schwartz_geoloss_seed1701_deberta-v3-base_test_metrics.json
schwartz_geoloss,microsoft/deberta-v3-base,test,1701,provided,Universalism: nature,0.5297297297297298,0.49479871524178054,293.0,447.0,0.02011119500308875,0.03068158418559956,results/logs/deberta_schwartz_geoloss_seed1701_deberta-v3-base_test_metrics.json
schwartz_geoloss,microsoft/deberta-v3-base,test,1701,provided,Universalism: tolerance,0.19947506561679787,0.14938175836286757,171.0,210.0,0.011737250326034732,0.014414167067060196,results/logs/deberta_schwartz_geoloss_seed1701_deberta-v3-base_test_metrics.json
schwartz_geoloss,microsoft/deberta-v3-base,test,1984,provided,Self-direction: thought,0.1282798833819242,0.07077378263012625,171.0,515.0,0.011737250326034732,0.03534902875969524,results/logs/deberta_schwartz_geoloss_seed1984_deberta-v3-base_test_metrics.json
schwartz_geoloss,microsoft/deberta-v3-base,test,1984,provided,Self-direction: action,0.17950435365036838,0.1086546130875163,512.0,981.0,0.03514311208730867,0.06733475187040977,results/logs/deberta_schwartz_geoloss_seed1984_deberta-v3-base_test_metrics.json
schwartz_geoloss,microsoft/deberta-v3-base,test,1984,provided,Stimulation,0.24161073825503354,0.1781106656422137,371.0,523.0,0.02546502848513968,0.035898139886059444,results/logs/deberta_schwartz_geoloss_seed1984_deberta-v3-base_test_metrics.json
schwartz_geoloss,microsoft/deberta-v3-base,test,1984,provided,Hedonism,0.2376237623762376,0.17703420421259963,125.0,77.0,0.008579861349440594,0.005285194591255405,results/logs/deberta_schwartz_geoloss_seed1984_deberta-v3-base_test_metrics.json
schwartz_geoloss,microsoft/deberta-v3-base,test,1984,provided,Achievement,0.34856855851330987,0.29337005672986505,911.0,1080.0,0.06253002951472304,0.07413000205916673,results/logs/deberta_schwartz_geoloss_seed1984_deberta-v3-base_test_metrics.json
schwartz_geoloss,microsoft/deberta-v3-base,test,1984,provided,Power: dominance,0.3442838370565046,0.26805333396162867,631.0,891.0,0.04331114009197611,0.061157251698812545,results/logs/deberta_schwartz_geoloss_seed1984_deberta-v3-base_test_metrics.json
schwartz_geoloss,microsoft/deberta-v3-base,test,1984,provided,Power: resources,0.3871568171242438,0.32844509297809965,805.0,1344.0,0.05525430709039742,0.09225066922918526,results/logs/deberta_schwartz_geoloss_seed1984_deberta-v3-base_test_metrics.json
schwartz_geoloss,microsoft/deberta-v3-base,test,1984,provided,Face,0.22803738317757008,0.1332494618940123,267.0,268.0,0.018326583842405108,0.01839522273320063,results/logs/deberta_schwartz_geoloss_seed1984_deberta-v3-base_test_metrics.json
schwartz_geoloss,microsoft/deberta-v3-base,test,1984,provided,Security: personal,0.30439442658092175,0.24426069724741584,352.0,581.0,0.02416088956002471,0.039879195552199875,results/logs/deberta_schwartz_geoloss_seed1984_deberta-v3-base_test_metrics.json
schwartz_geoloss,microsoft/deberta-v3-base,test,1984,provided,Security: societal,0.42955951947579174,0.38238420206518325,1151.0,1596.0,0.07900336330564899,0.10954766970965749,results/logs/deberta_schwartz_geoloss_seed1984_deberta-v3-base_test_metrics.json
schwartz_geoloss,microsoft/deberta-v3-base,test,1984,provided,Tradition,0.4497354497354497,0.3765000860746904,196.0,182.0,0.01345322259592285,0.012492278124785504,results/logs/deberta_schwartz_geoloss_seed1984_deberta-v3-base_test_metrics.json
schwartz_geoloss,microsoft/deberta-v3-base,test,1984,provided,Conformity: rules,0.4354603019970775,0.3973320453751001,911.0,1142.0,0.06253002951472304,0.07838561328848925,results/logs/deberta_schwartz_geoloss_seed1984_deberta-v3-base_test_metrics.json
schwartz_geoloss,microsoft/deberta-v3-base,test,1984,provided,Conformity: interpersonal,0.11340206185567012,0.06821327435416474,195.0,387.0,0.013384583705127325,0.026563250737868076,results/logs/deberta_schwartz_geoloss_seed1984_deberta-v3-base_test_metrics.json
schwartz_geoloss,microsoft/deberta-v3-base,test,1984,provided,Humility,0.0,0.012963151280077918,30.0,23.0,0.0020591667238657424,0.001578694488297069,results/logs/deberta_schwartz_geoloss_seed1984_deberta-v3-base_test_metrics.json
schwartz_geoloss,microsoft/deberta-v3-base,test,1984,provided,Benevolence: caring,0.2717086834733894,0.17237763839035808,324.0,390.0,0.022239000617750016,0.02676916741025465,results/logs/deberta_schwartz_geoloss_seed1984_deberta-v3-base_test_metrics.json
schwartz_geoloss,microsoft/deberta-v3-base,test,1984,provided,Benevolence: dependability,0.2796992481203008,0.1995054333320341,288.0,377.0,0.019768000549111125,0.025876861829912827,results/logs/deberta_schwartz_geoloss_seed1984_deberta-v3-base_test_metrics.json
schwartz_geoloss,microsoft/deberta-v3-base,test,1984,provided,Universalism: concern,0.40803108808290156,0.3615422660897147,735.0,809.0,0.05044958473471069,0.055528862653579515,results/logs/deberta_schwartz_geoloss_seed1984_deberta-v3-base_test_metrics.json
schwartz_geoloss,microsoft/deberta-v3-base,test,1984,provided,Universalism: nature,0.565284178187404,0.49325263043845885,293.0,358.0,0.02011119500308875,0.02457272290479786,results/logs/deberta_schwartz_geoloss_seed1984_deberta-v3-base_test_metrics.json
schwartz_geoloss,microsoft/deberta-v3-base,test,1984,provided,Universalism: tolerance,0.2082324455205811,0.12802146503239897,171.0,242.0,0.011737250326034732,0.01661061157251699,results/logs/deberta_schwartz_geoloss_seed1984_deberta-v3-base_test_metrics.json
schwartz_geoloss,microsoft/deberta-v3-base,test,42,provided,Self-direction: thought,0.10599721059972107,0.05596593687572131,171.0,546.0,0.011737250326034732,0.03747683437435651,results/logs/deberta_schwartz_geoloss_seed42_deberta-v3-base_test_metrics.json
schwartz_geoloss,microsoft/deberta-v3-base,test,42,provided,Self-direction: action,0.18230925050641458,0.12497451478588137,512.0,969.0,0.03514311208730867,0.06651108518086347,results/logs/deberta_schwartz_geoloss_seed42_deberta-v3-base_test_metrics.json
schwartz_geoloss,microsoft/deberta-v3-base,test,42,provided,Stimulation,0.28421052631578947,0.18772008220064929,371.0,389.0,0.02546502848513968,0.026700528519459126,results/logs/deberta_schwartz_geoloss_seed42_deberta-v3-base_test_metrics.json
schwartz_geoloss,microsoft/deberta-v3-base,test,42,provided,Hedonism,0.2527881040892193,0.16859661528365397,125.0,144.0,0.008579861349440594,0.009884000274555563,results/logs/deberta_schwartz_geoloss_seed42_deberta-v3-base_test_metrics.json
schwartz_geoloss,microsoft/deberta-v3-base,test,42,provided,Achievement,0.3571027512633351,0.3025367498689689,911.0,870.0,0.06253002951472304,0.059715834992106524,results/logs/deberta_schwartz_geoloss_seed42_deberta-v3-base_test_metrics.json
schwartz_geoloss,microsoft/deberta-v3-base,test,42,provided,Power: dominance,0.3350027824151363,0.2505187978624973,631.0,1166.0,0.04331114009197611,0.08003294666758186,results/logs/deberta_schwartz_geoloss_seed42_deberta-v3-base_test_metrics.json
schwartz_geoloss,microsoft/deberta-v3-base,test,42,provided,Power: resources,0.39202375901569786,0.32358156755723383,805.0,1552.0,0.05525430709039742,0.1065275585146544,results/logs/deberta_schwartz_geoloss_seed42_deberta-v3-base_test_metrics.json
schwartz_geoloss,microsoft/deberta-v3-base,test,42,provided,Face,0.2242503259452412,0.13570596240333369,267.0,500.0,0.018326583842405108,0.034319445397762376,results/logs/deberta_schwartz_geoloss_seed42_deberta-v3-base_test_metrics.json
schwartz_geoloss,microsoft/deberta-v3-base,test,42,provided,Security: personal,0.3514450867052023,0.27198405503489015,352.0,513.0,0.02416088956002471,0.035211750978104195,results/logs/deberta_schwartz_geoloss_seed42_deberta-v3-base_test_metrics.json
schwartz_geoloss,microsoft/deberta-v3-base,test,42,provided,Security: societal,0.4324697754749568,0.39452363311674743,1151.0,1744.0,0.07900336330564899,0.11970622554739516,results/logs/deberta_schwartz_geoloss_seed42_deberta-v3-base_test_metrics.json
schwartz_geoloss,microsoft/deberta-v3-base,test,42,provided,Tradition,0.4460784313725491,0.4015108961697377,196.0,212.0,0.01345322259592285,0.014551444848651245,results/logs/deberta_schwartz_geoloss_seed42_deberta-v3-base_test_metrics.json
schwartz_geoloss,microsoft/deberta-v3-base,test,42,provided,Conformity: rules,0.43393466601657726,0.38240405233645514,911.0,1140.0,0.06253002951472304,0.0782483355068982,results/logs/deberta_schwartz_geoloss_seed42_deberta-v3-base_test_metrics.json
schwartz_geoloss,microsoft/deberta-v3-base,test,42,provided,Conformity: interpersonal,0.0712166172106825,0.054074117691659415,195.0,142.0,0.013384583705127325,0.009746722492964514,results/logs/deberta_schwartz_geoloss_seed42_deberta-v3-base_test_metrics.json
schwartz_geoloss,microsoft/deberta-v3-base,test,42,provided,Humility,0.024242424242424242,0.010693066588280111,30.0,630.0,0.0020591667238657424,0.04324250120118059,results/logs/deberta_schwartz_geoloss_seed42_deberta-v3-base_test_metrics.json
schwartz_geoloss,microsoft/deberta-v3-base,test,42,provided,Benevolence: caring,0.24150943396226418,0.16155749841434336,324.0,471.0,0.022239000617750016,0.03232891756469215,results/logs/deberta_schwartz_geoloss_seed42_deberta-v3-base_test_metrics.json
schwartz_geoloss,microsoft/deberta-v3-base,test,42,provided,Benevolence: dependability,0.28443113772455086,0.19438096180501968,288.0,380.0,0.019768000549111125,0.026082778502299404,results/logs/deberta_schwartz_geoloss_seed42_deberta-v3-base_test_metrics.json
schwartz_geoloss,microsoft/deberta-v3-base,test,42,provided,Universalism: concern,0.4166134185303515,0.3622926345691884,735.0,830.0,0.05044958473471069,0.056970279360285536,results/logs/deberta_schwartz_geoloss_seed42_deberta-v3-base_test_metrics.json
schwartz_geoloss,microsoft/deberta-v3-base,test,42,provided,Universalism: nature,0.5624103299856528,0.49282224138223923,293.0,404.0,0.02011119500308875,0.027730111881391996,results/logs/deberta_schwartz_geoloss_seed42_deberta-v3-base_test_metrics.json
schwartz_geoloss,microsoft/deberta-v3-base,test,42,provided,Universalism: tolerance,0.19580419580419578,0.11179590721293785,171.0,258.0,0.011737250326034732,0.017708833825245383,results/logs/deberta_schwartz_geoloss_seed42_deberta-v3-base_test_metrics.json
schwartz_geoloss,microsoft/deberta-v3-base,test,7,provided,Self-direction: thought,0.09142857142857141,0.050214144729861146,171.0,179.0,0.011737250326034732,0.01228636145239893,results/logs/deberta_schwartz_geoloss_seed7_deberta-v3-base_test_metrics.json
schwartz_geoloss,microsoft/deberta-v3-base,test,7,provided,Self-direction: action,0.19366515837104073,0.13287482326186237,512.0,593.0,0.03514311208730867,0.04070286224174617,results/logs/deberta_schwartz_geoloss_seed7_deberta-v3-base_test_metrics.json
schwartz_geoloss,microsoft/deberta-v3-base,test,7,provided,Stimulation,0.24925816023738875,0.19542162740657287,371.0,303.0,0.02546502848513968,0.020797583911044,results/logs/deberta_schwartz_geoloss_seed7_deberta-v3-base_test_metrics.json
schwartz_geoloss,microsoft/deberta-v3-base,test,7,provided,Hedonism,0.28695652173913044,0.19002863211901888,125.0,105.0,0.008579861349440594,0.007207083533530098,results/logs/deberta_schwartz_geoloss_seed7_deberta-v3-base_test_metrics.json
schwartz_geoloss,microsoft/deberta-v3-base,test,7,provided,Achievement,0.3487712665406427,0.3133282393905442,911.0,1205.0,0.06253002951472304,0.08270986340860732,results/logs/deberta_schwartz_geoloss_seed7_deberta-v3-base_test_metrics.json
schwartz_geoloss,microsoft/deberta-v3-base,test,7,provided,Power: dominance,0.34705882352941175,0.27987852240037414,631.0,729.0,0.04331114009197611,0.05003775138993754,results/logs/deberta_schwartz_geoloss_seed7_deberta-v3-base_test_metrics.json
schwartz_geoloss,microsoft/deberta-v3-base,test,7,provided,Power: resources,0.38614365766683645,0.3250909177564153,805.0,1158.0,0.05525430709039742,0.07948383554121766,results/logs/deberta_schwartz_geoloss_seed7_deberta-v3-base_test_metrics.json
schwartz_geoloss,microsoft/deberta-v3-base,test,7,provided,Face,0.24110671936758896,0.15474384324496404,267.0,239.0,0.018326583842405108,0.016404694900130416,results/logs/deberta_schwartz_geoloss_seed7_deberta-v3-base_test_metrics.json
schwartz_geoloss,microsoft/deberta-v3-base,test,7,provided,Security: personal,0.3440559440559441,0.2807028508381688,352.0,363.0,0.02416088956002471,0.02491591735877548,results/logs/deberta_schwartz_geoloss_seed7_deberta-v3-base_test_metrics.json
schwartz_geoloss,microsoft/deberta-v3-base,test,7,provided,Security: societal,0.4234577303884235,0.3882435553241275,1151.0,1475.0,0.07900336330564899,0.101242363923399,results/logs/deberta_schwartz_geoloss_seed7_deberta-v3-base_test_metrics.json
schwartz_geoloss,microsoft/deberta-v3-base,test,7,provided,Tradition,0.44799999999999995,0.37693112714799387,196.0,179.0,0.01345322259592285,0.01228636145239893,results/logs/deberta_schwartz_geoloss_seed7_deberta-v3-base_test_metrics.json
schwartz_geoloss,microsoft/deberta-v3-base,test,7,provided,Conformity: rules,0.43785310734463273,0.39339603440287707,911.0,1213.0,0.06253002951472304,0.08325897453497151,results/logs/deberta_schwartz_geoloss_seed7_deberta-v3-base_test_metrics.json
schwartz_geoloss,microsoft/deberta-v3-base,test,7,provided,Conformity: interpersonal,0.12277867528271404,0.06274424940439124,195.0,424.0,0.013384583705127325,0.02910288969730249,results/logs/deberta_schwartz_geoloss_seed7_deberta-v3-base_test_metrics.json
schwartz_geoloss,microsoft/deberta-v3-base,test,7,provided,Humility,0.02666666666666667,0.013627618713240603,30.0,195.0,0.0020591667238657424,0.013384583705127325,results/logs/deberta_schwartz_geoloss_seed7_deberta-v3-base_test_metrics.json
schwartz_geoloss,microsoft/deberta-v3-base,test,7,provided,Benevolence: caring,0.22222222222222224,0.14735321802363532,324.0,594.0,0.022239000617750016,0.0407715011325417,results/logs/deberta_schwartz_geoloss_seed7_deberta-v3-base_test_metrics.json
schwartz_geoloss,microsoft/deberta-v3-base,test,7,provided,Benevolence: dependability,0.28059701492537314,0.20574834842002146,288.0,382.0,0.019768000549111125,0.02622005628389045,results/logs/deberta_schwartz_geoloss_seed7_deberta-v3-base_test_metrics.json
schwartz_geoloss,microsoft/deberta-v3-base,test,7,provided,Universalism: concern,0.392112676056338,0.3440623570546177,735.0,1040.0,0.05044958473471069,0.07138444642734573,results/logs/deberta_schwartz_geoloss_seed7_deberta-v3-base_test_metrics.json
schwartz_geoloss,microsoft/deberta-v3-base,test,7,provided,Universalism: nature,0.525502318392581,0.4972720788416512,293.0,354.0,0.02011119500308875,0.02429816734161576,results/logs/deberta_schwartz_geoloss_seed7_deberta-v3-base_test_metrics.json
schwartz_geoloss,microsoft/deberta-v3-base,test,7,provided,Universalism: tolerance,0.2359249329758713,0.14199432800335257,171.0,202.0,0.011737250326034732,0.013865055940695998,results/logs/deberta_schwartz_geoloss_seed7_deberta-v3-base_test_metrics.json
schwartz_geosmooth,microsoft/deberta-v3-base,test,11,provided,Self-direction: thought,0.044605809128630707,0.027719088133649514,171.0,1757.0,0.011737250326034732,0.12059853112773698,results/logs/deberta_schwartz_geosmooth_seed11_deberta-v3-base_test_metrics.json
schwartz_geosmooth,microsoft/deberta-v3-base,test,11,provided,Self-direction: action,0.1013011152416357,0.05669380998182625,512.0,1640.0,0.03514311208730867,0.11256778090466057,results/logs/deberta_schwartz_geosmooth_seed11_deberta-v3-base_test_metrics.json
schwartz_geosmooth,microsoft/deberta-v3-base,test,11,provided,Stimulation,0.1662531017369727,0.11629207320463081,371.0,435.0,0.02546502848513968,0.029857917496053262,results/logs/deberta_schwartz_geosmooth_seed11_deberta-v3-base_test_metrics.json
schwartz_geosmooth,microsoft/deberta-v3-base,test,11,provided,Hedonism,0.03360790774299836,0.016352110867480625,125.0,2910.0,0.008579861349440594,0.199739172214977,results/logs/deberta_schwartz_geosmooth_seed11_deberta-v3-base_test_metrics.json
schwartz_geosmooth,microsoft/deberta-v3-base,test,11,provided,Achievement,0.30912659470068693,0.24346358396942855,911.0,1127.0,0.06253002951472304,0.07735602992655638,results/logs/deberta_schwartz_geosmooth_seed11_deberta-v3-base_test_metrics.json
schwartz_geosmooth,microsoft/deberta-v3-base,test,11,provided,Power: dominance,0.15222906850308082,0.0883103279968315,631.0,2128.0,0.04331114009197611,0.14606355961287665,results/logs/deberta_schwartz_geosmooth_seed11_deberta-v3-base_test_metrics.json
schwartz_geosmooth,microsoft/deberta-v3-base,test,11,provided,Power: resources,0.2611111111111111,0.1817378317557994,805.0,1355.0,0.05525430709039742,0.09300569702793603,results/logs/deberta_schwartz_geosmooth_seed11_deberta-v3-base_test_metrics.json
schwartz_geosmooth,microsoft/deberta-v3-base,test,11,provided,Face,0.05580029368575624,0.027243663513724786,267.0,2457.0,0.018326583842405108,0.1686457546846043,results/logs/deberta_schwartz_geosmooth_seed11_deberta-v3-base_test_metrics.json
schwartz_geosmooth,microsoft/deberta-v3-base,test,11,provided,Security: personal,0.12128146453089245,0.0674484560716448,352.0,2270.0,0.02416088956002471,0.15581028210584116,results/logs/deberta_schwartz_geosmooth_seed11_deberta-v3-base_test_metrics.json
schwartz_geosmooth,microsoft/deberta-v3-base,test,11,provided,Security: societal,0.3539518900343643,0.31786620108663727,1151.0,1177.0,0.07900336330564899,0.08078797446633262,results/logs/deberta_schwartz_geosmooth_seed11_deberta-v3-base_test_metrics.json
schwartz_geosmooth,microsoft/deberta-v3-base,test,11,provided,Tradition,0.041222788327929596,0.019975958005924083,196.0,4122.0,0.01345322259592285,0.282929507859153,results/logs/deberta_schwartz_geosmooth_seed11_deberta-v3-base_test_metrics.json
schwartz_geosmooth,microsoft/deberta-v3-base,test,11,provided,Conformity: rules,0.32144321443214435,0.22494362563905101,911.0,1528.0,0.06253002951472304,0.1048802251355618,results/logs/deberta_schwartz_geosmooth_seed11_deberta-v3-base_test_metrics.json
schwartz_geosmooth,microsoft/deberta-v3-base,test,11,provided,Conformity: interpersonal,0.04439890710382514,0.02198837375611655,195.0,2733.0,0.013384583705127325,0.18759008854416911,results/logs/deberta_schwartz_geosmooth_seed11_deberta-v3-base_test_metrics.json
schwartz_geosmooth,microsoft/deberta-v3-base,test,11,provided,Humility,0.005361930294906166,0.0031290628593376732,30.0,343.0,0.0020591667238657424,0.023543139542864987,results/logs/deberta_schwartz_geosmooth_seed11_deberta-v3-base_test_metrics.json
schwartz_geosmooth,microsoft/deberta-v3-base,test,11,provided,Benevolence: caring,0.12396694214876032,0.06330710943314885,324.0,1854.0,0.022239000617750016,0.12725650353490287,results/logs/deberta_schwartz_geosmooth_seed11_deberta-v3-base_test_metrics.json
schwartz_geosmooth,microsoft/deberta-v3-base,test,11,provided,Benevolence: dependability,0.11085714285714286,0.0666129061925599,288.0,1462.0,0.019768000549111125,0.10035005834305717,results/logs/deberta_schwartz_geosmooth_seed11_deberta-v3-base_test_metrics.json
schwartz_geosmooth,microsoft/deberta-v3-base,test,11,provided,Universalism: concern,0.3550962893377172,0.274285787316105,735.0,1394.0,0.05044958473471069,0.09568261376896149,results/logs/deberta_schwartz_geosmooth_seed11_deberta-v3-base_test_metrics.json
schwartz_geosmooth,microsoft/deberta-v3-base,test,11,provided,Universalism: nature,0.30309734513274333,0.23200709126131605,293.0,611.0,0.02011119500308875,0.04193836227606562,results/logs/deberta_schwartz_geosmooth_seed11_deberta-v3-base_test_metrics.json
schwartz_geosmooth,microsoft/deberta-v3-base,test,11,provided,Universalism: tolerance,0.07183364839319471,0.04125364659701372,171.0,358.0,0.011737250326034732,0.02457272290479786,results/logs/deberta_schwartz_geosmooth_seed11_deberta-v3-base_test_metrics.json
schwartz_geosmooth,microsoft/deberta-v3-base,test,1701,provided,Self-direction: thought,0.06783493499152064,0.04059222118141736,171.0,1598.0,0.011737250326034732,0.10968494749124855,results/logs/deberta_schwartz_geosmooth_seed1701_deberta-v3-base_test_metrics.json
schwartz_geosmooth,microsoft/deberta-v3-base,test,1701,provided,Self-direction: action,0.1289437585733882,0.07457531834238393,512.0,946.0,0.03514311208730867,0.06493239069256641,results/logs/deberta_schwartz_geosmooth_seed1701_deberta-v3-base_test_metrics.json
schwartz_geosmooth,microsoft/deberta-v3-base,test,1701,provided,Stimulation,0.17201166180758015,0.12675670513814563,371.0,315.0,0.02546502848513968,0.021621250600590294,results/logs/deberta_schwartz_geosmooth_seed1701_deberta-v3-base_test_metrics.json
schwartz_geosmooth,microsoft/deberta-v3-base,test,1701,provided,Hedonism,0.04113924050632912,0.022155062253505442,125.0,1771.0,0.008579861349440594,0.12155947559887433,results/logs/deberta_schwartz_geosmooth_seed1701_deberta-v3-base_test_metrics.json
schwartz_geosmooth,microsoft/deberta-v3-base,test,1701,provided,Achievement,0.28007448789571693,0.2078531089380751,911.0,1774.0,0.06253002951472304,0.1217653922712609,results/logs/deberta_schwartz_geosmooth_seed1701_deberta-v3-base_test_metrics.json
schwartz_geosmooth,microsoft/deberta-v3-base,test,1701,provided,Power: dominance,0.20220588235294115,0.12299297039552948,631.0,1545.0,0.04331114009197611,0.10604708627908573,results/logs/deberta_schwartz_geosmooth_seed1701_deberta-v3-base_test_metrics.json
schwartz_geosmooth,microsoft/deberta-v3-base,test,1701,provided,Power: resources,0.27871084884248754,0.19827533178043993,805.0,1398.0,0.05525430709039742,0.0959571693321436,results/logs/deberta_schwartz_geosmooth_seed1701_deberta-v3-base_test_metrics.json
schwartz_geosmooth,microsoft/deberta-v3-base,test,1701,provided,Face,0.047777316161196515,0.028130846390218654,267.0,4547.0,0.018326583842405108,0.312101036447251,results/logs/deberta_schwartz_geosmooth_seed1701_deberta-v3-base_test_metrics.json
schwartz_geosmooth,microsoft/deberta-v3-base,test,1701,provided,Security: personal,0.19123997532387416,0.1034333175565329,352.0,1269.0,0.02416088956002471,0.0871027524195209,results/logs/deberta_schwartz_geosmooth_seed1701_deberta-v3-base_test_metrics.json
schwartz_geosmooth,microsoft/deberta-v3-base,test,1701,provided,Security: societal,0.3885918003565062,0.340547510140038,1151.0,1654.0,0.07900336330564899,0.11352872537579793,results/logs/deberta_schwartz_geosmooth_seed1701_deberta-v3-base_test_metrics.json
schwartz_geosmooth,microsoft/deberta-v3-base,test,1701,provided,Tradition,0.05199870003249919,0.02727145937994066,196.0,2881.0,0.01345322259592285,0.19774864438190679,results/logs/deberta_schwartz_geosmooth_seed1701_deberta-v3-base_test_metrics.json
schwartz_geosmooth,microsoft/deberta-v3-base,test,1701,provided,Conformity: rules,0.385809312638581,0.3351494274321847,911.0,893.0,0.06253002951472304,0.0612945294804036,results/logs/deberta_schwartz_geosmooth_seed1701_deberta-v3-base_test_metrics.json
schwartz_geosmooth,microsoft/deberta-v3-base,test,1701,provided,Conformity: interpersonal,0.04272230501738699,0.02088611713074359,195.0,1818.0,0.013384583705127325,0.12478550346626399,results/logs/deberta_schwartz_geosmooth_seed1701_deberta-v3-base_test_metrics.json
schwartz_geosmooth,microsoft/deberta-v3-base,test,1701,provided,Humility,0.005031446540880503,0.0030138302308094196,30.0,765.0,0.0020591667238657424,0.052508751458576426,results/logs/deberta_schwartz_geosmooth_seed1701_deberta-v3-base_test_metrics.json
schwartz_geosmooth,microsoft/deberta-v3-base,test,1701,provided,Benevolence: caring,0.12924281984334204,0.07110844120548591,324.0,1208.0,0.022239000617750016,0.08291578008099389,results/logs/deberta_schwartz_geosmooth_seed1701_deberta-v3-base_test_metrics.json
schwartz_geosmooth,microsoft/deberta-v3-base,test,1701,provided,Benevolence: dependability,0.10829899941141846,0.06286203197941542,288.0,1411.0,0.019768000549111125,0.09684947491248541,results/logs/deberta_schwartz_geosmooth_seed1701_deberta-v3-base_test_metrics.json
schwartz_geosmooth,microsoft/deberta-v3-base,test,1701,provided,Universalism: concern,0.37955410549211527,0.31097444810602853,735.0,1104.0,0.05044958473471069,0.07577733543825932,results/logs/deberta_schwartz_geosmooth_seed1701_deberta-v3-base_test_metrics.json
schwartz_geosmooth,microsoft/deberta-v3-base,test,1701,provided,Universalism: nature,0.30492196878751504,0.2084993192172479,293.0,540.0,0.02011119500308875,0.037065001029583364,results/logs/deberta_schwartz_geosmooth_seed1701_deberta-v3-base_test_metrics.json
schwartz_geosmooth,microsoft/deberta-v3-base,test,1701,provided,Universalism: tolerance,0.09248554913294799,0.050927599821461826,171.0,175.0,0.011737250326034732,0.01201180588921683,results/logs/deberta_schwartz_geosmooth_seed1701_deberta-v3-base_test_metrics.json
schwartz_geosmooth,microsoft/deberta-v3-base,test,1984,provided,Self-direction: thought,0.057866184448462935,0.03690089907740427,171.0,382.0,0.011737250326034732,0.02622005628389045,results/logs/deberta_schwartz_geosmooth_seed1984_deberta-v3-base_test_metrics.json
schwartz_geosmooth,microsoft/deberta-v3-base,test,1984,provided,Self-direction: action,0.13903743315508021,0.08445306959283432,512.0,610.0,0.03514311208730867,0.04186972338527009,results/logs/deberta_schwartz_geosmooth_seed1984_deberta-v3-base_test_metrics.json
schwartz_geosmooth,microsoft/deberta-v3-base,test,1984,provided,Stimulation,0.14409221902017288,0.10204489449629914,371.0,323.0,0.02546502848513968,0.022170361726954493,results/logs/deberta_schwartz_geosmooth_seed1984_deberta-v3-base_test_metrics.json
schwartz_geosmooth,microsoft/deberta-v3-base,test,1984,provided,Hedonism,0.05876180482686253,0.02090740469066534,125.0,828.0,0.008579861349440594,0.05683300157869449,results/logs/deberta_schwartz_geosmooth_seed1984_deberta-v3-base_test_metrics.json
schwartz_geosmooth,microsoft/deberta-v3-base,test,1984,provided,Achievement,0.28684080827994085,0.22773532064261806,911.0,1118.0,0.06253002951472304,0.07673827990939666,results/logs/deberta_schwartz_geosmooth_seed1984_deberta-v3-base_test_metrics.json
schwartz_geosmooth,microsoft/deberta-v3-base,test,1984,provided,Power: dominance,0.17444876783398183,0.10455358279902272,631.0,2453.0,0.04331114009197611,0.1683711991214222,results/logs/deberta_schwartz_geosmooth_seed1984_deberta-v3-base_test_metrics.json
schwartz_geosmooth,microsoft/deberta-v3-base,test,1984,provided,Power: resources,0.2668849774866967,0.1975040535432727,805.0,1638.0,0.05525430709039742,0.11243050312306953,results/logs/deberta_schwartz_geosmooth_seed1984_deberta-v3-base_test_metrics.json
schwartz_geosmooth,microsoft/deberta-v3-base,test,1984,provided,Face,0.051683262209578,0.02698931972811139,267.0,3951.0,0.018326583842405108,0.27119225753311826,results/logs/deberta_schwartz_geosmooth_seed1984_deberta-v3-base_test_metrics.json
schwartz_geosmooth,microsoft/deberta-v3-base,test,1984,provided,Security: personal,0.11633109619686799,0.07441202325434841,352.0,1883.0,0.02416088956002471,0.12924703136797308,results/logs/deberta_schwartz_geosmooth_seed1984_deberta-v3-base_test_metrics.json
schwartz_geosmooth,microsoft/deberta-v3-base,test,1984,provided,Security: societal,0.35352112676056335,0.3207853602976168,1151.0,1689.0,0.07900336330564899,0.11593108655364129,results/logs/deberta_schwartz_geosmooth_seed1984_deberta-v3-base_test_metrics.json
schwartz_geosmooth,microsoft/deberta-v3-base,test,1984,provided,Tradition,0.05801011804384486,0.02756651612602368,196.0,2769.0,0.01345322259592285,0.19006108861280802,results/logs/deberta_schwartz_geosmooth_seed1984_deberta-v3-base_test_metrics.json
schwartz_geosmooth,microsoft/deberta-v3-base,test,1984,provided,Conformity: rules,0.33575883575883575,0.28594088499390974,911.0,1013.0,0.06253002951472304,0.06953119637586656,results/logs/deberta_schwartz_geosmooth_seed1984_deberta-v3-base_test_metrics.json
schwartz_geosmooth,microsoft/deberta-v3-base,test,1984,provided,Conformity: interpersonal,0.04200542005420054,0.02257955120277533,195.0,1281.0,0.013384583705127325,0.08792641910906719,results/logs/deberta_schwartz_geosmooth_seed1984_deberta-v3-base_test_metrics.json
schwartz_geosmooth,microsoft/deberta-v3-base,test,1984,provided,Humility,0.008862629246676513,0.003285954827047163,30.0,647.0,0.0020591667238657424,0.04440936234470451,results/logs/deberta_schwartz_geosmooth_seed1984_deberta-v3-base_test_metrics.json
schwartz_geosmooth,microsoft/deberta-v3-base,test,1984,provided,Benevolence: caring,0.13879598662207357,0.06789299957707312,324.0,872.0,0.022239000617750016,0.05985311277369758,results/logs/deberta_schwartz_geosmooth_seed1984_deberta-v3-base_test_metrics.json
schwartz_geosmooth,microsoft/deberta-v3-base,test,1984,provided,Benevolence: dependability,0.1703349282296651,0.11660478857487264,288.0,757.0,0.019768000549111125,0.05195964033221223,results/logs/deberta_schwartz_geosmooth_seed1984_deberta-v3-base_test_metrics.json
schwartz_geosmooth,microsoft/deberta-v3-base,test,1984,provided,Universalism: concern,0.3696229421136484,0.3016828321341645,735.0,1148.0,0.05044958473471069,0.07879744663326241,results/logs/deberta_schwartz_geosmooth_seed1984_deberta-v3-base_test_metrics.json
schwartz_geosmooth,microsoft/deberta-v3-base,test,1984,provided,Universalism: nature,0.2919075144508671,0.2045644702301677,293.0,399.0,0.02011119500308875,0.02738691742741437,results/logs/deberta_schwartz_geosmooth_seed1984_deberta-v3-base_test_metrics.json
schwartz_geosmooth,microsoft/deberta-v3-base,test,1984,provided,Universalism: tolerance,0.0997067448680352,0.0701598761916668,171.0,170.0,0.011737250326034732,0.011668611435239206,results/logs/deberta_schwartz_geosmooth_seed1984_deberta-v3-base_test_metrics.json
schwartz_geosmooth,microsoft/deberta-v3-base,test,42,provided,Self-direction: thought,0.07717041800643086,0.038369497521719385,171.0,451.0,0.011737250326034732,0.03095613974878166,results/logs/deberta_schwartz_geosmooth_seed42_deberta-v3-base_test_metrics.json
schwartz_geosmooth,microsoft/deberta-v3-base,test,42,provided,Self-direction: action,0.11916726489590812,0.06853710398923067,512.0,881.0,0.03514311208730867,0.0604708627908573,results/logs/deberta_schwartz_geosmooth_seed42_deberta-v3-base_test_metrics.json
schwartz_geosmooth,microsoft/deberta-v3-base,test,42,provided,Stimulation,0.15,0.1143979908255893,371.0,429.0,0.02546502848513968,0.029446084151280114,results/logs/deberta_schwartz_geosmooth_seed42_deberta-v3-base_test_metrics.json
schwartz_geosmooth,microsoft/deberta-v3-base,test,42,provided,Hedonism,0.04513888888888889,0.019098909795960742,125.0,1027.0,0.008579861349440594,0.0704921408470039,results/logs/deberta_schwartz_geosmooth_seed42_deberta-v3-base_test_metrics.json
schwartz_geosmooth,microsoft/deberta-v3-base,test,42,provided,Achievement,0.2913973147687718,0.22364530615678715,911.0,1100.0,0.06253002951472304,0.07550277987507722,results/logs/deberta_schwartz_geosmooth_seed42_deberta-v3-base_test_metrics.json
schwartz_geosmooth,microsoft/deberta-v3-base,test,42,provided,Power: dominance,0.17318647930117737,0.11826914600373525,631.0,2002.0,0.04331114009197611,0.13741505937264054,results/logs/deberta_schwartz_geosmooth_seed42_deberta-v3-base_test_metrics.json
schwartz_geosmooth,microsoft/deberta-v3-base,test,42,provided,Power: resources,0.25,0.1697612215069373,805.0,1779.0,0.05525430709039742,0.12210858672523853,results/logs/deberta_schwartz_geosmooth_seed42_deberta-v3-base_test_metrics.json
schwartz_geosmooth,microsoft/deberta-v3-base,test,42,provided,Face,0.052149619742356046,0.03010925167317196,267.0,6176.0,0.018326583842405108,0.42391378955316084,results/logs/deberta_schwartz_geosmooth_seed42_deberta-v3-base_test_metrics.json
schwartz_geosmooth,microsoft/deberta-v3-base,test,42,provided,Security: personal,0.14782226132864057,0.08409640762408017,352.0,1921.0,0.02416088956002471,0.13185530921820304,results/logs/deberta_schwartz_geosmooth_seed42_deberta-v3-base_test_metrics.json
schwartz_geosmooth,microsoft/deberta-v3-base,test,42,provided,Security: societal,0.3827160493827161,0.32962098226003306,1151.0,1117.0,0.07900336330564899,0.07666964101860115,results/logs/deberta_schwartz_geosmooth_seed42_deberta-v3-base_test_metrics.json
schwartz_geosmooth,microsoft/deberta-v3-base,test,42,provided,Tradition,0.04800339847068819,0.0245989249565134,196.0,4512.0,0.01345322259592285,0.30969867526940764,results/logs/deberta_schwartz_geosmooth_seed42_deberta-v3-base_test_metrics.json
schwartz_geosmooth,microsoft/deberta-v3-base,test,42,provided,Conformity: rules,0.34375,0.30544725992481087,911.0,1201.0,0.06253002951472304,0.08243530784542522,results/logs/deberta_schwartz_geosmooth_seed42_deberta-v3-base_test_metrics.json
schwartz_geosmooth,microsoft/deberta-v3-base,test,42,provided,Conformity: interpersonal,0.04738489047831918,0.022412446144175736,195.0,2042.0,0.013384583705127325,0.14016061500446153,results/logs/deberta_schwartz_geosmooth_seed42_deberta-v3-base_test_metrics.json
schwartz_geosmooth,microsoft/deberta-v3-base,test,42,provided,Humility,0.0061162079510703364,0.0030764341046409295,30.0,297.0,0.0020591667238657424,0.02038575056627085,results/logs/deberta_schwartz_geosmooth_seed42_deberta-v3-base_test_metrics.json
schwartz_geosmooth,microsoft/deberta-v3-base,test,42,provided,Benevolence: caring,0.14396456256921372,0.07148025486240239,324.0,1482.0,0.022239000617750016,0.10172283615896767,results/logs/deberta_schwartz_geosmooth_seed42_deberta-v3-base_test_metrics.json
schwartz_geosmooth,microsoft/deberta-v3-base,test,42,provided,Benevolence: dependability,0.13390557939914163,0.07955008998332201,288.0,877.0,0.019768000549111125,0.0601963072276752,results/logs/deberta_schwartz_geosmooth_seed42_deberta-v3-base_test_metrics.json
schwartz_geosmooth,microsoft/deberta-v3-base,test,42,provided,Universalism: concern,0.36582568807339444,0.3002858853938332,735.0,1009.0,0.05044958473471069,0.06925664081268447,results/logs/deberta_schwartz_geosmooth_seed42_deberta-v3-base_test_metrics.json
schwartz_geosmooth,microsoft/deberta-v3-base,test,42,provided,Universalism: nature,0.2759407069555302,0.21311812484172477,293.0,584.0,0.02011119500308875,0.04008511222458645,results/logs/deberta_schwartz_geosmooth_seed42_deberta-v3-base_test_metrics.json
schwartz_geosmooth,microsoft/deberta-v3-base,test,42,provided,Universalism: tolerance,0.11976047904191618,0.05484418617387581,171.0,497.0,0.011737250326034732,0.0341135287253758,results/logs/deberta_schwartz_geosmooth_seed42_deberta-v3-base_test_metrics.json
schwartz_geosmooth,microsoft/deberta-v3-base,test,7,provided,Self-direction: thought,0.06301824212271973,0.03248761699496444,171.0,432.0,0.011737250326034732,0.029652000823666688,results/logs/deberta_schwartz_geosmooth_seed7_deberta-v3-base_test_metrics.json
schwartz_geosmooth,microsoft/deberta-v3-base,test,7,provided,Self-direction: action,0.1111111111111111,0.06540956719499891,512.0,1306.0,0.03514311208730867,0.08964239137895531,results/logs/deberta_schwartz_geosmooth_seed7_deberta-v3-base_test_metrics.json
schwartz_geosmooth,microsoft/deberta-v3-base,test,7,provided,Stimulation,0.1611940298507463,0.11059853300480436,371.0,299.0,0.02546502848513968,0.020523028347861898,results/logs/deberta_schwartz_geosmooth_seed7_deberta-v3-base_test_metrics.json
schwartz_geosmooth,microsoft/deberta-v3-base,test,7,provided,Hedonism,0.028639618138424822,0.013199671923187457,125.0,294.0,0.008579861349440594,0.020179833893884273,results/logs/deberta_schwartz_geosmooth_seed7_deberta-v3-base_test_metrics.json
schwartz_geosmooth,microsoft/deberta-v3-base,test,7,provided,Achievement,0.24856439704675962,0.20035901514251053,911.0,1527.0,0.06253002951472304,0.10481158624476629,results/logs/deberta_schwartz_geosmooth_seed7_deberta-v3-base_test_metrics.json
schwartz_geosmooth,microsoft/deberta-v3-base,test,7,provided,Power: dominance,0.17557522123893804,0.10269808164875649,631.0,2194.0,0.04331114009197611,0.1505937264053813,results/logs/deberta_schwartz_geosmooth_seed7_deberta-v3-base_test_metrics.json
schwartz_geosmooth,microsoft/deberta-v3-base,test,7,provided,Power: resources,0.2948402948402948,0.22235212366831428,805.0,1230.0,0.05525430709039742,0.08442583567849543,results/logs/deberta_schwartz_geosmooth_seed7_deberta-v3-base_test_metrics.json
schwartz_geosmooth,microsoft/deberta-v3-base,test,7,provided,Face,0.0485067147724995,0.026094275267423216,267.0,4722.0,0.018326583842405108,0.32411284233646787,results/logs/deberta_schwartz_geosmooth_seed7_deberta-v3-base_test_metrics.json
schwartz_geosmooth,microsoft/deberta-v3-base,test,7,provided,Security: personal,0.10133136094674555,0.06633273405255374,352.0,2352.0,0.02416088956002471,0.1614386711510742,results/logs/deberta_schwartz_geosmooth_seed7_deberta-v3-base_test_metrics.json
schwartz_geosmooth,microsoft/deberta-v3-base,test,7,provided,Security: societal,0.33439153439153435,0.3037226976646438,1151.0,1684.0,0.07900336330564899,0.11558789209966366,results/logs/deberta_schwartz_geosmooth_seed7_deberta-v3-base_test_metrics.json
schwartz_geosmooth,microsoft/deberta-v3-base,test,7,provided,Tradition,0.062417582417582426,0.030540776593921008,196.0,2079.0,0.01345322259592285,0.14270025396389593,results/logs/deberta_schwartz_geosmooth_seed7_deberta-v3-base_test_metrics.json
schwartz_geosmooth,microsoft/deberta-v3-base,test,7,provided,Conformity: rules,0.3667054714784634,0.3164554560757303,911.0,807.0,0.06253002951472304,0.05539158487198847,results/logs/deberta_schwartz_geosmooth_seed7_deberta-v3-base_test_metrics.json
schwartz_geosmooth,microsoft/deberta-v3-base,test,7,provided,Conformity: interpersonal,0.044515103338632754,0.021520338451819703,195.0,3579.0,0.013384583705127325,0.24565859015718305,results/logs/deberta_schwartz_geosmooth_seed7_deberta-v3-base_test_metrics.json
schwartz_geosmooth,microsoft/deberta-v3-base,test,7,provided,Humility,0.0,0.0038332146612898455,30.0,46.0,0.0020591667238657424,0.003157388976594138,results/logs/deberta_schwartz_geosmooth_seed7_deberta-v3-base_test_metrics.json
schwartz_geosmooth,microsoft/deberta-v3-base,test,7,provided,Benevolence: caring,0.14305364511691884,0.07531809110832063,324.0,1130.0,0.022239000617750016,0.07756194659894296,results/logs/deberta_schwartz_geosmooth_seed7_deberta-v3-base_test_metrics.json
schwartz_geosmooth,microsoft/deberta-v3-base,test,7,provided,Benevolence: dependability,0.19215686274509805,0.11403588559275574,288.0,732.0,0.019768000549111125,0.05024366806232411,results/logs/deberta_schwartz_geosmooth_seed7_deberta-v3-base_test_metrics.json
schwartz_geosmooth,microsoft/deberta-v3-base,test,7,provided,Universalism: concern,0.3795811518324608,0.3148819802306026,735.0,793.0,0.05044958473471069,0.054430640400851125,results/logs/deberta_schwartz_geosmooth_seed7_deberta-v3-base_test_metrics.json
schwartz_geosmooth,microsoft/deberta-v3-base,test,7,provided,Universalism: nature,0.23280423280423282,0.1433682679480902,293.0,652.0,0.02011119500308875,0.04475255679868213,results/logs/deberta_schwartz_geosmooth_seed7_deberta-v3-base_test_metrics.json
schwartz_geosmooth,microsoft/deberta-v3-base,test,7,provided,Universalism: tolerance,0.08588957055214723,0.050635998072732655,171.0,155.0,0.011737250326034732,0.010639028073306335,results/logs/deberta_schwartz_geosmooth_seed7_deberta-v3-base_test_metrics.json
