method,model_name,split,seed,threshold_source,threshold_mode,source_file,label,threshold
asl,microsoft/deberta-v3-base,test,11,provided,provided,results/logs/deberta_asl_seed11_deberta-v3-base_test_metrics.json,Self-direction: thought,0.35000000000000003
asl,microsoft/deberta-v3-base,test,11,provided,provided,results/logs/deberta_asl_seed11_deberta-v3-base_test_metrics.json,Self-direction: action,0.43
asl,microsoft/deberta-v3-base,test,11,provided,provided,results/logs/deberta_asl_seed11_deberta-v3-base_test_metrics.json,Stimulation,0.36
asl,microsoft/deberta-v3-base,test,11,provided,provided,results/logs/deberta_asl_seed11_deberta-v3-base_test_metrics.json,Hedonism,0.49
asl,microsoft/deberta-v3-base,test,11,provided,provided,results/logs/deberta_asl_seed11_deberta-v3-base_test_metrics.json,Achievement,0.3
asl,microsoft/deberta-v3-base,test,11,provided,provided,results/logs/deberta_asl_seed11_deberta-v3-base_test_metrics.json,Power: dominance,0.28
asl,microsoft/deberta-v3-base,test,11,provided,provided,results/logs/deberta_asl_seed11_deberta-v3-base_test_metrics.json,Power: resources,0.23
asl,microsoft/deberta-v3-base,test,11,provided,provided,results/logs/deberta_asl_seed11_deberta-v3-base_test_metrics.json,Face,0.25
asl,microsoft/deberta-v3-base,test,11,provided,provided,results/logs/deberta_asl_seed11_deberta-v3-base_test_metrics.json,Security: personal,0.44
asl,microsoft/deberta-v3-base,test,11,provided,provided,results/logs/deberta_asl_seed11_deberta-v3-base_test_metrics.json,Security: societal,0.44
asl,microsoft/deberta-v3-base,test,11,provided,provided,results/logs/deberta_asl_seed11_deberta-v3-base_test_metrics.json,Tradition,0.26
asl,microsoft/deberta-v3-base,test,11,provided,provided,results/logs/deberta_asl_seed11_deberta-v3-base_test_metrics.json,Conformity: rules,0.25
asl,microsoft/deberta-v3-base,test,11,provided,provided,results/logs/deberta_asl_seed11_deberta-v3-base_test_metrics.json,Conformity: interpersonal,0.33
asl,microsoft/deberta-v3-base,test,11,provided,provided,results/logs/deberta_asl_seed11_deberta-v3-base_test_metrics.json,Humility,0.18
asl,microsoft/deberta-v3-base,test,11,provided,provided,results/logs/deberta_asl_seed11_deberta-v3-base_test_metrics.json,Benevolence: caring,0.32
asl,microsoft/deberta-v3-base,test,11,provided,provided,results/logs/deberta_asl_seed11_deberta-v3-base_test_metrics.json,Benevolence: dependability,0.37
asl,microsoft/deberta-v3-base,test,11,provided,provided,results/logs/deberta_asl_seed11_deberta-v3-base_test_metrics.json,Universalism: concern,0.5700000000000001
asl,microsoft/deberta-v3-base,test,11,provided,provided,results/logs/deberta_asl_seed11_deberta-v3-base_test_metrics.json,Universalism: nature,0.2
asl,microsoft/deberta-v3-base,test,11,provided,provided,results/logs/deberta_asl_seed11_deberta-v3-base_test_metrics.json,Universalism: tolerance,0.48
asl,microsoft/deberta-v3-base,validation,11,tuned_per_label,per_label,results/logs/deberta_asl_seed11_deberta-v3-base_validation_thresholds.json,Self-direction: thought,0.35000000000000003
asl,microsoft/deberta-v3-base,validation,11,tuned_per_label,per_label,results/logs/deberta_asl_seed11_deberta-v3-base_validation_thresholds.json,Self-direction: action,0.43
asl,microsoft/deberta-v3-base,validation,11,tuned_per_label,per_label,results/logs/deberta_asl_seed11_deberta-v3-base_validation_thresholds.json,Stimulation,0.36
asl,microsoft/deberta-v3-base,validation,11,tuned_per_label,per_label,results/logs/deberta_asl_seed11_deberta-v3-base_validation_thresholds.json,Hedonism,0.49
asl,microsoft/deberta-v3-base,validation,11,tuned_per_label,per_label,results/logs/deberta_asl_seed11_deberta-v3-base_validation_thresholds.json,Achievement,0.3
asl,microsoft/deberta-v3-base,validation,11,tuned_per_label,per_label,results/logs/deberta_asl_seed11_deberta-v3-base_validation_thresholds.json,Power: dominance,0.28
asl,microsoft/deberta-v3-base,validation,11,tuned_per_label,per_label,results/logs/deberta_asl_seed11_deberta-v3-base_validation_thresholds.json,Power: resources,0.23
asl,microsoft/deberta-v3-base,validation,11,tuned_per_label,per_label,results/logs/deberta_asl_seed11_deberta-v3-base_validation_thresholds.json,Face,0.25
asl,microsoft/deberta-v3-base,validation,11,tuned_per_label,per_label,results/logs/deberta_asl_seed11_deberta-v3-base_validation_thresholds.json,Security: personal,0.44
asl,microsoft/deberta-v3-base,validation,11,tuned_per_label,per_label,results/logs/deberta_asl_seed11_deberta-v3-base_validation_thresholds.json,Security: societal,0.44
asl,microsoft/deberta-v3-base,validation,11,tuned_per_label,per_label,results/logs/deberta_asl_seed11_deberta-v3-base_validation_thresholds.json,Tradition,0.26
asl,microsoft/deberta-v3-base,validation,11,tuned_per_label,per_label,results/logs/deberta_asl_seed11_deberta-v3-base_validation_thresholds.json,Conformity: rules,0.25
asl,microsoft/deberta-v3-base,validation,11,tuned_per_label,per_label,results/logs/deberta_asl_seed11_deberta-v3-base_validation_thresholds.json,Conformity: interpersonal,0.33
asl,microsoft/deberta-v3-base,validation,11,tuned_per_label,per_label,results/logs/deberta_asl_seed11_deberta-v3-base_validation_thresholds.json,Humility,0.18
asl,microsoft/deberta-v3-base,validation,11,tuned_per_label,per_label,results/logs/deberta_asl_seed11_deberta-v3-base_validation_thresholds.json,Benevolence: caring,0.32
asl,microsoft/deberta-v3-base,validation,11,tuned_per_label,per_label,results/logs/deberta_asl_seed11_deberta-v3-base_validation_thresholds.json,Benevolence: dependability,0.37
asl,microsoft/deberta-v3-base,validation,11,tuned_per_label,per_label,results/logs/deberta_asl_seed11_deberta-v3-base_validation_thresholds.json,Universalism: concern,0.5700000000000001
asl,microsoft/deberta-v3-base,validation,11,tuned_per_label,per_label,results/logs/deberta_asl_seed11_deberta-v3-base_validation_thresholds.json,Universalism: nature,0.2
asl,microsoft/deberta-v3-base,validation,11,tuned_per_label,per_label,results/logs/deberta_asl_seed11_deberta-v3-base_validation_thresholds.json,Universalism: tolerance,0.48
asl,microsoft/deberta-v3-base,test,1701,provided,provided,results/logs/deberta_asl_seed1701_deberta-v3-base_test_metrics.json,Self-direction: thought,0.59
asl,microsoft/deberta-v3-base,test,1701,provided,provided,results/logs/deberta_asl_seed1701_deberta-v3-base_test_metrics.json,Self-direction: action,0.53
asl,microsoft/deberta-v3-base,test,1701,provided,provided,results/logs/deberta_asl_seed1701_deberta-v3-base_test_metrics.json,Stimulation,0.24
asl,microsoft/deberta-v3-base,test,1701,provided,provided,results/logs/deberta_asl_seed1701_deberta-v3-base_test_metrics.json,Hedonism,0.35000000000000003
asl,microsoft/deberta-v3-base,test,1701,provided,provided,results/logs/deberta_asl_seed1701_deberta-v3-base_test_metrics.json,Achievement,0.21
asl,microsoft/deberta-v3-base,test,1701,provided,provided,results/logs/deberta_asl_seed1701_deberta-v3-base_test_metrics.json,Power: dominance,0.37
asl,microsoft/deberta-v3-base,test,1701,provided,provided,results/logs/deberta_asl_seed1701_deberta-v3-base_test_metrics.json,Power: resources,0.41000000000000003
asl,microsoft/deberta-v3-base,test,1701,provided,provided,results/logs/deberta_asl_seed1701_deberta-v3-base_test_metrics.json,Face,0.53
asl,microsoft/deberta-v3-base,test,1701,provided,provided,results/logs/deberta_asl_seed1701_deberta-v3-base_test_metrics.json,Security: personal,0.23
asl,microsoft/deberta-v3-base,test,1701,provided,provided,results/logs/deberta_asl_seed1701_deberta-v3-base_test_metrics.json,Security: societal,0.52
asl,microsoft/deberta-v3-base,test,1701,provided,provided,results/logs/deberta_asl_seed1701_deberta-v3-base_test_metrics.json,Tradition,0.61
asl,microsoft/deberta-v3-base,test,1701,provided,provided,results/logs/deberta_asl_seed1701_deberta-v3-base_test_metrics.json,Conformity: rules,0.16
asl,microsoft/deberta-v3-base,test,1701,provided,provided,results/logs/deberta_asl_seed1701_deberta-v3-base_test_metrics.json,Conformity: interpersonal,0.34
asl,microsoft/deberta-v3-base,test,1701,provided,provided,results/logs/deberta_asl_seed1701_deberta-v3-base_test_metrics.json,Humility,0.16
asl,microsoft/deberta-v3-base,test,1701,provided,provided,results/logs/deberta_asl_seed1701_deberta-v3-base_test_metrics.json,Benevolence: caring,0.32
asl,microsoft/deberta-v3-base,test,1701,provided,provided,results/logs/deberta_asl_seed1701_deberta-v3-base_test_metrics.json,Benevolence: dependability,0.53
asl,microsoft/deberta-v3-base,test,1701,provided,provided,results/logs/deberta_asl_seed1701_deberta-v3-base_test_metrics.json,Universalism: concern,0.89
asl,microsoft/deberta-v3-base,test,1701,provided,provided,results/logs/deberta_asl_seed1701_deberta-v3-base_test_metrics.json,Universalism: nature,0.18
asl,microsoft/deberta-v3-base,test,1701,provided,provided,results/logs/deberta_asl_seed1701_deberta-v3-base_test_metrics.json,Universalism: tolerance,0.35000000000000003
asl,microsoft/deberta-v3-base,validation,1701,tuned_per_label,per_label,results/logs/deberta_asl_seed1701_deberta-v3-base_validation_thresholds.json,Self-direction: thought,0.59
asl,microsoft/deberta-v3-base,validation,1701,tuned_per_label,per_label,results/logs/deberta_asl_seed1701_deberta-v3-base_validation_thresholds.json,Self-direction: action,0.53
asl,microsoft/deberta-v3-base,validation,1701,tuned_per_label,per_label,results/logs/deberta_asl_seed1701_deberta-v3-base_validation_thresholds.json,Stimulation,0.24
asl,microsoft/deberta-v3-base,validation,1701,tuned_per_label,per_label,results/logs/deberta_asl_seed1701_deberta-v3-base_validation_thresholds.json,Hedonism,0.35000000000000003
asl,microsoft/deberta-v3-base,validation,1701,tuned_per_label,per_label,results/logs/deberta_asl_seed1701_deberta-v3-base_validation_thresholds.json,Achievement,0.21
asl,microsoft/deberta-v3-base,validation,1701,tuned_per_label,per_label,results/logs/deberta_asl_seed1701_deberta-v3-base_validation_thresholds.json,Power: dominance,0.37
asl,microsoft/deberta-v3-base,validation,1701,tuned_per_label,per_label,results/logs/deberta_asl_seed1701_deberta-v3-base_validation_thresholds.json,Power: resources,0.41000000000000003
asl,microsoft/deberta-v3-base,validation,1701,tuned_per_label,per_label,results/logs/deberta_asl_seed1701_deberta-v3-base_validation_thresholds.json,Face,0.53
asl,microsoft/deberta-v3-base,validation,1701,tuned_per_label,per_label,results/logs/deberta_asl_seed1701_deberta-v3-base_validation_thresholds.json,Security: personal,0.23
asl,microsoft/deberta-v3-base,validation,1701,tuned_per_label,per_label,results/logs/deberta_asl_seed1701_deberta-v3-base_validation_thresholds.json,Security: societal,0.52
asl,microsoft/deberta-v3-base,validation,1701,tuned_per_label,per_label,results/logs/deberta_asl_seed1701_deberta-v3-base_validation_thresholds.json,Tradition,0.61
asl,microsoft/deberta-v3-base,validation,1701,tuned_per_label,per_label,results/logs/deberta_asl_seed1701_deberta-v3-base_validation_thresholds.json,Conformity: rules,0.16
asl,microsoft/deberta-v3-base,validation,1701,tuned_per_label,per_label,results/logs/deberta_asl_seed1701_deberta-v3-base_validation_thresholds.json,Conformity: interpersonal,0.34
asl,microsoft/deberta-v3-base,validation,1701,tuned_per_label,per_label,results/logs/deberta_asl_seed1701_deberta-v3-base_validation_thresholds.json,Humility,0.16
asl,microsoft/deberta-v3-base,validation,1701,tuned_per_label,per_label,results/logs/deberta_asl_seed1701_deberta-v3-base_validation_thresholds.json,Benevolence: caring,0.32
asl,microsoft/deberta-v3-base,validation,1701,tuned_per_label,per_label,results/logs/deberta_asl_seed1701_deberta-v3-base_validation_thresholds.json,Benevolence: dependability,0.53
asl,microsoft/deberta-v3-base,validation,1701,tuned_per_label,per_label,results/logs/deberta_asl_seed1701_deberta-v3-base_validation_thresholds.json,Universalism: concern,0.89
asl,microsoft/deberta-v3-base,validation,1701,tuned_per_label,per_label,results/logs/deberta_asl_seed1701_deberta-v3-base_validation_thresholds.json,Universalism: nature,0.18
asl,microsoft/deberta-v3-base,validation,1701,tuned_per_label,per_label,results/logs/deberta_asl_seed1701_deberta-v3-base_validation_thresholds.json,Universalism: tolerance,0.35000000000000003
asl,microsoft/deberta-v3-base,test,1984,provided,provided,results/logs/deberta_asl_seed1984_deberta-v3-base_test_metrics.json,Self-direction: thought,0.29
asl,microsoft/deberta-v3-base,test,1984,provided,provided,results/logs/deberta_asl_seed1984_deberta-v3-base_test_metrics.json,Self-direction: action,0.46
asl,microsoft/deberta-v3-base,test,1984,provided,provided,results/logs/deberta_asl_seed1984_deberta-v3-base_test_metrics.json,Stimulation,0.44
asl,microsoft/deberta-v3-base,test,1984,provided,provided,results/logs/deberta_asl_seed1984_deberta-v3-base_test_metrics.json,Hedonism,0.6
asl,microsoft/deberta-v3-base,test,1984,provided,provided,results/logs/deberta_asl_seed1984_deberta-v3-base_test_metrics.json,Achievement,0.35000000000000003
asl,microsoft/deberta-v3-base,test,1984,provided,provided,results/logs/deberta_asl_seed1984_deberta-v3-base_test_metrics.json,Power: dominance,0.24
asl,microsoft/deberta-v3-base,test,1984,provided,provided,results/logs/deberta_asl_seed1984_deberta-v3-base_test_metrics.json,Power: resources,0.31
asl,microsoft/deberta-v3-base,test,1984,provided,provided,results/logs/deberta_asl_seed1984_deberta-v3-base_test_metrics.json,Face,0.32
asl,microsoft/deberta-v3-base,test,1984,provided,provided,results/logs/deberta_asl_seed1984_deberta-v3-base_test_metrics.json,Security: personal,0.35000000000000003
asl,microsoft/deberta-v3-base,test,1984,provided,provided,results/logs/deberta_asl_seed1984_deberta-v3-base_test_metrics.json,Security: societal,0.29
asl,microsoft/deberta-v3-base,test,1984,provided,provided,results/logs/deberta_asl_seed1984_deberta-v3-base_test_metrics.json,Tradition,0.26
asl,microsoft/deberta-v3-base,test,1984,provided,provided,results/logs/deberta_asl_seed1984_deberta-v3-base_test_metrics.json,Conformity: rules,0.42
asl,microsoft/deberta-v3-base,test,1984,provided,provided,results/logs/deberta_asl_seed1984_deberta-v3-base_test_metrics.json,Conformity: interpersonal,0.32
asl,microsoft/deberta-v3-base,test,1984,provided,provided,results/logs/deberta_asl_seed1984_deberta-v3-base_test_metrics.json,Humility,0.17
asl,microsoft/deberta-v3-base,test,1984,provided,provided,results/logs/deberta_asl_seed1984_deberta-v3-base_test_metrics.json,Benevolence: caring,0.45
asl,microsoft/deberta-v3-base,test,1984,provided,provided,results/logs/deberta_asl_seed1984_deberta-v3-base_test_metrics.json,Benevolence: dependability,0.44
asl,microsoft/deberta-v3-base,test,1984,provided,provided,results/logs/deberta_asl_seed1984_deberta-v3-base_test_metrics.json,Universalism: concern,0.36
asl,microsoft/deberta-v3-base,test,1984,provided,provided,results/logs/deberta_asl_seed1984_deberta-v3-base_test_metrics.json,Universalism: nature,0.49
asl,microsoft/deberta-v3-base,test,1984,provided,provided,results/logs/deberta_asl_seed1984_deberta-v3-base_test_metrics.json,Universalism: tolerance,0.35000000000000003
asl,microsoft/deberta-v3-base,validation,1984,tuned_per_label,per_label,results/logs/deberta_asl_seed1984_deberta-v3-base_validation_thresholds.json,Self-direction: thought,0.29
asl,microsoft/deberta-v3-base,validation,1984,tuned_per_label,per_label,results/logs/deberta_asl_seed1984_deberta-v3-base_validation_thresholds.json,Self-direction: action,0.46
asl,microsoft/deberta-v3-base,validation,1984,tuned_per_label,per_label,results/logs/deberta_asl_seed1984_deberta-v3-base_validation_thresholds.json,Stimulation,0.44
asl,microsoft/deberta-v3-base,validation,1984,tuned_per_label,per_label,results/logs/deberta_asl_seed1984_deberta-v3-base_validation_thresholds.json,Hedonism,0.6
asl,microsoft/deberta-v3-base,validation,1984,tuned_per_label,per_label,results/logs/deberta_asl_seed1984_deberta-v3-base_validation_thresholds.json,Achievement,0.35000000000000003
asl,microsoft/deberta-v3-base,validation,1984,tuned_per_label,per_label,results/logs/deberta_asl_seed1984_deberta-v3-base_validation_thresholds.json,Power: dominance,0.24
asl,microsoft/deberta-v3-base,validation,1984,tuned_per_label,per_label,results/logs/deberta_asl_seed1984_deberta-v3-base_validation_thresholds.json,Power: resources,0.31
asl,microsoft/deberta-v3-base,validation,1984,tuned_per_label,per_label,results/logs/deberta_asl_seed1984_deberta-v3-base_validation_thresholds.json,Face,0.32
asl,microsoft/deberta-v3-base,validation,1984,tuned_per_label,per_label,results/logs/deberta_asl_seed1984_deberta-v3-base_validation_thresholds.json,Security: personal,0.35000000000000003
asl,microsoft/deberta-v3-base,validation,1984,tuned_per_label,per_label,results/logs/deberta_asl_seed1984_deberta-v3-base_validation_thresholds.json,Security: societal,0.29
asl,microsoft/deberta-v3-base,validation,1984,tuned_per_label,per_label,results/logs/deberta_asl_seed1984_deberta-v3-base_validation_thresholds.json,Tradition,0.26
asl,microsoft/deberta-v3-base,validation,1984,tuned_per_label,per_label,results/logs/deberta_asl_seed1984_deberta-v3-base_validation_thresholds.json,Conformity: rules,0.42
asl,microsoft/deberta-v3-base,validation,1984,tuned_per_label,per_label,results/logs/deberta_asl_seed1984_deberta-v3-base_validation_thresholds.json,Conformity: interpersonal,0.32
asl,microsoft/deberta-v3-base,validation,1984,tuned_per_label,per_label,results/logs/deberta_asl_seed1984_deberta-v3-base_validation_thresholds.json,Humility,0.17
asl,microsoft/deberta-v3-base,validation,1984,tuned_per_label,per_label,results/logs/deberta_asl_seed1984_deberta-v3-base_validation_thresholds.json,Benevolence: caring,0.45
asl,microsoft/deberta-v3-base,validation,1984,tuned_per_label,per_label,results/logs/deberta_asl_seed1984_deberta-v3-base_validation_thresholds.json,Benevolence: dependability,0.44
asl,microsoft/deberta-v3-base,validation,1984,tuned_per_label,per_label,results/logs/deberta_asl_seed1984_deberta-v3-base_validation_thresholds.json,Universalism: concern,0.36
asl,microsoft/deberta-v3-base,validation,1984,tuned_per_label,per_label,results/logs/deberta_asl_seed1984_deberta-v3-base_validation_thresholds.json,Universalism: nature,0.49
asl,microsoft/deberta-v3-base,validation,1984,tuned_per_label,per_label,results/logs/deberta_asl_seed1984_deberta-v3-base_validation_thresholds.json,Universalism: tolerance,0.35000000000000003
asl,microsoft/deberta-v3-base,test,42,provided,provided,results/logs/deberta_asl_seed42_deberta-v3-base_test_metrics.json,Self-direction: thought,0.6900000000000001
asl,microsoft/deberta-v3-base,test,42,provided,provided,results/logs/deberta_asl_seed42_deberta-v3-base_test_metrics.json,Self-direction: action,0.33
asl,microsoft/deberta-v3-base,test,42,provided,provided,results/logs/deberta_asl_seed42_deberta-v3-base_test_metrics.json,Stimulation,0.52
asl,microsoft/deberta-v3-base,test,42,provided,provided,results/logs/deberta_asl_seed42_deberta-v3-base_test_metrics.json,Hedonism,0.79
asl,microsoft/deberta-v3-base,test,42,provided,provided,results/logs/deberta_asl_seed42_deberta-v3-base_test_metrics.json,Achievement,0.37
asl,microsoft/deberta-v3-base,test,42,provided,provided,results/logs/deberta_asl_seed42_deberta-v3-base_test_metrics.json,Power: dominance,0.39
asl,microsoft/deberta-v3-base,test,42,provided,provided,results/logs/deberta_asl_seed42_deberta-v3-base_test_metrics.json,Power: resources,0.18
asl,microsoft/deberta-v3-base,test,42,provided,provided,results/logs/deberta_asl_seed42_deberta-v3-base_test_metrics.json,Face,0.24
asl,microsoft/deberta-v3-base,test,42,provided,provided,results/logs/deberta_asl_seed42_deberta-v3-base_test_metrics.json,Security: personal,0.5
asl,microsoft/deberta-v3-base,test,42,provided,provided,results/logs/deberta_asl_seed42_deberta-v3-base_test_metrics.json,Security: societal,0.53
asl,microsoft/deberta-v3-base,test,42,provided,provided,results/logs/deberta_asl_seed42_deberta-v3-base_test_metrics.json,Tradition,0.33
asl,microsoft/deberta-v3-base,test,42,provided,provided,results/logs/deberta_asl_seed42_deberta-v3-base_test_metrics.json,Conformity: rules,0.28
asl,microsoft/deberta-v3-base,test,42,provided,provided,results/logs/deberta_asl_seed42_deberta-v3-base_test_metrics.json,Conformity: interpersonal,0.24
asl,microsoft/deberta-v3-base,test,42,provided,provided,results/logs/deberta_asl_seed42_deberta-v3-base_test_metrics.json,Humility,0.41000000000000003
asl,microsoft/deberta-v3-base,test,42,provided,provided,results/logs/deberta_asl_seed42_deberta-v3-base_test_metrics.json,Benevolence: caring,0.3
asl,microsoft/deberta-v3-base,test,42,provided,provided,results/logs/deberta_asl_seed42_deberta-v3-base_test_metrics.json,Benevolence: dependability,0.24
asl,microsoft/deberta-v3-base,test,42,provided,provided,results/logs/deberta_asl_seed42_deberta-v3-base_test_metrics.json,Universalism: concern,0.33
asl,microsoft/deberta-v3-base,test,42,provided,provided,results/logs/deberta_asl_seed42_deberta-v3-base_test_metrics.json,Universalism: nature,0.33
asl,microsoft/deberta-v3-base,test,42,provided,provided,results/logs/deberta_asl_seed42_deberta-v3-base_test_metrics.json,Universalism: tolerance,0.27
asl,microsoft/deberta-v3-base,validation,42,tuned_per_label,per_label,results/logs/deberta_asl_seed42_deberta-v3-base_validation_thresholds.json,Self-direction: thought,0.6900000000000001
asl,microsoft/deberta-v3-base,validation,42,tuned_per_label,per_label,results/logs/deberta_asl_seed42_deberta-v3-base_validation_thresholds.json,Self-direction: action,0.33
asl,microsoft/deberta-v3-base,validation,42,tuned_per_label,per_label,results/logs/deberta_asl_seed42_deberta-v3-base_validation_thresholds.json,Stimulation,0.52
asl,microsoft/deberta-v3-base,validation,42,tuned_per_label,per_label,results/logs/deberta_asl_seed42_deberta-v3-base_validation_thresholds.json,Hedonism,0.79
asl,microsoft/deberta-v3-base,validation,42,tuned_per_label,per_label,results/logs/deberta_asl_seed42_deberta-v3-base_validation_thresholds.json,Achievement,0.37
asl,microsoft/deberta-v3-base,validation,42,tuned_per_label,per_label,results/logs/deberta_asl_seed42_deberta-v3-base_validation_thresholds.json,Power: dominance,0.39
asl,microsoft/deberta-v3-base,validation,42,tuned_per_label,per_label,results/logs/deberta_asl_seed42_deberta-v3-base_validation_thresholds.json,Power: resources,0.18
asl,microsoft/deberta-v3-base,validation,42,tuned_per_label,per_label,results/logs/deberta_asl_seed42_deberta-v3-base_validation_thresholds.json,Face,0.24
asl,microsoft/deberta-v3-base,validation,42,tuned_per_label,per_label,results/logs/deberta_asl_seed42_deberta-v3-base_validation_thresholds.json,Security: personal,0.5
asl,microsoft/deberta-v3-base,validation,42,tuned_per_label,per_label,results/logs/deberta_asl_seed42_deberta-v3-base_validation_thresholds.json,Security: societal,0.53
asl,microsoft/deberta-v3-base,validation,42,tuned_per_label,per_label,results/logs/deberta_asl_seed42_deberta-v3-base_validation_thresholds.json,Tradition,0.33
asl,microsoft/deberta-v3-base,validation,42,tuned_per_label,per_label,results/logs/deberta_asl_seed42_deberta-v3-base_validation_thresholds.json,Conformity: rules,0.28
asl,microsoft/deberta-v3-base,validation,42,tuned_per_label,per_label,results/logs/deberta_asl_seed42_deberta-v3-base_validation_thresholds.json,Conformity: interpersonal,0.24
asl,microsoft/deberta-v3-base,validation,42,tuned_per_label,per_label,results/logs/deberta_asl_seed42_deberta-v3-base_validation_thresholds.json,Humility,0.41000000000000003
asl,microsoft/deberta-v3-base,validation,42,tuned_per_label,per_label,results/logs/deberta_asl_seed42_deberta-v3-base_validation_thresholds.json,Benevolence: caring,0.3
asl,microsoft/deberta-v3-base,validation,42,tuned_per_label,per_label,results/logs/deberta_asl_seed42_deberta-v3-base_validation_thresholds.json,Benevolence: dependability,0.24
asl,microsoft/deberta-v3-base,validation,42,tuned_per_label,per_label,results/logs/deberta_asl_seed42_deberta-v3-base_validation_thresholds.json,Universalism: concern,0.33
asl,microsoft/deberta-v3-base,validation,42,tuned_per_label,per_label,results/logs/deberta_asl_seed42_deberta-v3-base_validation_thresholds.json,Universalism: nature,0.33
asl,microsoft/deberta-v3-base,validation,42,tuned_per_label,per_label,results/logs/deberta_asl_seed42_deberta-v3-base_validation_thresholds.json,Universalism: tolerance,0.27
asl,microsoft/deberta-v3-base,test,7,provided,provided,results/logs/deberta_asl_seed7_deberta-v3-base_test_metrics.json,Self-direction: thought,0.06
asl,microsoft/deberta-v3-base,test,7,provided,provided,results/logs/deberta_asl_seed7_deberta-v3-base_test_metrics.json,Self-direction: action,0.51
asl,microsoft/deberta-v3-base,test,7,provided,provided,results/logs/deberta_asl_seed7_deberta-v3-base_test_metrics.json,Stimulation,0.24
asl,microsoft/deberta-v3-base,test,7,provided,provided,results/logs/deberta_asl_seed7_deberta-v3-base_test_metrics.json,Hedonism,0.4
asl,microsoft/deberta-v3-base,test,7,provided,provided,results/logs/deberta_asl_seed7_deberta-v3-base_test_metrics.json,Achievement,0.25
asl,microsoft/deberta-v3-base,test,7,provided,provided,results/logs/deberta_asl_seed7_deberta-v3-base_test_metrics.json,Power: dominance,0.32
asl,microsoft/deberta-v3-base,test,7,provided,provided,results/logs/deberta_asl_seed7_deberta-v3-base_test_metrics.json,Power: resources,0.23
asl,microsoft/deberta-v3-base,test,7,provided,provided,results/logs/deberta_asl_seed7_deberta-v3-base_test_metrics.json,Face,0.08
asl,microsoft/deberta-v3-base,test,7,provided,provided,results/logs/deberta_asl_seed7_deberta-v3-base_test_metrics.json,Security: personal,0.22
asl,microsoft/deberta-v3-base,test,7,provided,provided,results/logs/deberta_asl_seed7_deberta-v3-base_test_metrics.json,Security: societal,0.32
asl,microsoft/deberta-v3-base,test,7,provided,provided,results/logs/deberta_asl_seed7_deberta-v3-base_test_metrics.json,Tradition,0.43
asl,microsoft/deberta-v3-base,test,7,provided,provided,results/logs/deberta_asl_seed7_deberta-v3-base_test_metrics.json,Conformity: rules,0.31
asl,microsoft/deberta-v3-base,test,7,provided,provided,results/logs/deberta_asl_seed7_deberta-v3-base_test_metrics.json,Conformity: interpersonal,0.25
asl,microsoft/deberta-v3-base,test,7,provided,provided,results/logs/deberta_asl_seed7_deberta-v3-base_test_metrics.json,Humility,0.12
asl,microsoft/deberta-v3-base,test,7,provided,provided,results/logs/deberta_asl_seed7_deberta-v3-base_test_metrics.json,Benevolence: caring,0.16
asl,microsoft/deberta-v3-base,test,7,provided,provided,results/logs/deberta_asl_seed7_deberta-v3-base_test_metrics.json,Benevolence: dependability,0.62
asl,microsoft/deberta-v3-base,test,7,provided,provided,results/logs/deberta_asl_seed7_deberta-v3-base_test_metrics.json,Universalism: concern,0.67
asl,microsoft/deberta-v3-base,test,7,provided,provided,results/logs/deberta_asl_seed7_deberta-v3-base_test_metrics.json,Universalism: nature,0.11
asl,microsoft/deberta-v3-base,test,7,provided,provided,results/logs/deberta_asl_seed7_deberta-v3-base_test_metrics.json,Universalism: tolerance,0.28
asl,microsoft/deberta-v3-base,validation,7,tuned_per_label,per_label,results/logs/deberta_asl_seed7_deberta-v3-base_validation_thresholds.json,Self-direction: thought,0.06
asl,microsoft/deberta-v3-base,validation,7,tuned_per_label,per_label,results/logs/deberta_asl_seed7_deberta-v3-base_validation_thresholds.json,Self-direction: action,0.51
asl,microsoft/deberta-v3-base,validation,7,tuned_per_label,per_label,results/logs/deberta_asl_seed7_deberta-v3-base_validation_thresholds.json,Stimulation,0.24
asl,microsoft/deberta-v3-base,validation,7,tuned_per_label,per_label,results/logs/deberta_asl_seed7_deberta-v3-base_validation_thresholds.json,Hedonism,0.4
asl,microsoft/deberta-v3-base,validation,7,tuned_per_label,per_label,results/logs/deberta_asl_seed7_deberta-v3-base_validation_thresholds.json,Achievement,0.25
asl,microsoft/deberta-v3-base,validation,7,tuned_per_label,per_label,results/logs/deberta_asl_seed7_deberta-v3-base_validation_thresholds.json,Power: dominance,0.32
asl,microsoft/deberta-v3-base,validation,7,tuned_per_label,per_label,results/logs/deberta_asl_seed7_deberta-v3-base_validation_thresholds.json,Power: resources,0.23
asl,microsoft/deberta-v3-base,validation,7,tuned_per_label,per_label,results/logs/deberta_asl_seed7_deberta-v3-base_validation_thresholds.json,Face,0.08
asl,microsoft/deberta-v3-base,validation,7,tuned_per_label,per_label,results/logs/deberta_asl_seed7_deberta-v3-base_validation_thresholds.json,Security: personal,0.22
asl,microsoft/deberta-v3-base,validation,7,tuned_per_label,per_label,results/logs/deberta_asl_seed7_deberta-v3-base_validation_thresholds.json,Security: societal,0.32
asl,microsoft/deberta-v3-base,validation,7,tuned_per_label,per_label,results/logs/deberta_asl_seed7_deberta-v3-base_validation_thresholds.json,Tradition,0.43
asl,microsoft/deberta-v3-base,validation,7,tuned_per_label,per_label,results/logs/deberta_asl_seed7_deberta-v3-base_validation_thresholds.json,Conformity: rules,0.31
asl,microsoft/deberta-v3-base,validation,7,tuned_per_label,per_label,results/logs/deberta_asl_seed7_deberta-v3-base_validation_thresholds.json,Conformity: interpersonal,0.25
asl,microsoft/deberta-v3-base,validation,7,tuned_per_label,per_label,results/logs/deberta_asl_seed7_deberta-v3-base_validation_thresholds.json,Humility,0.12
asl,microsoft/deberta-v3-base,validation,7,tuned_per_label,per_label,results/logs/deberta_asl_seed7_deberta-v3-base_validation_thresholds.json,Benevolence: caring,0.16
asl,microsoft/deberta-v3-base,validation,7,tuned_per_label,per_label,results/logs/deberta_asl_seed7_deberta-v3-base_validation_thresholds.json,Benevolence: dependability,0.62
asl,microsoft/deberta-v3-base,validation,7,tuned_per_label,per_label,results/logs/deberta_asl_seed7_deberta-v3-base_validation_thresholds.json,Universalism: concern,0.67
asl,microsoft/deberta-v3-base,validation,7,tuned_per_label,per_label,results/logs/deberta_asl_seed7_deberta-v3-base_validation_thresholds.json,Universalism: nature,0.11
asl,microsoft/deberta-v3-base,validation,7,tuned_per_label,per_label,results/logs/deberta_asl_seed7_deberta-v3-base_validation_thresholds.json,Universalism: tolerance,0.28
bce,microsoft/deberta-v3-base,test,11,provided,provided,results/logs/deberta_bce_seed11_deberta-v3-base_test_metrics.json,Self-direction: thought,0.06
bce,microsoft/deberta-v3-base,test,11,provided,provided,results/logs/deberta_bce_seed11_deberta-v3-base_test_metrics.json,Self-direction: action,0.15
bce,microsoft/deberta-v3-base,test,11,provided,provided,results/logs/deberta_bce_seed11_deberta-v3-base_test_metrics.json,Stimulation,0.16
bce,microsoft/deberta-v3-base,test,11,provided,provided,results/logs/deberta_bce_seed11_deberta-v3-base_test_metrics.json,Hedonism,0.34
bce,microsoft/deberta-v3-base,test,11,provided,provided,results/logs/deberta_bce_seed11_deberta-v3-base_test_metrics.json,Achievement,0.15
bce,microsoft/deberta-v3-base,test,11,provided,provided,results/logs/deberta_bce_seed11_deberta-v3-base_test_metrics.json,Power: dominance,0.15
bce,microsoft/deberta-v3-base,test,11,provided,provided,results/logs/deberta_bce_seed11_deberta-v3-base_test_metrics.json,Power: resources,0.1
bce,microsoft/deberta-v3-base,test,11,provided,provided,results/logs/deberta_bce_seed11_deberta-v3-base_test_metrics.json,Face,0.09
bce,microsoft/deberta-v3-base,test,11,provided,provided,results/logs/deberta_bce_seed11_deberta-v3-base_test_metrics.json,Security: personal,0.21
bce,microsoft/deberta-v3-base,test,11,provided,provided,results/logs/deberta_bce_seed11_deberta-v3-base_test_metrics.json,Security: societal,0.28
bce,microsoft/deberta-v3-base,test,11,provided,provided,results/logs/deberta_bce_seed11_deberta-v3-base_test_metrics.json,Tradition,0.23
bce,microsoft/deberta-v3-base,test,11,provided,provided,results/logs/deberta_bce_seed11_deberta-v3-base_test_metrics.json,Conformity: rules,0.09
bce,microsoft/deberta-v3-base,test,11,provided,provided,results/logs/deberta_bce_seed11_deberta-v3-base_test_metrics.json,Conformity: interpersonal,0.08
bce,microsoft/deberta-v3-base,test,11,provided,provided,results/logs/deberta_bce_seed11_deberta-v3-base_test_metrics.json,Humility,0.03
bce,microsoft/deberta-v3-base,test,11,provided,provided,results/logs/deberta_bce_seed11_deberta-v3-base_test_metrics.json,Benevolence: caring,0.21
bce,microsoft/deberta-v3-base,test,11,provided,provided,results/logs/deberta_bce_seed11_deberta-v3-base_test_metrics.json,Benevolence: dependability,0.2
bce,microsoft/deberta-v3-base,test,11,provided,provided,results/logs/deberta_bce_seed11_deberta-v3-base_test_metrics.json,Universalism: concern,0.29
bce,microsoft/deberta-v3-base,test,11,provided,provided,results/logs/deberta_bce_seed11_deberta-v3-base_test_metrics.json,Universalism: nature,0.03
bce,microsoft/deberta-v3-base,test,11,provided,provided,results/logs/deberta_bce_seed11_deberta-v3-base_test_metrics.json,Universalism: tolerance,0.45
bce,microsoft/deberta-v3-base,validation,11,tuned_per_label,per_label,results/logs/deberta_bce_seed11_deberta-v3-base_validation_thresholds.json,Self-direction: thought,0.06
bce,microsoft/deberta-v3-base,validation,11,tuned_per_label,per_label,results/logs/deberta_bce_seed11_deberta-v3-base_validation_thresholds.json,Self-direction: action,0.15
bce,microsoft/deberta-v3-base,validation,11,tuned_per_label,per_label,results/logs/deberta_bce_seed11_deberta-v3-base_validation_thresholds.json,Stimulation,0.16
bce,microsoft/deberta-v3-base,validation,11,tuned_per_label,per_label,results/logs/deberta_bce_seed11_deberta-v3-base_validation_thresholds.json,Hedonism,0.34
bce,microsoft/deberta-v3-base,validation,11,tuned_per_label,per_label,results/logs/deberta_bce_seed11_deberta-v3-base_validation_thresholds.json,Achievement,0.15
bce,microsoft/deberta-v3-base,validation,11,tuned_per_label,per_label,results/logs/deberta_bce_seed11_deberta-v3-base_validation_thresholds.json,Power: dominance,0.15
bce,microsoft/deberta-v3-base,validation,11,tuned_per_label,per_label,results/logs/deberta_bce_seed11_deberta-v3-base_validation_thresholds.json,Power: resources,0.1
bce,microsoft/deberta-v3-base,validation,11,tuned_per_label,per_label,results/logs/deberta_bce_seed11_deberta-v3-base_validation_thresholds.json,Face,0.09
bce,microsoft/deberta-v3-base,validation,11,tuned_per_label,per_label,results/logs/deberta_bce_seed11_deberta-v3-base_validation_thresholds.json,Security: personal,0.21
bce,microsoft/deberta-v3-base,validation,11,tuned_per_label,per_label,results/logs/deberta_bce_seed11_deberta-v3-base_validation_thresholds.json,Security: societal,0.28
bce,microsoft/deberta-v3-base,validation,11,tuned_per_label,per_label,results/logs/deberta_bce_seed11_deberta-v3-base_validation_thresholds.json,Tradition,0.23
bce,microsoft/deberta-v3-base,validation,11,tuned_per_label,per_label,results/logs/deberta_bce_seed11_deberta-v3-base_validation_thresholds.json,Conformity: rules,0.09
bce,microsoft/deberta-v3-base,validation,11,tuned_per_label,per_label,results/logs/deberta_bce_seed11_deberta-v3-base_validation_thresholds.json,Conformity: interpersonal,0.08
bce,microsoft/deberta-v3-base,validation,11,tuned_per_label,per_label,results/logs/deberta_bce_seed11_deberta-v3-base_validation_thresholds.json,Humility,0.03
bce,microsoft/deberta-v3-base,validation,11,tuned_per_label,per_label,results/logs/deberta_bce_seed11_deberta-v3-base_validation_thresholds.json,Benevolence: caring,0.21
bce,microsoft/deberta-v3-base,validation,11,tuned_per_label,per_label,results/logs/deberta_bce_seed11_deberta-v3-base_validation_thresholds.json,Benevolence: dependability,0.2
bce,microsoft/deberta-v3-base,validation,11,tuned_per_label,per_label,results/logs/deberta_bce_seed11_deberta-v3-base_validation_thresholds.json,Universalism: concern,0.29
bce,microsoft/deberta-v3-base,validation,11,tuned_per_label,per_label,results/logs/deberta_bce_seed11_deberta-v3-base_validation_thresholds.json,Universalism: nature,0.03
bce,microsoft/deberta-v3-base,validation,11,tuned_per_label,per_label,results/logs/deberta_bce_seed11_deberta-v3-base_validation_thresholds.json,Universalism: tolerance,0.45
bce,microsoft/deberta-v3-base,test,1701,provided,provided,results/logs/deberta_bce_seed1701_deberta-v3-base_test_metrics.json,Self-direction: thought,0.13
bce,microsoft/deberta-v3-base,test,1701,provided,provided,results/logs/deberta_bce_seed1701_deberta-v3-base_test_metrics.json,Self-direction: action,0.31
bce,microsoft/deberta-v3-base,test,1701,provided,provided,results/logs/deberta_bce_seed1701_deberta-v3-base_test_metrics.json,Stimulation,0.37
bce,microsoft/deberta-v3-base,test,1701,provided,provided,results/logs/deberta_bce_seed1701_deberta-v3-base_test_metrics.json,Hedonism,0.21
bce,microsoft/deberta-v3-base,test,1701,provided,provided,results/logs/deberta_bce_seed1701_deberta-v3-base_test_metrics.json,Achievement,0.12
bce,microsoft/deberta-v3-base,test,1701,provided,provided,results/logs/deberta_bce_seed1701_deberta-v3-base_test_metrics.json,Power: dominance,0.2
bce,microsoft/deberta-v3-base,test,1701,provided,provided,results/logs/deberta_bce_seed1701_deberta-v3-base_test_metrics.json,Power: resources,0.09
bce,microsoft/deberta-v3-base,test,1701,provided,provided,results/logs/deberta_bce_seed1701_deberta-v3-base_test_metrics.json,Face,0.11
bce,microsoft/deberta-v3-base,test,1701,provided,provided,results/logs/deberta_bce_seed1701_deberta-v3-base_test_metrics.json,Security: personal,0.26
bce,microsoft/deberta-v3-base,test,1701,provided,provided,results/logs/deberta_bce_seed1701_deberta-v3-base_test_metrics.json,Security: societal,0.32
bce,microsoft/deberta-v3-base,test,1701,provided,provided,results/logs/deberta_bce_seed1701_deberta-v3-base_test_metrics.json,Tradition,0.19
bce,microsoft/deberta-v3-base,test,1701,provided,provided,results/logs/deberta_bce_seed1701_deberta-v3-base_test_metrics.json,Conformity: rules,0.18
bce,microsoft/deberta-v3-base,test,1701,provided,provided,results/logs/deberta_bce_seed1701_deberta-v3-base_test_metrics.json,Conformity: interpersonal,0.15
bce,microsoft/deberta-v3-base,test,1701,provided,provided,results/logs/deberta_bce_seed1701_deberta-v3-base_test_metrics.json,Humility,0.02
bce,microsoft/deberta-v3-base,test,1701,provided,provided,results/logs/deberta_bce_seed1701_deberta-v3-base_test_metrics.json,Benevolence: caring,0.19
bce,microsoft/deberta-v3-base,test,1701,provided,provided,results/logs/deberta_bce_seed1701_deberta-v3-base_test_metrics.json,Benevolence: dependability,0.18
bce,microsoft/deberta-v3-base,test,1701,provided,provided,results/logs/deberta_bce_seed1701_deberta-v3-base_test_metrics.json,Universalism: concern,0.31
bce,microsoft/deberta-v3-base,test,1701,provided,provided,results/logs/deberta_bce_seed1701_deberta-v3-base_test_metrics.json,Universalism: nature,0.14
bce,microsoft/deberta-v3-base,test,1701,provided,provided,results/logs/deberta_bce_seed1701_deberta-v3-base_test_metrics.json,Universalism: tolerance,0.16
bce,microsoft/deberta-v3-base,validation,1701,tuned_per_label,per_label,results/logs/deberta_bce_seed1701_deberta-v3-base_validation_thresholds.json,Self-direction: thought,0.13
bce,microsoft/deberta-v3-base,validation,1701,tuned_per_label,per_label,results/logs/deberta_bce_seed1701_deberta-v3-base_validation_thresholds.json,Self-direction: action,0.31
bce,microsoft/deberta-v3-base,validation,1701,tuned_per_label,per_label,results/logs/deberta_bce_seed1701_deberta-v3-base_validation_thresholds.json,Stimulation,0.37
bce,microsoft/deberta-v3-base,validation,1701,tuned_per_label,per_label,results/logs/deberta_bce_seed1701_deberta-v3-base_validation_thresholds.json,Hedonism,0.21
bce,microsoft/deberta-v3-base,validation,1701,tuned_per_label,per_label,results/logs/deberta_bce_seed1701_deberta-v3-base_validation_thresholds.json,Achievement,0.12
bce,microsoft/deberta-v3-base,validation,1701,tuned_per_label,per_label,results/logs/deberta_bce_seed1701_deberta-v3-base_validation_thresholds.json,Power: dominance,0.2
bce,microsoft/deberta-v3-base,validation,1701,tuned_per_label,per_label,results/logs/deberta_bce_seed1701_deberta-v3-base_validation_thresholds.json,Power: resources,0.09
bce,microsoft/deberta-v3-base,validation,1701,tuned_per_label,per_label,results/logs/deberta_bce_seed1701_deberta-v3-base_validation_thresholds.json,Face,0.11
bce,microsoft/deberta-v3-base,validation,1701,tuned_per_label,per_label,results/logs/deberta_bce_seed1701_deberta-v3-base_validation_thresholds.json,Security: personal,0.26
bce,microsoft/deberta-v3-base,validation,1701,tuned_per_label,per_label,results/logs/deberta_bce_seed1701_deberta-v3-base_validation_thresholds.json,Security: societal,0.32
bce,microsoft/deberta-v3-base,validation,1701,tuned_per_label,per_label,results/logs/deberta_bce_seed1701_deberta-v3-base_validation_thresholds.json,Tradition,0.19
bce,microsoft/deberta-v3-base,validation,1701,tuned_per_label,per_label,results/logs/deberta_bce_seed1701_deberta-v3-base_validation_thresholds.json,Conformity: rules,0.18
bce,microsoft/deberta-v3-base,validation,1701,tuned_per_label,per_label,results/logs/deberta_bce_seed1701_deberta-v3-base_validation_thresholds.json,Conformity: interpersonal,0.15
bce,microsoft/deberta-v3-base,validation,1701,tuned_per_label,per_label,results/logs/deberta_bce_seed1701_deberta-v3-base_validation_thresholds.json,Humility,0.02
bce,microsoft/deberta-v3-base,validation,1701,tuned_per_label,per_label,results/logs/deberta_bce_seed1701_deberta-v3-base_validation_thresholds.json,Benevolence: caring,0.19
bce,microsoft/deberta-v3-base,validation,1701,tuned_per_label,per_label,results/logs/deberta_bce_seed1701_deberta-v3-base_validation_thresholds.json,Benevolence: dependability,0.18
bce,microsoft/deberta-v3-base,validation,1701,tuned_per_label,per_label,results/logs/deberta_bce_seed1701_deberta-v3-base_validation_thresholds.json,Universalism: concern,0.31
bce,microsoft/deberta-v3-base,validation,1701,tuned_per_label,per_label,results/logs/deberta_bce_seed1701_deberta-v3-base_validation_thresholds.json,Universalism: nature,0.14
bce,microsoft/deberta-v3-base,validation,1701,tuned_per_label,per_label,results/logs/deberta_bce_seed1701_deberta-v3-base_validation_thresholds.json,Universalism: tolerance,0.16
bce,microsoft/deberta-v3-base,test,1984,provided,provided,results/logs/deberta_bce_seed1984_deberta-v3-base_test_metrics.json,Self-direction: thought,0.06
bce,microsoft/deberta-v3-base,test,1984,provided,provided,results/logs/deberta_bce_seed1984_deberta-v3-base_test_metrics.json,Self-direction: action,0.14
bce,microsoft/deberta-v3-base,test,1984,provided,provided,results/logs/deberta_bce_seed1984_deberta-v3-base_test_metrics.json,Stimulation,0.2
bce,microsoft/deberta-v3-base,test,1984,provided,provided,results/logs/deberta_bce_seed1984_deberta-v3-base_test_metrics.json,Hedonism,0.44
bce,microsoft/deberta-v3-base,test,1984,provided,provided,results/logs/deberta_bce_seed1984_deberta-v3-base_test_metrics.json,Achievement,0.13
bce,microsoft/deberta-v3-base,test,1984,provided,provided,results/logs/deberta_bce_seed1984_deberta-v3-base_test_metrics.json,Power: dominance,0.33
bce,microsoft/deberta-v3-base,test,1984,provided,provided,results/logs/deberta_bce_seed1984_deberta-v3-base_test_metrics.json,Power: resources,0.2
bce,microsoft/deberta-v3-base,test,1984,provided,provided,results/logs/deberta_bce_seed1984_deberta-v3-base_test_metrics.json,Face,0.25
bce,microsoft/deberta-v3-base,test,1984,provided,provided,results/logs/deberta_bce_seed1984_deberta-v3-base_test_metrics.json,Security: personal,0.31
bce,microsoft/deberta-v3-base,test,1984,provided,provided,results/logs/deberta_bce_seed1984_deberta-v3-base_test_metrics.json,Security: societal,0.44
bce,microsoft/deberta-v3-base,test,1984,provided,provided,results/logs/deberta_bce_seed1984_deberta-v3-base_test_metrics.json,Tradition,0.07
bce,microsoft/deberta-v3-base,test,1984,provided,provided,results/logs/deberta_bce_seed1984_deberta-v3-base_test_metrics.json,Conformity: rules,0.17
bce,microsoft/deberta-v3-base,test,1984,provided,provided,results/logs/deberta_bce_seed1984_deberta-v3-base_test_metrics.json,Conformity: interpersonal,0.13
bce,microsoft/deberta-v3-base,test,1984,provided,provided,results/logs/deberta_bce_seed1984_deberta-v3-base_test_metrics.json,Humility,0.06
bce,microsoft/deberta-v3-base,test,1984,provided,provided,results/logs/deberta_bce_seed1984_deberta-v3-base_test_metrics.json,Benevolence: caring,0.24
bce,microsoft/deberta-v3-base,test,1984,provided,provided,results/logs/deberta_bce_seed1984_deberta-v3-base_test_metrics.json,Benevolence: dependability,0.19
bce,microsoft/deberta-v3-base,test,1984,provided,provided,results/logs/deberta_bce_seed1984_deberta-v3-base_test_metrics.json,Universalism: concern,0.16
bce,microsoft/deberta-v3-base,test,1984,provided,provided,results/logs/deberta_bce_seed1984_deberta-v3-base_test_metrics.json,Universalism: nature,0.08
bce,microsoft/deberta-v3-base,test,1984,provided,provided,results/logs/deberta_bce_seed1984_deberta-v3-base_test_metrics.json,Universalism: tolerance,0.21
bce,microsoft/deberta-v3-base,validation,1984,tuned_per_label,per_label,results/logs/deberta_bce_seed1984_deberta-v3-base_validation_thresholds.json,Self-direction: thought,0.06
bce,microsoft/deberta-v3-base,validation,1984,tuned_per_label,per_label,results/logs/deberta_bce_seed1984_deberta-v3-base_validation_thresholds.json,Self-direction: action,0.14
bce,microsoft/deberta-v3-base,validation,1984,tuned_per_label,per_label,results/logs/deberta_bce_seed1984_deberta-v3-base_validation_thresholds.json,Stimulation,0.2
bce,microsoft/deberta-v3-base,validation,1984,tuned_per_label,per_label,results/logs/deberta_bce_seed1984_deberta-v3-base_validation_thresholds.json,Hedonism,0.44
bce,microsoft/deberta-v3-base,validation,1984,tuned_per_label,per_label,results/logs/deberta_bce_seed1984_deberta-v3-base_validation_thresholds.json,Achievement,0.13
bce,microsoft/deberta-v3-base,validation,1984,tuned_per_label,per_label,results/logs/deberta_bce_seed1984_deberta-v3-base_validation_thresholds.json,Power: dominance,0.33
bce,microsoft/deberta-v3-base,validation,1984,tuned_per_label,per_label,results/logs/deberta_bce_seed1984_deberta-v3-base_validation_thresholds.json,Power: resources,0.2
bce,microsoft/deberta-v3-base,validation,1984,tuned_per_label,per_label,results/logs/deberta_bce_seed1984_deberta-v3-base_validation_thresholds.json,Face,0.25
bce,microsoft/deberta-v3-base,validation,1984,tuned_per_label,per_label,results/logs/deberta_bce_seed1984_deberta-v3-base_validation_thresholds.json,Security: personal,0.31
bce,microsoft/deberta-v3-base,validation,1984,tuned_per_label,per_label,results/logs/deberta_bce_seed1984_deberta-v3-base_validation_thresholds.json,Security: societal,0.44
bce,microsoft/deberta-v3-base,validation,1984,tuned_per_label,per_label,results/logs/deberta_bce_seed1984_deberta-v3-base_validation_thresholds.json,Tradition,0.07
bce,microsoft/deberta-v3-base,validation,1984,tuned_per_label,per_label,results/logs/deberta_bce_seed1984_deberta-v3-base_validation_thresholds.json,Conformity: rules,0.17
bce,microsoft/deberta-v3-base,validation,1984,tuned_per_label,per_label,results/logs/deberta_bce_seed1984_deberta-v3-base_validation_thresholds.json,Conformity: interpersonal,0.13
bce,microsoft/deberta-v3-base,validation,1984,tuned_per_label,per_label,results/logs/deberta_bce_seed1984_deberta-v3-base_validation_thresholds.json,Humility,0.06
bce,microsoft/deberta-v3-base,validation,1984,tuned_per_label,per_label,results/logs/deberta_bce_seed1984_deberta-v3-base_validation_thresholds.json,Benevolence: caring,0.24
bce,microsoft/deberta-v3-base,validation,1984,tuned_per_label,per_label,results/logs/deberta_bce_seed1984_deberta-v3-base_validation_thresholds.json,Benevolence: dependability,0.19
bce,microsoft/deberta-v3-base,validation,1984,tuned_per_label,per_label,results/logs/deberta_bce_seed1984_deberta-v3-base_validation_thresholds.json,Universalism: concern,0.16
bce,microsoft/deberta-v3-base,validation,1984,tuned_per_label,per_label,results/logs/deberta_bce_seed1984_deberta-v3-base_validation_thresholds.json,Universalism: nature,0.08
bce,microsoft/deberta-v3-base,validation,1984,tuned_per_label,per_label,results/logs/deberta_bce_seed1984_deberta-v3-base_validation_thresholds.json,Universalism: tolerance,0.21
bce,microsoft/deberta-v3-base,test,42,provided,provided,results/logs/deberta_bce_seed42_deberta-v3-base_test_metrics.json,Self-direction: thought,0.12
bce,microsoft/deberta-v3-base,test,42,provided,provided,results/logs/deberta_bce_seed42_deberta-v3-base_test_metrics.json,Self-direction: action,0.32
bce,microsoft/deberta-v3-base,test,42,provided,provided,results/logs/deberta_bce_seed42_deberta-v3-base_test_metrics.json,Stimulation,0.13
bce,microsoft/deberta-v3-base,test,42,provided,provided,results/logs/deberta_bce_seed42_deberta-v3-base_test_metrics.json,Hedonism,0.32
bce,microsoft/deberta-v3-base,test,42,provided,provided,results/logs/deberta_bce_seed42_deberta-v3-base_test_metrics.json,Achievement,0.06
bce,microsoft/deberta-v3-base,test,42,provided,provided,results/logs/deberta_bce_seed42_deberta-v3-base_test_metrics.json,Power: dominance,0.16
bce,microsoft/deberta-v3-base,test,42,provided,provided,results/logs/deberta_bce_seed42_deberta-v3-base_test_metrics.json,Power: resources,0.07
bce,microsoft/deberta-v3-base,test,42,provided,provided,results/logs/deberta_bce_seed42_deberta-v3-base_test_metrics.json,Face,0.29
bce,microsoft/deberta-v3-base,test,42,provided,provided,results/logs/deberta_bce_seed42_deberta-v3-base_test_metrics.json,Security: personal,0.27
bce,microsoft/deberta-v3-base,test,42,provided,provided,results/logs/deberta_bce_seed42_deberta-v3-base_test_metrics.json,Security: societal,0.43
bce,microsoft/deberta-v3-base,test,42,provided,provided,results/logs/deberta_bce_seed42_deberta-v3-base_test_metrics.json,Tradition,0.19
bce,microsoft/deberta-v3-base,test,42,provided,provided,results/logs/deberta_bce_seed42_deberta-v3-base_test_metrics.json,Conformity: rules,0.28
bce,microsoft/deberta-v3-base,test,42,provided,provided,results/logs/deberta_bce_seed42_deberta-v3-base_test_metrics.json,Conformity: interpersonal,0.16
bce,microsoft/deberta-v3-base,test,42,provided,provided,results/logs/deberta_bce_seed42_deberta-v3-base_test_metrics.json,Humility,0.02
bce,microsoft/deberta-v3-base,test,42,provided,provided,results/logs/deberta_bce_seed42_deberta-v3-base_test_metrics.json,Benevolence: caring,0.12
bce,microsoft/deberta-v3-base,test,42,provided,provided,results/logs/deberta_bce_seed42_deberta-v3-base_test_metrics.json,Benevolence: dependability,0.26
bce,microsoft/deberta-v3-base,test,42,provided,provided,results/logs/deberta_bce_seed42_deberta-v3-base_test_metrics.json,Universalism: concern,0.14
bce,microsoft/deberta-v3-base,test,42,provided,provided,results/logs/deberta_bce_seed42_deberta-v3-base_test_metrics.json,Universalism: nature,0.2
bce,microsoft/deberta-v3-base,test,42,provided,provided,results/logs/deberta_bce_seed42_deberta-v3-base_test_metrics.json,Universalism: tolerance,0.13
bce,microsoft/deberta-v3-base,validation,42,tuned_per_label,per_label,results/logs/deberta_bce_seed42_deberta-v3-base_validation_thresholds.json,Self-direction: thought,0.12
bce,microsoft/deberta-v3-base,validation,42,tuned_per_label,per_label,results/logs/deberta_bce_seed42_deberta-v3-base_validation_thresholds.json,Self-direction: action,0.32
bce,microsoft/deberta-v3-base,validation,42,tuned_per_label,per_label,results/logs/deberta_bce_seed42_deberta-v3-base_validation_thresholds.json,Stimulation,0.13
bce,microsoft/deberta-v3-base,validation,42,tuned_per_label,per_label,results/logs/deberta_bce_seed42_deberta-v3-base_validation_thresholds.json,Hedonism,0.32
bce,microsoft/deberta-v3-base,validation,42,tuned_per_label,per_label,results/logs/deberta_bce_seed42_deberta-v3-base_validation_thresholds.json,Achievement,0.06
bce,microsoft/deberta-v3-base,validation,42,tuned_per_label,per_label,results/logs/deberta_bce_seed42_deberta-v3-base_validation_thresholds.json,Power: dominance,0.16
bce,microsoft/deberta-v3-base,validation,42,tuned_per_label,per_label,results/logs/deberta_bce_seed42_deberta-v3-base_validation_thresholds.json,Power: resources,0.07
bce,microsoft/deberta-v3-base,validation,42,tuned_per_label,per_label,results/logs/deberta_bce_seed42_deberta-v3-base_validation_thresholds.json,Face,0.29
bce,microsoft/deberta-v3-base,validation,42,tuned_per_label,per_label,results/logs/deberta_bce_seed42_deberta-v3-base_validation_thresholds.json,Security: personal,0.27
bce,microsoft/deberta-v3-base,validation,42,tuned_per_label,per_label,results/logs/deberta_bce_seed42_deberta-v3-base_validation_thresholds.json,Security: societal,0.43
bce,microsoft/deberta-v3-base,validation,42,tuned_per_label,per_label,results/logs/deberta_bce_seed42_deberta-v3-base_validation_thresholds.json,Tradition,0.19
bce,microsoft/deberta-v3-base,validation,42,tuned_per_label,per_label,results/logs/deberta_bce_seed42_deberta-v3-base_validation_thresholds.json,Conformity: rules,0.28
bce,microsoft/deberta-v3-base,validation,42,tuned_per_label,per_label,results/logs/deberta_bce_seed42_deberta-v3-base_validation_thresholds.json,Conformity: interpersonal,0.16
bce,microsoft/deberta-v3-base,validation,42,tuned_per_label,per_label,results/logs/deberta_bce_seed42_deberta-v3-base_validation_thresholds.json,Humility,0.02
bce,microsoft/deberta-v3-base,validation,42,tuned_per_label,per_label,results/logs/deberta_bce_seed42_deberta-v3-base_validation_thresholds.json,Benevolence: caring,0.12
bce,microsoft/deberta-v3-base,validation,42,tuned_per_label,per_label,results/logs/deberta_bce_seed42_deberta-v3-base_validation_thresholds.json,Benevolence: dependability,0.26
bce,microsoft/deberta-v3-base,validation,42,tuned_per_label,per_label,results/logs/deberta_bce_seed42_deberta-v3-base_validation_thresholds.json,Universalism: concern,0.14
bce,microsoft/deberta-v3-base,validation,42,tuned_per_label,per_label,results/logs/deberta_bce_seed42_deberta-v3-base_validation_thresholds.json,Universalism: nature,0.2
bce,microsoft/deberta-v3-base,validation,42,tuned_per_label,per_label,results/logs/deberta_bce_seed42_deberta-v3-base_validation_thresholds.json,Universalism: tolerance,0.13
bce,microsoft/deberta-v3-base,test,7,provided,provided,results/logs/deberta_bce_seed7_deberta-v3-base_test_metrics.json,Self-direction: thought,0.14
bce,microsoft/deberta-v3-base,test,7,provided,provided,results/logs/deberta_bce_seed7_deberta-v3-base_test_metrics.json,Self-direction: action,0.35000000000000003
bce,microsoft/deberta-v3-base,test,7,provided,provided,results/logs/deberta_bce_seed7_deberta-v3-base_test_metrics.json,Stimulation,0.3
bce,microsoft/deberta-v3-base,test,7,provided,provided,results/logs/deberta_bce_seed7_deberta-v3-base_test_metrics.json,Hedonism,0.38
bce,microsoft/deberta-v3-base,test,7,provided,provided,results/logs/deberta_bce_seed7_deberta-v3-base_test_metrics.json,Achievement,0.25
bce,microsoft/deberta-v3-base,test,7,provided,provided,results/logs/deberta_bce_seed7_deberta-v3-base_test_metrics.json,Power: dominance,0.16
bce,microsoft/deberta-v3-base,test,7,provided,provided,results/logs/deberta_bce_seed7_deberta-v3-base_test_metrics.json,Power: resources,0.09
bce,microsoft/deberta-v3-base,test,7,provided,provided,results/logs/deberta_bce_seed7_deberta-v3-base_test_metrics.json,Face,0.15
bce,microsoft/deberta-v3-base,test,7,provided,provided,results/logs/deberta_bce_seed7_deberta-v3-base_test_metrics.json,Security: personal,0.08
bce,microsoft/deberta-v3-base,test,7,provided,provided,results/logs/deberta_bce_seed7_deberta-v3-base_test_metrics.json,Security: societal,0.19
bce,microsoft/deberta-v3-base,test,7,provided,provided,results/logs/deberta_bce_seed7_deberta-v3-base_test_metrics.json,Tradition,0.4
bce,microsoft/deberta-v3-base,test,7,provided,provided,results/logs/deberta_bce_seed7_deberta-v3-base_test_metrics.json,Conformity: rules,0.28
bce,microsoft/deberta-v3-base,test,7,provided,provided,results/logs/deberta_bce_seed7_deberta-v3-base_test_metrics.json,Conformity: interpersonal,0.17
bce,microsoft/deberta-v3-base,test,7,provided,provided,results/logs/deberta_bce_seed7_deberta-v3-base_test_metrics.json,Humility,0.03
bce,microsoft/deberta-v3-base,test,7,provided,provided,results/logs/deberta_bce_seed7_deberta-v3-base_test_metrics.json,Benevolence: caring,0.12
bce,microsoft/deberta-v3-base,test,7,provided,provided,results/logs/deberta_bce_seed7_deberta-v3-base_test_metrics.json,Benevolence: dependability,0.25
bce,microsoft/deberta-v3-base,test,7,provided,provided,results/logs/deberta_bce_seed7_deberta-v3-base_test_metrics.json,Universalism: concern,0.27
bce,microsoft/deberta-v3-base,test,7,provided,provided,results/logs/deberta_bce_seed7_deberta-v3-base_test_metrics.json,Universalism: nature,0.17
bce,microsoft/deberta-v3-base,test,7,provided,provided,results/logs/deberta_bce_seed7_deberta-v3-base_test_metrics.json,Universalism: tolerance,0.16
bce,microsoft/deberta-v3-base,validation,7,tuned_per_label,per_label,results/logs/deberta_bce_seed7_deberta-v3-base_validation_thresholds.json,Self-direction: thought,0.14
bce,microsoft/deberta-v3-base,validation,7,tuned_per_label,per_label,results/logs/deberta_bce_seed7_deberta-v3-base_validation_thresholds.json,Self-direction: action,0.35000000000000003
bce,microsoft/deberta-v3-base,validation,7,tuned_per_label,per_label,results/logs/deberta_bce_seed7_deberta-v3-base_validation_thresholds.json,Stimulation,0.3
bce,microsoft/deberta-v3-base,validation,7,tuned_per_label,per_label,results/logs/deberta_bce_seed7_deberta-v3-base_validation_thresholds.json,Hedonism,0.38
bce,microsoft/deberta-v3-base,validation,7,tuned_per_label,per_label,results/logs/deberta_bce_seed7_deberta-v3-base_validation_thresholds.json,Achievement,0.25
bce,microsoft/deberta-v3-base,validation,7,tuned_per_label,per_label,results/logs/deberta_bce_seed7_deberta-v3-base_validation_thresholds.json,Power: dominance,0.16
bce,microsoft/deberta-v3-base,validation,7,tuned_per_label,per_label,results/logs/deberta_bce_seed7_deberta-v3-base_validation_thresholds.json,Power: resources,0.09
bce,microsoft/deberta-v3-base,validation,7,tuned_per_label,per_label,results/logs/deberta_bce_seed7_deberta-v3-base_validation_thresholds.json,Face,0.15
bce,microsoft/deberta-v3-base,validation,7,tuned_per_label,per_label,results/logs/deberta_bce_seed7_deberta-v3-base_validation_thresholds.json,Security: personal,0.08
bce,microsoft/deberta-v3-base,validation,7,tuned_per_label,per_label,results/logs/deberta_bce_seed7_deberta-v3-base_validation_thresholds.json,Security: societal,0.19
bce,microsoft/deberta-v3-base,validation,7,tuned_per_label,per_label,results/logs/deberta_bce_seed7_deberta-v3-base_validation_thresholds.json,Tradition,0.4
bce,microsoft/deberta-v3-base,validation,7,tuned_per_label,per_label,results/logs/deberta_bce_seed7_deberta-v3-base_validation_thresholds.json,Conformity: rules,0.28
bce,microsoft/deberta-v3-base,validation,7,tuned_per_label,per_label,results/logs/deberta_bce_seed7_deberta-v3-base_validation_thresholds.json,Conformity: interpersonal,0.17
bce,microsoft/deberta-v3-base,validation,7,tuned_per_label,per_label,results/logs/deberta_bce_seed7_deberta-v3-base_validation_thresholds.json,Humility,0.03
bce,microsoft/deberta-v3-base,validation,7,tuned_per_label,per_label,results/logs/deberta_bce_seed7_deberta-v3-base_validation_thresholds.json,Benevolence: caring,0.12
bce,microsoft/deberta-v3-base,validation,7,tuned_per_label,per_label,results/logs/deberta_bce_seed7_deberta-v3-base_validation_thresholds.json,Benevolence: dependability,0.25
bce,microsoft/deberta-v3-base,validation,7,tuned_per_label,per_label,results/logs/deberta_bce_seed7_deberta-v3-base_validation_thresholds.json,Universalism: concern,0.27
bce,microsoft/deberta-v3-base,validation,7,tuned_per_label,per_label,results/logs/deberta_bce_seed7_deberta-v3-base_validation_thresholds.json,Universalism: nature,0.17
bce,microsoft/deberta-v3-base,validation,7,tuned_per_label,per_label,results/logs/deberta_bce_seed7_deberta-v3-base_validation_thresholds.json,Universalism: tolerance,0.16
empirical_structure,microsoft/deberta-v3-base,test,11,provided,provided,results/logs/deberta_empirical_structure_seed11_deberta-v3-base_test_metrics.json,Self-direction: thought,0.06
empirical_structure,microsoft/deberta-v3-base,test,11,provided,provided,results/logs/deberta_empirical_structure_seed11_deberta-v3-base_test_metrics.json,Self-direction: action,0.21
empirical_structure,microsoft/deberta-v3-base,test,11,provided,provided,results/logs/deberta_empirical_structure_seed11_deberta-v3-base_test_metrics.json,Stimulation,0.15
empirical_structure,microsoft/deberta-v3-base,test,11,provided,provided,results/logs/deberta_empirical_structure_seed11_deberta-v3-base_test_metrics.json,Hedonism,0.23
empirical_structure,microsoft/deberta-v3-base,test,11,provided,provided,results/logs/deberta_empirical_structure_seed11_deberta-v3-base_test_metrics.json,Achievement,0.14
empirical_structure,microsoft/deberta-v3-base,test,11,provided,provided,results/logs/deberta_empirical_structure_seed11_deberta-v3-base_test_metrics.json,Power: dominance,0.28
empirical_structure,microsoft/deberta-v3-base,test,11,provided,provided,results/logs/deberta_empirical_structure_seed11_deberta-v3-base_test_metrics.json,Power: resources,0.1
empirical_structure,microsoft/deberta-v3-base,test,11,provided,provided,results/logs/deberta_empirical_structure_seed11_deberta-v3-base_test_metrics.json,Face,0.07
empirical_structure,microsoft/deberta-v3-base,test,11,provided,provided,results/logs/deberta_empirical_structure_seed11_deberta-v3-base_test_metrics.json,Security: personal,0.1
empirical_structure,microsoft/deberta-v3-base,test,11,provided,provided,results/logs/deberta_empirical_structure_seed11_deberta-v3-base_test_metrics.json,Security: societal,0.28
empirical_structure,microsoft/deberta-v3-base,test,11,provided,provided,results/logs/deberta_empirical_structure_seed11_deberta-v3-base_test_metrics.json,Tradition,0.23
empirical_structure,microsoft/deberta-v3-base,test,11,provided,provided,results/logs/deberta_empirical_structure_seed11_deberta-v3-base_test_metrics.json,Conformity: rules,0.07
empirical_structure,microsoft/deberta-v3-base,test,11,provided,provided,results/logs/deberta_empirical_structure_seed11_deberta-v3-base_test_metrics.json,Conformity: interpersonal,0.08
empirical_structure,microsoft/deberta-v3-base,test,11,provided,provided,results/logs/deberta_empirical_structure_seed11_deberta-v3-base_test_metrics.json,Humility,0.01
empirical_structure,microsoft/deberta-v3-base,test,11,provided,provided,results/logs/deberta_empirical_structure_seed11_deberta-v3-base_test_metrics.json,Benevolence: caring,0.2
empirical_structure,microsoft/deberta-v3-base,test,11,provided,provided,results/logs/deberta_empirical_structure_seed11_deberta-v3-base_test_metrics.json,Benevolence: dependability,0.12
empirical_structure,microsoft/deberta-v3-base,test,11,provided,provided,results/logs/deberta_empirical_structure_seed11_deberta-v3-base_test_metrics.json,Universalism: concern,0.22
empirical_structure,microsoft/deberta-v3-base,test,11,provided,provided,results/logs/deberta_empirical_structure_seed11_deberta-v3-base_test_metrics.json,Universalism: nature,0.05
empirical_structure,microsoft/deberta-v3-base,test,11,provided,provided,results/logs/deberta_empirical_structure_seed11_deberta-v3-base_test_metrics.json,Universalism: tolerance,0.18
empirical_structure,microsoft/deberta-v3-base,validation,11,tuned_per_label,per_label,results/logs/deberta_empirical_structure_seed11_deberta-v3-base_validation_thresholds.json,Self-direction: thought,0.06
empirical_structure,microsoft/deberta-v3-base,validation,11,tuned_per_label,per_label,results/logs/deberta_empirical_structure_seed11_deberta-v3-base_validation_thresholds.json,Self-direction: action,0.21
empirical_structure,microsoft/deberta-v3-base,validation,11,tuned_per_label,per_label,results/logs/deberta_empirical_structure_seed11_deberta-v3-base_validation_thresholds.json,Stimulation,0.15
empirical_structure,microsoft/deberta-v3-base,validation,11,tuned_per_label,per_label,results/logs/deberta_empirical_structure_seed11_deberta-v3-base_validation_thresholds.json,Hedonism,0.23
empirical_structure,microsoft/deberta-v3-base,validation,11,tuned_per_label,per_label,results/logs/deberta_empirical_structure_seed11_deberta-v3-base_validation_thresholds.json,Achievement,0.14
empirical_structure,microsoft/deberta-v3-base,validation,11,tuned_per_label,per_label,results/logs/deberta_empirical_structure_seed11_deberta-v3-base_validation_thresholds.json,Power: dominance,0.28
empirical_structure,microsoft/deberta-v3-base,validation,11,tuned_per_label,per_label,results/logs/deberta_empirical_structure_seed11_deberta-v3-base_validation_thresholds.json,Power: resources,0.1
empirical_structure,microsoft/deberta-v3-base,validation,11,tuned_per_label,per_label,results/logs/deberta_empirical_structure_seed11_deberta-v3-base_validation_thresholds.json,Face,0.07
empirical_structure,microsoft/deberta-v3-base,validation,11,tuned_per_label,per_label,results/logs/deberta_empirical_structure_seed11_deberta-v3-base_validation_thresholds.json,Security: personal,0.1
empirical_structure,microsoft/deberta-v3-base,validation,11,tuned_per_label,per_label,results/logs/deberta_empirical_structure_seed11_deberta-v3-base_validation_thresholds.json,Security: societal,0.28
empirical_structure,microsoft/deberta-v3-base,validation,11,tuned_per_label,per_label,results/logs/deberta_empirical_structure_seed11_deberta-v3-base_validation_thresholds.json,Tradition,0.23
empirical_structure,microsoft/deberta-v3-base,validation,11,tuned_per_label,per_label,results/logs/deberta_empirical_structure_seed11_deberta-v3-base_validation_thresholds.json,Conformity: rules,0.07
empirical_structure,microsoft/deberta-v3-base,validation,11,tuned_per_label,per_label,results/logs/deberta_empirical_structure_seed11_deberta-v3-base_validation_thresholds.json,Conformity: interpersonal,0.08
empirical_structure,microsoft/deberta-v3-base,validation,11,tuned_per_label,per_label,results/logs/deberta_empirical_structure_seed11_deberta-v3-base_validation_thresholds.json,Humility,0.01
empirical_structure,microsoft/deberta-v3-base,validation,11,tuned_per_label,per_label,results/logs/deberta_empirical_structure_seed11_deberta-v3-base_validation_thresholds.json,Benevolence: caring,0.2
empirical_structure,microsoft/deberta-v3-base,validation,11,tuned_per_label,per_label,results/logs/deberta_empirical_structure_seed11_deberta-v3-base_validation_thresholds.json,Benevolence: dependability,0.12
empirical_structure,microsoft/deberta-v3-base,validation,11,tuned_per_label,per_label,results/logs/deberta_empirical_structure_seed11_deberta-v3-base_validation_thresholds.json,Universalism: concern,0.22
empirical_structure,microsoft/deberta-v3-base,validation,11,tuned_per_label,per_label,results/logs/deberta_empirical_structure_seed11_deberta-v3-base_validation_thresholds.json,Universalism: nature,0.05
empirical_structure,microsoft/deberta-v3-base,validation,11,tuned_per_label,per_label,results/logs/deberta_empirical_structure_seed11_deberta-v3-base_validation_thresholds.json,Universalism: tolerance,0.18
empirical_structure,microsoft/deberta-v3-base,test,1701,provided,provided,results/logs/deberta_empirical_structure_seed1701_deberta-v3-base_test_metrics.json,Self-direction: thought,0.15
empirical_structure,microsoft/deberta-v3-base,test,1701,provided,provided,results/logs/deberta_empirical_structure_seed1701_deberta-v3-base_test_metrics.json,Self-direction: action,0.26
empirical_structure,microsoft/deberta-v3-base,test,1701,provided,provided,results/logs/deberta_empirical_structure_seed1701_deberta-v3-base_test_metrics.json,Stimulation,0.29
empirical_structure,microsoft/deberta-v3-base,test,1701,provided,provided,results/logs/deberta_empirical_structure_seed1701_deberta-v3-base_test_metrics.json,Hedonism,0.4
empirical_structure,microsoft/deberta-v3-base,test,1701,provided,provided,results/logs/deberta_empirical_structure_seed1701_deberta-v3-base_test_metrics.json,Achievement,0.2
empirical_structure,microsoft/deberta-v3-base,test,1701,provided,provided,results/logs/deberta_empirical_structure_seed1701_deberta-v3-base_test_metrics.json,Power: dominance,0.17
empirical_structure,microsoft/deberta-v3-base,test,1701,provided,provided,results/logs/deberta_empirical_structure_seed1701_deberta-v3-base_test_metrics.json,Power: resources,0.1
empirical_structure,microsoft/deberta-v3-base,test,1701,provided,provided,results/logs/deberta_empirical_structure_seed1701_deberta-v3-base_test_metrics.json,Face,0.23
empirical_structure,microsoft/deberta-v3-base,test,1701,provided,provided,results/logs/deberta_empirical_structure_seed1701_deberta-v3-base_test_metrics.json,Security: personal,0.16
empirical_structure,microsoft/deberta-v3-base,test,1701,provided,provided,results/logs/deberta_empirical_structure_seed1701_deberta-v3-base_test_metrics.json,Security: societal,0.3
empirical_structure,microsoft/deberta-v3-base,test,1701,provided,provided,results/logs/deberta_empirical_structure_seed1701_deberta-v3-base_test_metrics.json,Tradition,0.27
empirical_structure,microsoft/deberta-v3-base,test,1701,provided,provided,results/logs/deberta_empirical_structure_seed1701_deberta-v3-base_test_metrics.json,Conformity: rules,0.16
empirical_structure,microsoft/deberta-v3-base,test,1701,provided,provided,results/logs/deberta_empirical_structure_seed1701_deberta-v3-base_test_metrics.json,Conformity: interpersonal,0.18
empirical_structure,microsoft/deberta-v3-base,test,1701,provided,provided,results/logs/deberta_empirical_structure_seed1701_deberta-v3-base_test_metrics.json,Humility,0.03
empirical_structure,microsoft/deberta-v3-base,test,1701,provided,provided,results/logs/deberta_empirical_structure_seed1701_deberta-v3-base_test_metrics.json,Benevolence: caring,0.12
empirical_structure,microsoft/deberta-v3-base,test,1701,provided,provided,results/logs/deberta_empirical_structure_seed1701_deberta-v3-base_test_metrics.json,Benevolence: dependability,0.2
empirical_structure,microsoft/deberta-v3-base,test,1701,provided,provided,results/logs/deberta_empirical_structure_seed1701_deberta-v3-base_test_metrics.json,Universalism: concern,0.23
empirical_structure,microsoft/deberta-v3-base,test,1701,provided,provided,results/logs/deberta_empirical_structure_seed1701_deberta-v3-base_test_metrics.json,Universalism: nature,0.07
empirical_structure,microsoft/deberta-v3-base,test,1701,provided,provided,results/logs/deberta_empirical_structure_seed1701_deberta-v3-base_test_metrics.json,Universalism: tolerance,0.09
empirical_structure,microsoft/deberta-v3-base,validation,1701,tuned_per_label,per_label,results/logs/deberta_empirical_structure_seed1701_deberta-v3-base_validation_thresholds.json,Self-direction: thought,0.15
empirical_structure,microsoft/deberta-v3-base,validation,1701,tuned_per_label,per_label,results/logs/deberta_empirical_structure_seed1701_deberta-v3-base_validation_thresholds.json,Self-direction: action,0.26
empirical_structure,microsoft/deberta-v3-base,validation,1701,tuned_per_label,per_label,results/logs/deberta_empirical_structure_seed1701_deberta-v3-base_validation_thresholds.json,Stimulation,0.29
empirical_structure,microsoft/deberta-v3-base,validation,1701,tuned_per_label,per_label,results/logs/deberta_empirical_structure_seed1701_deberta-v3-base_validation_thresholds.json,Hedonism,0.4
empirical_structure,microsoft/deberta-v3-base,validation,1701,tuned_per_label,per_label,results/logs/deberta_empirical_structure_seed1701_deberta-v3-base_validation_thresholds.json,Achievement,0.2
empirical_structure,microsoft/deberta-v3-base,validation,1701,tuned_per_label,per_label,results/logs/deberta_empirical_structure_seed1701_deberta-v3-base_validation_thresholds.json,Power: dominance,0.17
empirical_structure,microsoft/deberta-v3-base,validation,1701,tuned_per_label,per_label,results/logs/deberta_empirical_structure_seed1701_deberta-v3-base_validation_thresholds.json,Power: resources,0.1
empirical_structure,microsoft/deberta-v3-base,validation,1701,tuned_per_label,per_label,results/logs/deberta_empirical_structure_seed1701_deberta-v3-base_validation_thresholds.json,Face,0.23
empirical_structure,microsoft/deberta-v3-base,validation,1701,tuned_per_label,per_label,results/logs/deberta_empirical_structure_seed1701_deberta-v3-base_validation_thresholds.json,Security: personal,0.16
empirical_structure,microsoft/deberta-v3-base,validation,1701,tuned_per_label,per_label,results/logs/deberta_empirical_structure_seed1701_deberta-v3-base_validation_thresholds.json,Security: societal,0.3
empirical_structure,microsoft/deberta-v3-base,validation,1701,tuned_per_label,per_label,results/logs/deberta_empirical_structure_seed1701_deberta-v3-base_validation_thresholds.json,Tradition,0.27
empirical_structure,microsoft/deberta-v3-base,validation,1701,tuned_per_label,per_label,results/logs/deberta_empirical_structure_seed1701_deberta-v3-base_validation_thresholds.json,Conformity: rules,0.16
empirical_structure,microsoft/deberta-v3-base,validation,1701,tuned_per_label,per_label,results/logs/deberta_empirical_structure_seed1701_deberta-v3-base_validation_thresholds.json,Conformity: interpersonal,0.18
empirical_structure,microsoft/deberta-v3-base,validation,1701,tuned_per_label,per_label,results/logs/deberta_empirical_structure_seed1701_deberta-v3-base_validation_thresholds.json,Humility,0.03
empirical_structure,microsoft/deberta-v3-base,validation,1701,tuned_per_label,per_label,results/logs/deberta_empirical_structure_seed1701_deberta-v3-base_validation_thresholds.json,Benevolence: caring,0.12
empirical_structure,microsoft/deberta-v3-base,validation,1701,tuned_per_label,per_label,results/logs/deberta_empirical_structure_seed1701_deberta-v3-base_validation_thresholds.json,Benevolence: dependability,0.2
empirical_structure,microsoft/deberta-v3-base,validation,1701,tuned_per_label,per_label,results/logs/deberta_empirical_structure_seed1701_deberta-v3-base_validation_thresholds.json,Universalism: concern,0.23
empirical_structure,microsoft/deberta-v3-base,validation,1701,tuned_per_label,per_label,results/logs/deberta_empirical_structure_seed1701_deberta-v3-base_validation_thresholds.json,Universalism: nature,0.07
empirical_structure,microsoft/deberta-v3-base,validation,1701,tuned_per_label,per_label,results/logs/deberta_empirical_structure_seed1701_deberta-v3-base_validation_thresholds.json,Universalism: tolerance,0.09
empirical_structure,microsoft/deberta-v3-base,test,1984,provided,provided,results/logs/deberta_empirical_structure_seed1984_deberta-v3-base_test_metrics.json,Self-direction: thought,0.06
empirical_structure,microsoft/deberta-v3-base,test,1984,provided,provided,results/logs/deberta_empirical_structure_seed1984_deberta-v3-base_test_metrics.json,Self-direction: action,0.11
empirical_structure,microsoft/deberta-v3-base,test,1984,provided,provided,results/logs/deberta_empirical_structure_seed1984_deberta-v3-base_test_metrics.json,Stimulation,0.23
empirical_structure,microsoft/deberta-v3-base,test,1984,provided,provided,results/logs/deberta_empirical_structure_seed1984_deberta-v3-base_test_metrics.json,Hedonism,0.21
empirical_structure,microsoft/deberta-v3-base,test,1984,provided,provided,results/logs/deberta_empirical_structure_seed1984_deberta-v3-base_test_metrics.json,Achievement,0.12
empirical_structure,microsoft/deberta-v3-base,test,1984,provided,provided,results/logs/deberta_empirical_structure_seed1984_deberta-v3-base_test_metrics.json,Power: dominance,0.31
empirical_structure,microsoft/deberta-v3-base,test,1984,provided,provided,results/logs/deberta_empirical_structure_seed1984_deberta-v3-base_test_metrics.json,Power: resources,0.08
empirical_structure,microsoft/deberta-v3-base,test,1984,provided,provided,results/logs/deberta_empirical_structure_seed1984_deberta-v3-base_test_metrics.json,Face,0.1
empirical_structure,microsoft/deberta-v3-base,test,1984,provided,provided,results/logs/deberta_empirical_structure_seed1984_deberta-v3-base_test_metrics.json,Security: personal,0.13
empirical_structure,microsoft/deberta-v3-base,test,1984,provided,provided,results/logs/deberta_empirical_structure_seed1984_deberta-v3-base_test_metrics.json,Security: societal,0.28
empirical_structure,microsoft/deberta-v3-base,test,1984,provided,provided,results/logs/deberta_empirical_structure_seed1984_deberta-v3-base_test_metrics.json,Tradition,0.08
empirical_structure,microsoft/deberta-v3-base,test,1984,provided,provided,results/logs/deberta_empirical_structure_seed1984_deberta-v3-base_test_metrics.json,Conformity: rules,0.16
empirical_structure,microsoft/deberta-v3-base,test,1984,provided,provided,results/logs/deberta_empirical_structure_seed1984_deberta-v3-base_test_metrics.json,Conformity: interpersonal,0.09
empirical_structure,microsoft/deberta-v3-base,test,1984,provided,provided,results/logs/deberta_empirical_structure_seed1984_deberta-v3-base_test_metrics.json,Humility,0.02
empirical_structure,microsoft/deberta-v3-base,test,1984,provided,provided,results/logs/deberta_empirical_structure_seed1984_deberta-v3-base_test_metrics.json,Benevolence: caring,0.1
empirical_structure,microsoft/deberta-v3-base,test,1984,provided,provided,results/logs/deberta_empirical_structure_seed1984_deberta-v3-base_test_metrics.json,Benevolence: dependability,0.28
empirical_structure,microsoft/deberta-v3-base,test,1984,provided,provided,results/logs/deberta_empirical_structure_seed1984_deberta-v3-base_test_metrics.json,Universalism: concern,0.25
empirical_structure,microsoft/deberta-v3-base,test,1984,provided,provided,results/logs/deberta_empirical_structure_seed1984_deberta-v3-base_test_metrics.json,Universalism: nature,0.15
empirical_structure,microsoft/deberta-v3-base,test,1984,provided,provided,results/logs/deberta_empirical_structure_seed1984_deberta-v3-base_test_metrics.json,Universalism: tolerance,0.19
empirical_structure,microsoft/deberta-v3-base,validation,1984,tuned_per_label,per_label,results/logs/deberta_empirical_structure_seed1984_deberta-v3-base_validation_thresholds.json,Self-direction: thought,0.06
empirical_structure,microsoft/deberta-v3-base,validation,1984,tuned_per_label,per_label,results/logs/deberta_empirical_structure_seed1984_deberta-v3-base_validation_thresholds.json,Self-direction: action,0.11
empirical_structure,microsoft/deberta-v3-base,validation,1984,tuned_per_label,per_label,results/logs/deberta_empirical_structure_seed1984_deberta-v3-base_validation_thresholds.json,Stimulation,0.23
empirical_structure,microsoft/deberta-v3-base,validation,1984,tuned_per_label,per_label,results/logs/deberta_empirical_structure_seed1984_deberta-v3-base_validation_thresholds.json,Hedonism,0.21
empirical_structure,microsoft/deberta-v3-base,validation,1984,tuned_per_label,per_label,results/logs/deberta_empirical_structure_seed1984_deberta-v3-base_validation_thresholds.json,Achievement,0.12
empirical_structure,microsoft/deberta-v3-base,validation,1984,tuned_per_label,per_label,results/logs/deberta_empirical_structure_seed1984_deberta-v3-base_validation_thresholds.json,Power: dominance,0.31
empirical_structure,microsoft/deberta-v3-base,validation,1984,tuned_per_label,per_label,results/logs/deberta_empirical_structure_seed1984_deberta-v3-base_validation_thresholds.json,Power: resources,0.08
empirical_structure,microsoft/deberta-v3-base,validation,1984,tuned_per_label,per_label,results/logs/deberta_empirical_structure_seed1984_deberta-v3-base_validation_thresholds.json,Face,0.1
empirical_structure,microsoft/deberta-v3-base,validation,1984,tuned_per_label,per_label,results/logs/deberta_empirical_structure_seed1984_deberta-v3-base_validation_thresholds.json,Security: personal,0.13
empirical_structure,microsoft/deberta-v3-base,validation,1984,tuned_per_label,per_label,results/logs/deberta_empirical_structure_seed1984_deberta-v3-base_validation_thresholds.json,Security: societal,0.28
empirical_structure,microsoft/deberta-v3-base,validation,1984,tuned_per_label,per_label,results/logs/deberta_empirical_structure_seed1984_deberta-v3-base_validation_thresholds.json,Tradition,0.08
empirical_structure,microsoft/deberta-v3-base,validation,1984,tuned_per_label,per_label,results/logs/deberta_empirical_structure_seed1984_deberta-v3-base_validation_thresholds.json,Conformity: rules,0.16
empirical_structure,microsoft/deberta-v3-base,validation,1984,tuned_per_label,per_label,results/logs/deberta_empirical_structure_seed1984_deberta-v3-base_validation_thresholds.json,Conformity: interpersonal,0.09
empirical_structure,microsoft/deberta-v3-base,validation,1984,tuned_per_label,per_label,results/logs/deberta_empirical_structure_seed1984_deberta-v3-base_validation_thresholds.json,Humility,0.02
empirical_structure,microsoft/deberta-v3-base,validation,1984,tuned_per_label,per_label,results/logs/deberta_empirical_structure_seed1984_deberta-v3-base_validation_thresholds.json,Benevolence: caring,0.1
empirical_structure,microsoft/deberta-v3-base,validation,1984,tuned_per_label,per_label,results/logs/deberta_empirical_structure_seed1984_deberta-v3-base_validation_thresholds.json,Benevolence: dependability,0.28
empirical_structure,microsoft/deberta-v3-base,validation,1984,tuned_per_label,per_label,results/logs/deberta_empirical_structure_seed1984_deberta-v3-base_validation_thresholds.json,Universalism: concern,0.25
empirical_structure,microsoft/deberta-v3-base,validation,1984,tuned_per_label,per_label,results/logs/deberta_empirical_structure_seed1984_deberta-v3-base_validation_thresholds.json,Universalism: nature,0.15
empirical_structure,microsoft/deberta-v3-base,validation,1984,tuned_per_label,per_label,results/logs/deberta_empirical_structure_seed1984_deberta-v3-base_validation_thresholds.json,Universalism: tolerance,0.19
empirical_structure,microsoft/deberta-v3-base,test,42,provided,provided,results/logs/deberta_empirical_structure_seed42_deberta-v3-base_test_metrics.json,Self-direction: thought,0.14
empirical_structure,microsoft/deberta-v3-base,test,42,provided,provided,results/logs/deberta_empirical_structure_seed42_deberta-v3-base_test_metrics.json,Self-direction: action,0.33
empirical_structure,microsoft/deberta-v3-base,test,42,provided,provided,results/logs/deberta_empirical_structure_seed42_deberta-v3-base_test_metrics.json,Stimulation,0.22
empirical_structure,microsoft/deberta-v3-base,test,42,provided,provided,results/logs/deberta_empirical_structure_seed42_deberta-v3-base_test_metrics.json,Hedonism,0.3
empirical_structure,microsoft/deberta-v3-base,test,42,provided,provided,results/logs/deberta_empirical_structure_seed42_deberta-v3-base_test_metrics.json,Achievement,0.06
empirical_structure,microsoft/deberta-v3-base,test,42,provided,provided,results/logs/deberta_empirical_structure_seed42_deberta-v3-base_test_metrics.json,Power: dominance,0.09
empirical_structure,microsoft/deberta-v3-base,test,42,provided,provided,results/logs/deberta_empirical_structure_seed42_deberta-v3-base_test_metrics.json,Power: resources,0.08
empirical_structure,microsoft/deberta-v3-base,test,42,provided,provided,results/logs/deberta_empirical_structure_seed42_deberta-v3-base_test_metrics.json,Face,0.22
empirical_structure,microsoft/deberta-v3-base,test,42,provided,provided,results/logs/deberta_empirical_structure_seed42_deberta-v3-base_test_metrics.json,Security: personal,0.3
empirical_structure,microsoft/deberta-v3-base,test,42,provided,provided,results/logs/deberta_empirical_structure_seed42_deberta-v3-base_test_metrics.json,Security: societal,0.35000000000000003
empirical_structure,microsoft/deberta-v3-base,test,42,provided,provided,results/logs/deberta_empirical_structure_seed42_deberta-v3-base_test_metrics.json,Tradition,0.34
empirical_structure,microsoft/deberta-v3-base,test,42,provided,provided,results/logs/deberta_empirical_structure_seed42_deberta-v3-base_test_metrics.json,Conformity: rules,0.28
empirical_structure,microsoft/deberta-v3-base,test,42,provided,provided,results/logs/deberta_empirical_structure_seed42_deberta-v3-base_test_metrics.json,Conformity: interpersonal,0.16
empirical_structure,microsoft/deberta-v3-base,test,42,provided,provided,results/logs/deberta_empirical_structure_seed42_deberta-v3-base_test_metrics.json,Humility,0.03
empirical_structure,microsoft/deberta-v3-base,test,42,provided,provided,results/logs/deberta_empirical_structure_seed42_deberta-v3-base_test_metrics.json,Benevolence: caring,0.09
empirical_structure,microsoft/deberta-v3-base,test,42,provided,provided,results/logs/deberta_empirical_structure_seed42_deberta-v3-base_test_metrics.json,Benevolence: dependability,0.38
empirical_structure,microsoft/deberta-v3-base,test,42,provided,provided,results/logs/deberta_empirical_structure_seed42_deberta-v3-base_test_metrics.json,Universalism: concern,0.13
empirical_structure,microsoft/deberta-v3-base,test,42,provided,provided,results/logs/deberta_empirical_structure_seed42_deberta-v3-base_test_metrics.json,Universalism: nature,0.24
empirical_structure,microsoft/deberta-v3-base,test,42,provided,provided,results/logs/deberta_empirical_structure_seed42_deberta-v3-base_test_metrics.json,Universalism: tolerance,0.1
empirical_structure,microsoft/deberta-v3-base,validation,42,tuned_per_label,per_label,results/logs/deberta_empirical_structure_seed42_deberta-v3-base_validation_thresholds.json,Self-direction: thought,0.14
empirical_structure,microsoft/deberta-v3-base,validation,42,tuned_per_label,per_label,results/logs/deberta_empirical_structure_seed42_deberta-v3-base_validation_thresholds.json,Self-direction: action,0.33
empirical_structure,microsoft/deberta-v3-base,validation,42,tuned_per_label,per_label,results/logs/deberta_empirical_structure_seed42_deberta-v3-base_validation_thresholds.json,Stimulation,0.22
empirical_structure,microsoft/deberta-v3-base,validation,42,tuned_per_label,per_label,results/logs/deberta_empirical_structure_seed42_deberta-v3-base_validation_thresholds.json,Hedonism,0.3
empirical_structure,microsoft/deberta-v3-base,validation,42,tuned_per_label,per_label,results/logs/deberta_empirical_structure_seed42_deberta-v3-base_validation_thresholds.json,Achievement,0.06
empirical_structure,microsoft/deberta-v3-base,validation,42,tuned_per_label,per_label,results/logs/deberta_empirical_structure_seed42_deberta-v3-base_validation_thresholds.json,Power: dominance,0.09
empirical_structure,microsoft/deberta-v3-base,validation,42,tuned_per_label,per_label,results/logs/deberta_empirical_structure_seed42_deberta-v3-base_validation_thresholds.json,Power: resources,0.08
empirical_structure,microsoft/deberta-v3-base,validation,42,tuned_per_label,per_label,results/logs/deberta_empirical_structure_seed42_deberta-v3-base_validation_thresholds.json,Face,0.22
empirical_structure,microsoft/deberta-v3-base,validation,42,tuned_per_label,per_label,results/logs/deberta_empirical_structure_seed42_deberta-v3-base_validation_thresholds.json,Security: personal,0.3
empirical_structure,microsoft/deberta-v3-base,validation,42,tuned_per_label,per_label,results/logs/deberta_empirical_structure_seed42_deberta-v3-base_validation_thresholds.json,Security: societal,0.35000000000000003
empirical_structure,microsoft/deberta-v3-base,validation,42,tuned_per_label,per_label,results/logs/deberta_empirical_structure_seed42_deberta-v3-base_validation_thresholds.json,Tradition,0.34
empirical_structure,microsoft/deberta-v3-base,validation,42,tuned_per_label,per_label,results/logs/deberta_empirical_structure_seed42_deberta-v3-base_validation_thresholds.json,Conformity: rules,0.28
empirical_structure,microsoft/deberta-v3-base,validation,42,tuned_per_label,per_label,results/logs/deberta_empirical_structure_seed42_deberta-v3-base_validation_thresholds.json,Conformity: interpersonal,0.16
empirical_structure,microsoft/deberta-v3-base,validation,42,tuned_per_label,per_label,results/logs/deberta_empirical_structure_seed42_deberta-v3-base_validation_thresholds.json,Humility,0.03
empirical_structure,microsoft/deberta-v3-base,validation,42,tuned_per_label,per_label,results/logs/deberta_empirical_structure_seed42_deberta-v3-base_validation_thresholds.json,Benevolence: caring,0.09
empirical_structure,microsoft/deberta-v3-base,validation,42,tuned_per_label,per_label,results/logs/deberta_empirical_structure_seed42_deberta-v3-base_validation_thresholds.json,Benevolence: dependability,0.38
empirical_structure,microsoft/deberta-v3-base,validation,42,tuned_per_label,per_label,results/logs/deberta_empirical_structure_seed42_deberta-v3-base_validation_thresholds.json,Universalism: concern,0.13
empirical_structure,microsoft/deberta-v3-base,validation,42,tuned_per_label,per_label,results/logs/deberta_empirical_structure_seed42_deberta-v3-base_validation_thresholds.json,Universalism: nature,0.24
empirical_structure,microsoft/deberta-v3-base,validation,42,tuned_per_label,per_label,results/logs/deberta_empirical_structure_seed42_deberta-v3-base_validation_thresholds.json,Universalism: tolerance,0.1
empirical_structure,microsoft/deberta-v3-base,test,7,provided,provided,results/logs/deberta_empirical_structure_seed7_deberta-v3-base_test_metrics.json,Self-direction: thought,0.05
empirical_structure,microsoft/deberta-v3-base,test,7,provided,provided,results/logs/deberta_empirical_structure_seed7_deberta-v3-base_test_metrics.json,Self-direction: action,0.18
empirical_structure,microsoft/deberta-v3-base,test,7,provided,provided,results/logs/deberta_empirical_structure_seed7_deberta-v3-base_test_metrics.json,Stimulation,0.16
empirical_structure,microsoft/deberta-v3-base,test,7,provided,provided,results/logs/deberta_empirical_structure_seed7_deberta-v3-base_test_metrics.json,Hedonism,0.22
empirical_structure,microsoft/deberta-v3-base,test,7,provided,provided,results/logs/deberta_empirical_structure_seed7_deberta-v3-base_test_metrics.json,Achievement,0.15
empirical_structure,microsoft/deberta-v3-base,test,7,provided,provided,results/logs/deberta_empirical_structure_seed7_deberta-v3-base_test_metrics.json,Power: dominance,0.27
empirical_structure,microsoft/deberta-v3-base,test,7,provided,provided,results/logs/deberta_empirical_structure_seed7_deberta-v3-base_test_metrics.json,Power: resources,0.14
empirical_structure,microsoft/deberta-v3-base,test,7,provided,provided,results/logs/deberta_empirical_structure_seed7_deberta-v3-base_test_metrics.json,Face,0.18
empirical_structure,microsoft/deberta-v3-base,test,7,provided,provided,results/logs/deberta_empirical_structure_seed7_deberta-v3-base_test_metrics.json,Security: personal,0.32
empirical_structure,microsoft/deberta-v3-base,test,7,provided,provided,results/logs/deberta_empirical_structure_seed7_deberta-v3-base_test_metrics.json,Security: societal,0.48
empirical_structure,microsoft/deberta-v3-base,test,7,provided,provided,results/logs/deberta_empirical_structure_seed7_deberta-v3-base_test_metrics.json,Tradition,0.12
empirical_structure,microsoft/deberta-v3-base,test,7,provided,provided,results/logs/deberta_empirical_structure_seed7_deberta-v3-base_test_metrics.json,Conformity: rules,0.16
empirical_structure,microsoft/deberta-v3-base,test,7,provided,provided,results/logs/deberta_empirical_structure_seed7_deberta-v3-base_test_metrics.json,Conformity: interpersonal,0.16
empirical_structure,microsoft/deberta-v3-base,test,7,provided,provided,results/logs/deberta_empirical_structure_seed7_deberta-v3-base_test_metrics.json,Humility,0.02
empirical_structure,microsoft/deberta-v3-base,test,7,provided,provided,results/logs/deberta_empirical_structure_seed7_deberta-v3-base_test_metrics.json,Benevolence: caring,0.1
empirical_structure,microsoft/deberta-v3-base,test,7,provided,provided,results/logs/deberta_empirical_structure_seed7_deberta-v3-base_test_metrics.json,Benevolence: dependability,0.25
empirical_structure,microsoft/deberta-v3-base,test,7,provided,provided,results/logs/deberta_empirical_structure_seed7_deberta-v3-base_test_metrics.json,Universalism: concern,0.16
empirical_structure,microsoft/deberta-v3-base,test,7,provided,provided,results/logs/deberta_empirical_structure_seed7_deberta-v3-base_test_metrics.json,Universalism: nature,0.37
empirical_structure,microsoft/deberta-v3-base,test,7,provided,provided,results/logs/deberta_empirical_structure_seed7_deberta-v3-base_test_metrics.json,Universalism: tolerance,0.16
empirical_structure,microsoft/deberta-v3-base,validation,7,tuned_per_label,per_label,results/logs/deberta_empirical_structure_seed7_deberta-v3-base_validation_thresholds.json,Self-direction: thought,0.05
empirical_structure,microsoft/deberta-v3-base,validation,7,tuned_per_label,per_label,results/logs/deberta_empirical_structure_seed7_deberta-v3-base_validation_thresholds.json,Self-direction: action,0.18
empirical_structure,microsoft/deberta-v3-base,validation,7,tuned_per_label,per_label,results/logs/deberta_empirical_structure_seed7_deberta-v3-base_validation_thresholds.json,Stimulation,0.16
empirical_structure,microsoft/deberta-v3-base,validation,7,tuned_per_label,per_label,results/logs/deberta_empirical_structure_seed7_deberta-v3-base_validation_thresholds.json,Hedonism,0.22
empirical_structure,microsoft/deberta-v3-base,validation,7,tuned_per_label,per_label,results/logs/deberta_empirical_structure_seed7_deberta-v3-base_validation_thresholds.json,Achievement,0.15
empirical_structure,microsoft/deberta-v3-base,validation,7,tuned_per_label,per_label,results/logs/deberta_empirical_structure_seed7_deberta-v3-base_validation_thresholds.json,Power: dominance,0.27
empirical_structure,microsoft/deberta-v3-base,validation,7,tuned_per_label,per_label,results/logs/deberta_empirical_structure_seed7_deberta-v3-base_validation_thresholds.json,Power: resources,0.14
empirical_structure,microsoft/deberta-v3-base,validation,7,tuned_per_label,per_label,results/logs/deberta_empirical_structure_seed7_deberta-v3-base_validation_thresholds.json,Face,0.18
empirical_structure,microsoft/deberta-v3-base,validation,7,tuned_per_label,per_label,results/logs/deberta_empirical_structure_seed7_deberta-v3-base_validation_thresholds.json,Security: personal,0.32
empirical_structure,microsoft/deberta-v3-base,validation,7,tuned_per_label,per_label,results/logs/deberta_empirical_structure_seed7_deberta-v3-base_validation_thresholds.json,Security: societal,0.48
empirical_structure,microsoft/deberta-v3-base,validation,7,tuned_per_label,per_label,results/logs/deberta_empirical_structure_seed7_deberta-v3-base_validation_thresholds.json,Tradition,0.12
empirical_structure,microsoft/deberta-v3-base,validation,7,tuned_per_label,per_label,results/logs/deberta_empirical_structure_seed7_deberta-v3-base_validation_thresholds.json,Conformity: rules,0.16
empirical_structure,microsoft/deberta-v3-base,validation,7,tuned_per_label,per_label,results/logs/deberta_empirical_structure_seed7_deberta-v3-base_validation_thresholds.json,Conformity: interpersonal,0.16
empirical_structure,microsoft/deberta-v3-base,validation,7,tuned_per_label,per_label,results/logs/deberta_empirical_structure_seed7_deberta-v3-base_validation_thresholds.json,Humility,0.02
empirical_structure,microsoft/deberta-v3-base,validation,7,tuned_per_label,per_label,results/logs/deberta_empirical_structure_seed7_deberta-v3-base_validation_thresholds.json,Benevolence: caring,0.1
empirical_structure,microsoft/deberta-v3-base,validation,7,tuned_per_label,per_label,results/logs/deberta_empirical_structure_seed7_deberta-v3-base_validation_thresholds.json,Benevolence: dependability,0.25
empirical_structure,microsoft/deberta-v3-base,validation,7,tuned_per_label,per_label,results/logs/deberta_empirical_structure_seed7_deberta-v3-base_validation_thresholds.json,Universalism: concern,0.16
empirical_structure,microsoft/deberta-v3-base,validation,7,tuned_per_label,per_label,results/logs/deberta_empirical_structure_seed7_deberta-v3-base_validation_thresholds.json,Universalism: nature,0.37
empirical_structure,microsoft/deberta-v3-base,validation,7,tuned_per_label,per_label,results/logs/deberta_empirical_structure_seed7_deberta-v3-base_validation_thresholds.json,Universalism: tolerance,0.16
random_geoloss,microsoft/deberta-v3-base,test,11,provided,provided,results/logs/deberta_random_geoloss_seed11_deberta-v3-base_test_metrics.json,Self-direction: thought,0.06
random_geoloss,microsoft/deberta-v3-base,test,11,provided,provided,results/logs/deberta_random_geoloss_seed11_deberta-v3-base_test_metrics.json,Self-direction: action,0.22
random_geoloss,microsoft/deberta-v3-base,test,11,provided,provided,results/logs/deberta_random_geoloss_seed11_deberta-v3-base_test_metrics.json,Stimulation,0.16
random_geoloss,microsoft/deberta-v3-base,test,11,provided,provided,results/logs/deberta_random_geoloss_seed11_deberta-v3-base_test_metrics.json,Hedonism,0.43
random_geoloss,microsoft/deberta-v3-base,test,11,provided,provided,results/logs/deberta_random_geoloss_seed11_deberta-v3-base_test_metrics.json,Achievement,0.15
random_geoloss,microsoft/deberta-v3-base,test,11,provided,provided,results/logs/deberta_random_geoloss_seed11_deberta-v3-base_test_metrics.json,Power: dominance,0.16
random_geoloss,microsoft/deberta-v3-base,test,11,provided,provided,results/logs/deberta_random_geoloss_seed11_deberta-v3-base_test_metrics.json,Power: resources,0.07
random_geoloss,microsoft/deberta-v3-base,test,11,provided,provided,results/logs/deberta_random_geoloss_seed11_deberta-v3-base_test_metrics.json,Face,0.11
random_geoloss,microsoft/deberta-v3-base,test,11,provided,provided,results/logs/deberta_random_geoloss_seed11_deberta-v3-base_test_metrics.json,Security: personal,0.29
random_geoloss,microsoft/deberta-v3-base,test,11,provided,provided,results/logs/deberta_random_geoloss_seed11_deberta-v3-base_test_metrics.json,Security: societal,0.26
random_geoloss,microsoft/deberta-v3-base,test,11,provided,provided,results/logs/deberta_random_geoloss_seed11_deberta-v3-base_test_metrics.json,Tradition,0.17
random_geoloss,microsoft/deberta-v3-base,test,11,provided,provided,results/logs/deberta_random_geoloss_seed11_deberta-v3-base_test_metrics.json,Conformity: rules,0.1
random_geoloss,microsoft/deberta-v3-base,test,11,provided,provided,results/logs/deberta_random_geoloss_seed11_deberta-v3-base_test_metrics.json,Conformity: interpersonal,0.1
random_geoloss,microsoft/deberta-v3-base,test,11,provided,provided,results/logs/deberta_random_geoloss_seed11_deberta-v3-base_test_metrics.json,Humility,0.02
random_geoloss,microsoft/deberta-v3-base,test,11,provided,provided,results/logs/deberta_random_geoloss_seed11_deberta-v3-base_test_metrics.json,Benevolence: caring,0.27
random_geoloss,microsoft/deberta-v3-base,test,11,provided,provided,results/logs/deberta_random_geoloss_seed11_deberta-v3-base_test_metrics.json,Benevolence: dependability,0.15
random_geoloss,microsoft/deberta-v3-base,test,11,provided,provided,results/logs/deberta_random_geoloss_seed11_deberta-v3-base_test_metrics.json,Universalism: concern,0.23
random_geoloss,microsoft/deberta-v3-base,test,11,provided,provided,results/logs/deberta_random_geoloss_seed11_deberta-v3-base_test_metrics.json,Universalism: nature,0.03
random_geoloss,microsoft/deberta-v3-base,test,11,provided,provided,results/logs/deberta_random_geoloss_seed11_deberta-v3-base_test_metrics.json,Universalism: tolerance,0.16
random_geoloss,microsoft/deberta-v3-base,validation,11,tuned_per_label,per_label,results/logs/deberta_random_geoloss_seed11_deberta-v3-base_validation_thresholds.json,Self-direction: thought,0.06
random_geoloss,microsoft/deberta-v3-base,validation,11,tuned_per_label,per_label,results/logs/deberta_random_geoloss_seed11_deberta-v3-base_validation_thresholds.json,Self-direction: action,0.22
random_geoloss,microsoft/deberta-v3-base,validation,11,tuned_per_label,per_label,results/logs/deberta_random_geoloss_seed11_deberta-v3-base_validation_thresholds.json,Stimulation,0.16
random_geoloss,microsoft/deberta-v3-base,validation,11,tuned_per_label,per_label,results/logs/deberta_random_geoloss_seed11_deberta-v3-base_validation_thresholds.json,Hedonism,0.43
random_geoloss,microsoft/deberta-v3-base,validation,11,tuned_per_label,per_label,results/logs/deberta_random_geoloss_seed11_deberta-v3-base_validation_thresholds.json,Achievement,0.15
random_geoloss,microsoft/deberta-v3-base,validation,11,tuned_per_label,per_label,results/logs/deberta_random_geoloss_seed11_deberta-v3-base_validation_thresholds.json,Power: dominance,0.16
random_geoloss,microsoft/deberta-v3-base,validation,11,tuned_per_label,per_label,results/logs/deberta_random_geoloss_seed11_deberta-v3-base_validation_thresholds.json,Power: resources,0.07
random_geoloss,microsoft/deberta-v3-base,validation,11,tuned_per_label,per_label,results/logs/deberta_random_geoloss_seed11_deberta-v3-base_validation_thresholds.json,Face,0.11
random_geoloss,microsoft/deberta-v3-base,validation,11,tuned_per_label,per_label,results/logs/deberta_random_geoloss_seed11_deberta-v3-base_validation_thresholds.json,Security: personal,0.29
random_geoloss,microsoft/deberta-v3-base,validation,11,tuned_per_label,per_label,results/logs/deberta_random_geoloss_seed11_deberta-v3-base_validation_thresholds.json,Security: societal,0.26
random_geoloss,microsoft/deberta-v3-base,validation,11,tuned_per_label,per_label,results/logs/deberta_random_geoloss_seed11_deberta-v3-base_validation_thresholds.json,Tradition,0.17
random_geoloss,microsoft/deberta-v3-base,validation,11,tuned_per_label,per_label,results/logs/deberta_random_geoloss_seed11_deberta-v3-base_validation_thresholds.json,Conformity: rules,0.1
random_geoloss,microsoft/deberta-v3-base,validation,11,tuned_per_label,per_label,results/logs/deberta_random_geoloss_seed11_deberta-v3-base_validation_thresholds.json,Conformity: interpersonal,0.1
random_geoloss,microsoft/deberta-v3-base,validation,11,tuned_per_label,per_label,results/logs/deberta_random_geoloss_seed11_deberta-v3-base_validation_thresholds.json,Humility,0.02
random_geoloss,microsoft/deberta-v3-base,validation,11,tuned_per_label,per_label,results/logs/deberta_random_geoloss_seed11_deberta-v3-base_validation_thresholds.json,Benevolence: caring,0.27
random_geoloss,microsoft/deberta-v3-base,validation,11,tuned_per_label,per_label,results/logs/deberta_random_geoloss_seed11_deberta-v3-base_validation_thresholds.json,Benevolence: dependability,0.15
random_geoloss,microsoft/deberta-v3-base,validation,11,tuned_per_label,per_label,results/logs/deberta_random_geoloss_seed11_deberta-v3-base_validation_thresholds.json,Universalism: concern,0.23
random_geoloss,microsoft/deberta-v3-base,validation,11,tuned_per_label,per_label,results/logs/deberta_random_geoloss_seed11_deberta-v3-base_validation_thresholds.json,Universalism: nature,0.03
random_geoloss,microsoft/deberta-v3-base,validation,11,tuned_per_label,per_label,results/logs/deberta_random_geoloss_seed11_deberta-v3-base_validation_thresholds.json,Universalism: tolerance,0.16
random_geoloss,microsoft/deberta-v3-base,test,1701,provided,provided,results/logs/deberta_random_geoloss_seed1701_deberta-v3-base_test_metrics.json,Self-direction: thought,0.12
random_geoloss,microsoft/deberta-v3-base,test,1701,provided,provided,results/logs/deberta_random_geoloss_seed1701_deberta-v3-base_test_metrics.json,Self-direction: action,0.21
random_geoloss,microsoft/deberta-v3-base,test,1701,provided,provided,results/logs/deberta_random_geoloss_seed1701_deberta-v3-base_test_metrics.json,Stimulation,0.3
random_geoloss,microsoft/deberta-v3-base,test,1701,provided,provided,results/logs/deberta_random_geoloss_seed1701_deberta-v3-base_test_metrics.json,Hedonism,0.48
random_geoloss,microsoft/deberta-v3-base,test,1701,provided,provided,results/logs/deberta_random_geoloss_seed1701_deberta-v3-base_test_metrics.json,Achievement,0.15
random_geoloss,microsoft/deberta-v3-base,test,1701,provided,provided,results/logs/deberta_random_geoloss_seed1701_deberta-v3-base_test_metrics.json,Power: dominance,0.19
random_geoloss,microsoft/deberta-v3-base,test,1701,provided,provided,results/logs/deberta_random_geoloss_seed1701_deberta-v3-base_test_metrics.json,Power: resources,0.05
random_geoloss,microsoft/deberta-v3-base,test,1701,provided,provided,results/logs/deberta_random_geoloss_seed1701_deberta-v3-base_test_metrics.json,Face,0.19
random_geoloss,microsoft/deberta-v3-base,test,1701,provided,provided,results/logs/deberta_random_geoloss_seed1701_deberta-v3-base_test_metrics.json,Security: personal,0.23
random_geoloss,microsoft/deberta-v3-base,test,1701,provided,provided,results/logs/deberta_random_geoloss_seed1701_deberta-v3-base_test_metrics.json,Security: societal,0.4
random_geoloss,microsoft/deberta-v3-base,test,1701,provided,provided,results/logs/deberta_random_geoloss_seed1701_deberta-v3-base_test_metrics.json,Tradition,0.38
random_geoloss,microsoft/deberta-v3-base,test,1701,provided,provided,results/logs/deberta_random_geoloss_seed1701_deberta-v3-base_test_metrics.json,Conformity: rules,0.19
random_geoloss,microsoft/deberta-v3-base,test,1701,provided,provided,results/logs/deberta_random_geoloss_seed1701_deberta-v3-base_test_metrics.json,Conformity: interpersonal,0.24
random_geoloss,microsoft/deberta-v3-base,test,1701,provided,provided,results/logs/deberta_random_geoloss_seed1701_deberta-v3-base_test_metrics.json,Humility,0.03
random_geoloss,microsoft/deberta-v3-base,test,1701,provided,provided,results/logs/deberta_random_geoloss_seed1701_deberta-v3-base_test_metrics.json,Benevolence: caring,0.19
random_geoloss,microsoft/deberta-v3-base,test,1701,provided,provided,results/logs/deberta_random_geoloss_seed1701_deberta-v3-base_test_metrics.json,Benevolence: dependability,0.12
random_geoloss,microsoft/deberta-v3-base,test,1701,provided,provided,results/logs/deberta_random_geoloss_seed1701_deberta-v3-base_test_metrics.json,Universalism: concern,0.42
random_geoloss,microsoft/deberta-v3-base,test,1701,provided,provided,results/logs/deberta_random_geoloss_seed1701_deberta-v3-base_test_metrics.json,Universalism: nature,0.13
random_geoloss,microsoft/deberta-v3-base,test,1701,provided,provided,results/logs/deberta_random_geoloss_seed1701_deberta-v3-base_test_metrics.json,Universalism: tolerance,0.13
random_geoloss,microsoft/deberta-v3-base,validation,1701,tuned_per_label,per_label,results/logs/deberta_random_geoloss_seed1701_deberta-v3-base_validation_thresholds.json,Self-direction: thought,0.12
random_geoloss,microsoft/deberta-v3-base,validation,1701,tuned_per_label,per_label,results/logs/deberta_random_geoloss_seed1701_deberta-v3-base_validation_thresholds.json,Self-direction: action,0.21
random_geoloss,microsoft/deberta-v3-base,validation,1701,tuned_per_label,per_label,results/logs/deberta_random_geoloss_seed1701_deberta-v3-base_validation_thresholds.json,Stimulation,0.3
random_geoloss,microsoft/deberta-v3-base,validation,1701,tuned_per_label,per_label,results/logs/deberta_random_geoloss_seed1701_deberta-v3-base_validation_thresholds.json,Hedonism,0.48
random_geoloss,microsoft/deberta-v3-base,validation,1701,tuned_per_label,per_label,results/logs/deberta_random_geoloss_seed1701_deberta-v3-base_validation_thresholds.json,Achievement,0.15
random_geoloss,microsoft/deberta-v3-base,validation,1701,tuned_per_label,per_label,results/logs/deberta_random_geoloss_seed1701_deberta-v3-base_validation_thresholds.json,Power: dominance,0.19
random_geoloss,microsoft/deberta-v3-base,validation,1701,tuned_per_label,per_label,results/logs/deberta_random_geoloss_seed1701_deberta-v3-base_validation_thresholds.json,Power: resources,0.05
random_geoloss,microsoft/deberta-v3-base,validation,1701,tuned_per_label,per_label,results/logs/deberta_random_geoloss_seed1701_deberta-v3-base_validation_thresholds.json,Face,0.19
random_geoloss,microsoft/deberta-v3-base,validation,1701,tuned_per_label,per_label,results/logs/deberta_random_geoloss_seed1701_deberta-v3-base_validation_thresholds.json,Security: personal,0.23
random_geoloss,microsoft/deberta-v3-base,validation,1701,tuned_per_label,per_label,results/logs/deberta_random_geoloss_seed1701_deberta-v3-base_validation_thresholds.json,Security: societal,0.4
random_geoloss,microsoft/deberta-v3-base,validation,1701,tuned_per_label,per_label,results/logs/deberta_random_geoloss_seed1701_deberta-v3-base_validation_thresholds.json,Tradition,0.38
random_geoloss,microsoft/deberta-v3-base,validation,1701,tuned_per_label,per_label,results/logs/deberta_random_geoloss_seed1701_deberta-v3-base_validation_thresholds.json,Conformity: rules,0.19
random_geoloss,microsoft/deberta-v3-base,validation,1701,tuned_per_label,per_label,results/logs/deberta_random_geoloss_seed1701_deberta-v3-base_validation_thresholds.json,Conformity: interpersonal,0.24
random_geoloss,microsoft/deberta-v3-base,validation,1701,tuned_per_label,per_label,results/logs/deberta_random_geoloss_seed1701_deberta-v3-base_validation_thresholds.json,Humility,0.03
random_geoloss,microsoft/deberta-v3-base,validation,1701,tuned_per_label,per_label,results/logs/deberta_random_geoloss_seed1701_deberta-v3-base_validation_thresholds.json,Benevolence: caring,0.19
random_geoloss,microsoft/deberta-v3-base,validation,1701,tuned_per_label,per_label,results/logs/deberta_random_geoloss_seed1701_deberta-v3-base_validation_thresholds.json,Benevolence: dependability,0.12
random_geoloss,microsoft/deberta-v3-base,validation,1701,tuned_per_label,per_label,results/logs/deberta_random_geoloss_seed1701_deberta-v3-base_validation_thresholds.json,Universalism: concern,0.42
random_geoloss,microsoft/deberta-v3-base,validation,1701,tuned_per_label,per_label,results/logs/deberta_random_geoloss_seed1701_deberta-v3-base_validation_thresholds.json,Universalism: nature,0.13
random_geoloss,microsoft/deberta-v3-base,validation,1701,tuned_per_label,per_label,results/logs/deberta_random_geoloss_seed1701_deberta-v3-base_validation_thresholds.json,Universalism: tolerance,0.13
random_geoloss,microsoft/deberta-v3-base,test,1984,provided,provided,results/logs/deberta_random_geoloss_seed1984_deberta-v3-base_test_metrics.json,Self-direction: thought,0.1
random_geoloss,microsoft/deberta-v3-base,test,1984,provided,provided,results/logs/deberta_random_geoloss_seed1984_deberta-v3-base_test_metrics.json,Self-direction: action,0.18
random_geoloss,microsoft/deberta-v3-base,test,1984,provided,provided,results/logs/deberta_random_geoloss_seed1984_deberta-v3-base_test_metrics.json,Stimulation,0.28
random_geoloss,microsoft/deberta-v3-base,test,1984,provided,provided,results/logs/deberta_random_geoloss_seed1984_deberta-v3-base_test_metrics.json,Hedonism,0.27
random_geoloss,microsoft/deberta-v3-base,test,1984,provided,provided,results/logs/deberta_random_geoloss_seed1984_deberta-v3-base_test_metrics.json,Achievement,0.15
random_geoloss,microsoft/deberta-v3-base,test,1984,provided,provided,results/logs/deberta_random_geoloss_seed1984_deberta-v3-base_test_metrics.json,Power: dominance,0.11
random_geoloss,microsoft/deberta-v3-base,test,1984,provided,provided,results/logs/deberta_random_geoloss_seed1984_deberta-v3-base_test_metrics.json,Power: resources,0.16
random_geoloss,microsoft/deberta-v3-base,test,1984,provided,provided,results/logs/deberta_random_geoloss_seed1984_deberta-v3-base_test_metrics.json,Face,0.15
random_geoloss,microsoft/deberta-v3-base,test,1984,provided,provided,results/logs/deberta_random_geoloss_seed1984_deberta-v3-base_test_metrics.json,Security: personal,0.22
random_geoloss,microsoft/deberta-v3-base,test,1984,provided,provided,results/logs/deberta_random_geoloss_seed1984_deberta-v3-base_test_metrics.json,Security: societal,0.38
random_geoloss,microsoft/deberta-v3-base,test,1984,provided,provided,results/logs/deberta_random_geoloss_seed1984_deberta-v3-base_test_metrics.json,Tradition,0.11
random_geoloss,microsoft/deberta-v3-base,test,1984,provided,provided,results/logs/deberta_random_geoloss_seed1984_deberta-v3-base_test_metrics.json,Conformity: rules,0.17
random_geoloss,microsoft/deberta-v3-base,test,1984,provided,provided,results/logs/deberta_random_geoloss_seed1984_deberta-v3-base_test_metrics.json,Conformity: interpersonal,0.13
random_geoloss,microsoft/deberta-v3-base,test,1984,provided,provided,results/logs/deberta_random_geoloss_seed1984_deberta-v3-base_test_metrics.json,Humility,0.02
random_geoloss,microsoft/deberta-v3-base,test,1984,provided,provided,results/logs/deberta_random_geoloss_seed1984_deberta-v3-base_test_metrics.json,Benevolence: caring,0.13
random_geoloss,microsoft/deberta-v3-base,test,1984,provided,provided,results/logs/deberta_random_geoloss_seed1984_deberta-v3-base_test_metrics.json,Benevolence: dependability,0.12
random_geoloss,microsoft/deberta-v3-base,test,1984,provided,provided,results/logs/deberta_random_geoloss_seed1984_deberta-v3-base_test_metrics.json,Universalism: concern,0.4
random_geoloss,microsoft/deberta-v3-base,test,1984,provided,provided,results/logs/deberta_random_geoloss_seed1984_deberta-v3-base_test_metrics.json,Universalism: nature,0.15
random_geoloss,microsoft/deberta-v3-base,test,1984,provided,provided,results/logs/deberta_random_geoloss_seed1984_deberta-v3-base_test_metrics.json,Universalism: tolerance,0.12
random_geoloss,microsoft/deberta-v3-base,validation,1984,tuned_per_label,per_label,results/logs/deberta_random_geoloss_seed1984_deberta-v3-base_validation_thresholds.json,Self-direction: thought,0.1
random_geoloss,microsoft/deberta-v3-base,validation,1984,tuned_per_label,per_label,results/logs/deberta_random_geoloss_seed1984_deberta-v3-base_validation_thresholds.json,Self-direction: action,0.18
random_geoloss,microsoft/deberta-v3-base,validation,1984,tuned_per_label,per_label,results/logs/deberta_random_geoloss_seed1984_deberta-v3-base_validation_thresholds.json,Stimulation,0.28
random_geoloss,microsoft/deberta-v3-base,validation,1984,tuned_per_label,per_label,results/logs/deberta_random_geoloss_seed1984_deberta-v3-base_validation_thresholds.json,Hedonism,0.27
random_geoloss,microsoft/deberta-v3-base,validation,1984,tuned_per_label,per_label,results/logs/deberta_random_geoloss_seed1984_deberta-v3-base_validation_thresholds.json,Achievement,0.15
random_geoloss,microsoft/deberta-v3-base,validation,1984,tuned_per_label,per_label,results/logs/deberta_random_geoloss_seed1984_deberta-v3-base_validation_thresholds.json,Power: dominance,0.11
random_geoloss,microsoft/deberta-v3-base,validation,1984,tuned_per_label,per_label,results/logs/deberta_random_geoloss_seed1984_deberta-v3-base_validation_thresholds.json,Power: resources,0.16
random_geoloss,microsoft/deberta-v3-base,validation,1984,tuned_per_label,per_label,results/logs/deberta_random_geoloss_seed1984_deberta-v3-base_validation_thresholds.json,Face,0.15
random_geoloss,microsoft/deberta-v3-base,validation,1984,tuned_per_label,per_label,results/logs/deberta_random_geoloss_seed1984_deberta-v3-base_validation_thresholds.json,Security: personal,0.22
random_geoloss,microsoft/deberta-v3-base,validation,1984,tuned_per_label,per_label,results/logs/deberta_random_geoloss_seed1984_deberta-v3-base_validation_thresholds.json,Security: societal,0.38
random_geoloss,microsoft/deberta-v3-base,validation,1984,tuned_per_label,per_label,results/logs/deberta_random_geoloss_seed1984_deberta-v3-base_validation_thresholds.json,Tradition,0.11
random_geoloss,microsoft/deberta-v3-base,validation,1984,tuned_per_label,per_label,results/logs/deberta_random_geoloss_seed1984_deberta-v3-base_validation_thresholds.json,Conformity: rules,0.17
random_geoloss,microsoft/deberta-v3-base,validation,1984,tuned_per_label,per_label,results/logs/deberta_random_geoloss_seed1984_deberta-v3-base_validation_thresholds.json,Conformity: interpersonal,0.13
random_geoloss,microsoft/deberta-v3-base,validation,1984,tuned_per_label,per_label,results/logs/deberta_random_geoloss_seed1984_deberta-v3-base_validation_thresholds.json,Humility,0.02
random_geoloss,microsoft/deberta-v3-base,validation,1984,tuned_per_label,per_label,results/logs/deberta_random_geoloss_seed1984_deberta-v3-base_validation_thresholds.json,Benevolence: caring,0.13
random_geoloss,microsoft/deberta-v3-base,validation,1984,tuned_per_label,per_label,results/logs/deberta_random_geoloss_seed1984_deberta-v3-base_validation_thresholds.json,Benevolence: dependability,0.12
random_geoloss,microsoft/deberta-v3-base,validation,1984,tuned_per_label,per_label,results/logs/deberta_random_geoloss_seed1984_deberta-v3-base_validation_thresholds.json,Universalism: concern,0.4
random_geoloss,microsoft/deberta-v3-base,validation,1984,tuned_per_label,per_label,results/logs/deberta_random_geoloss_seed1984_deberta-v3-base_validation_thresholds.json,Universalism: nature,0.15
random_geoloss,microsoft/deberta-v3-base,validation,1984,tuned_per_label,per_label,results/logs/deberta_random_geoloss_seed1984_deberta-v3-base_validation_thresholds.json,Universalism: tolerance,0.12
random_geoloss,microsoft/deberta-v3-base,test,42,provided,provided,results/logs/deberta_random_geoloss_seed42_deberta-v3-base_test_metrics.json,Self-direction: thought,0.05
random_geoloss,microsoft/deberta-v3-base,test,42,provided,provided,results/logs/deberta_random_geoloss_seed42_deberta-v3-base_test_metrics.json,Self-direction: action,0.23
random_geoloss,microsoft/deberta-v3-base,test,42,provided,provided,results/logs/deberta_random_geoloss_seed42_deberta-v3-base_test_metrics.json,Stimulation,0.2
random_geoloss,microsoft/deberta-v3-base,test,42,provided,provided,results/logs/deberta_random_geoloss_seed42_deberta-v3-base_test_metrics.json,Hedonism,0.25
random_geoloss,microsoft/deberta-v3-base,test,42,provided,provided,results/logs/deberta_random_geoloss_seed42_deberta-v3-base_test_metrics.json,Achievement,0.21
random_geoloss,microsoft/deberta-v3-base,test,42,provided,provided,results/logs/deberta_random_geoloss_seed42_deberta-v3-base_test_metrics.json,Power: dominance,0.23
random_geoloss,microsoft/deberta-v3-base,test,42,provided,provided,results/logs/deberta_random_geoloss_seed42_deberta-v3-base_test_metrics.json,Power: resources,0.19
random_geoloss,microsoft/deberta-v3-base,test,42,provided,provided,results/logs/deberta_random_geoloss_seed42_deberta-v3-base_test_metrics.json,Face,0.08
random_geoloss,microsoft/deberta-v3-base,test,42,provided,provided,results/logs/deberta_random_geoloss_seed42_deberta-v3-base_test_metrics.json,Security: personal,0.09
random_geoloss,microsoft/deberta-v3-base,test,42,provided,provided,results/logs/deberta_random_geoloss_seed42_deberta-v3-base_test_metrics.json,Security: societal,0.21
random_geoloss,microsoft/deberta-v3-base,test,42,provided,provided,results/logs/deberta_random_geoloss_seed42_deberta-v3-base_test_metrics.json,Tradition,0.24
random_geoloss,microsoft/deberta-v3-base,test,42,provided,provided,results/logs/deberta_random_geoloss_seed42_deberta-v3-base_test_metrics.json,Conformity: rules,0.15
random_geoloss,microsoft/deberta-v3-base,test,42,provided,provided,results/logs/deberta_random_geoloss_seed42_deberta-v3-base_test_metrics.json,Conformity: interpersonal,0.09
random_geoloss,microsoft/deberta-v3-base,test,42,provided,provided,results/logs/deberta_random_geoloss_seed42_deberta-v3-base_test_metrics.json,Humility,0.03
random_geoloss,microsoft/deberta-v3-base,test,42,provided,provided,results/logs/deberta_random_geoloss_seed42_deberta-v3-base_test_metrics.json,Benevolence: caring,0.21
random_geoloss,microsoft/deberta-v3-base,test,42,provided,provided,results/logs/deberta_random_geoloss_seed42_deberta-v3-base_test_metrics.json,Benevolence: dependability,0.11
random_geoloss,microsoft/deberta-v3-base,test,42,provided,provided,results/logs/deberta_random_geoloss_seed42_deberta-v3-base_test_metrics.json,Universalism: concern,0.16
random_geoloss,microsoft/deberta-v3-base,test,42,provided,provided,results/logs/deberta_random_geoloss_seed42_deberta-v3-base_test_metrics.json,Universalism: nature,0.18
random_geoloss,microsoft/deberta-v3-base,test,42,provided,provided,results/logs/deberta_random_geoloss_seed42_deberta-v3-base_test_metrics.json,Universalism: tolerance,0.13
random_geoloss,microsoft/deberta-v3-base,validation,42,tuned_per_label,per_label,results/logs/deberta_random_geoloss_seed42_deberta-v3-base_validation_thresholds.json,Self-direction: thought,0.05
random_geoloss,microsoft/deberta-v3-base,validation,42,tuned_per_label,per_label,results/logs/deberta_random_geoloss_seed42_deberta-v3-base_validation_thresholds.json,Self-direction: action,0.23
random_geoloss,microsoft/deberta-v3-base,validation,42,tuned_per_label,per_label,results/logs/deberta_random_geoloss_seed42_deberta-v3-base_validation_thresholds.json,Stimulation,0.2
random_geoloss,microsoft/deberta-v3-base,validation,42,tuned_per_label,per_label,results/logs/deberta_random_geoloss_seed42_deberta-v3-base_validation_thresholds.json,Hedonism,0.25
random_geoloss,microsoft/deberta-v3-base,validation,42,tuned_per_label,per_label,results/logs/deberta_random_geoloss_seed42_deberta-v3-base_validation_thresholds.json,Achievement,0.21
random_geoloss,microsoft/deberta-v3-base,validation,42,tuned_per_label,per_label,results/logs/deberta_random_geoloss_seed42_deberta-v3-base_validation_thresholds.json,Power: dominance,0.23
random_geoloss,microsoft/deberta-v3-base,validation,42,tuned_per_label,per_label,results/logs/deberta_random_geoloss_seed42_deberta-v3-base_validation_thresholds.json,Power: resources,0.19
random_geoloss,microsoft/deberta-v3-base,validation,42,tuned_per_label,per_label,results/logs/deberta_random_geoloss_seed42_deberta-v3-base_validation_thresholds.json,Face,0.08
random_geoloss,microsoft/deberta-v3-base,validation,42,tuned_per_label,per_label,results/logs/deberta_random_geoloss_seed42_deberta-v3-base_validation_thresholds.json,Security: personal,0.09
random_geoloss,microsoft/deberta-v3-base,validation,42,tuned_per_label,per_label,results/logs/deberta_random_geoloss_seed42_deberta-v3-base_validation_thresholds.json,Security: societal,0.21
random_geoloss,microsoft/deberta-v3-base,validation,42,tuned_per_label,per_label,results/logs/deberta_random_geoloss_seed42_deberta-v3-base_validation_thresholds.json,Tradition,0.24
random_geoloss,microsoft/deberta-v3-base,validation,42,tuned_per_label,per_label,results/logs/deberta_random_geoloss_seed42_deberta-v3-base_validation_thresholds.json,Conformity: rules,0.15
random_geoloss,microsoft/deberta-v3-base,validation,42,tuned_per_label,per_label,results/logs/deberta_random_geoloss_seed42_deberta-v3-base_validation_thresholds.json,Conformity: interpersonal,0.09
random_geoloss,microsoft/deberta-v3-base,validation,42,tuned_per_label,per_label,results/logs/deberta_random_geoloss_seed42_deberta-v3-base_validation_thresholds.json,Humility,0.03
random_geoloss,microsoft/deberta-v3-base,validation,42,tuned_per_label,per_label,results/logs/deberta_random_geoloss_seed42_deberta-v3-base_validation_thresholds.json,Benevolence: caring,0.21
random_geoloss,microsoft/deberta-v3-base,validation,42,tuned_per_label,per_label,results/logs/deberta_random_geoloss_seed42_deberta-v3-base_validation_thresholds.json,Benevolence: dependability,0.11
random_geoloss,microsoft/deberta-v3-base,validation,42,tuned_per_label,per_label,results/logs/deberta_random_geoloss_seed42_deberta-v3-base_validation_thresholds.json,Universalism: concern,0.16
random_geoloss,microsoft/deberta-v3-base,validation,42,tuned_per_label,per_label,results/logs/deberta_random_geoloss_seed42_deberta-v3-base_validation_thresholds.json,Universalism: nature,0.18
random_geoloss,microsoft/deberta-v3-base,validation,42,tuned_per_label,per_label,results/logs/deberta_random_geoloss_seed42_deberta-v3-base_validation_thresholds.json,Universalism: tolerance,0.13
random_geoloss,microsoft/deberta-v3-base,test,7,provided,provided,results/logs/deberta_random_geoloss_seed7_deberta-v3-base_test_metrics.json,Self-direction: thought,0.11
random_geoloss,microsoft/deberta-v3-base,test,7,provided,provided,results/logs/deberta_random_geoloss_seed7_deberta-v3-base_test_metrics.json,Self-direction: action,0.17
random_geoloss,microsoft/deberta-v3-base,test,7,provided,provided,results/logs/deberta_random_geoloss_seed7_deberta-v3-base_test_metrics.json,Stimulation,0.12
random_geoloss,microsoft/deberta-v3-base,test,7,provided,provided,results/logs/deberta_random_geoloss_seed7_deberta-v3-base_test_metrics.json,Hedonism,0.43
random_geoloss,microsoft/deberta-v3-base,test,7,provided,provided,results/logs/deberta_random_geoloss_seed7_deberta-v3-base_test_metrics.json,Achievement,0.14
random_geoloss,microsoft/deberta-v3-base,test,7,provided,provided,results/logs/deberta_random_geoloss_seed7_deberta-v3-base_test_metrics.json,Power: dominance,0.13
random_geoloss,microsoft/deberta-v3-base,test,7,provided,provided,results/logs/deberta_random_geoloss_seed7_deberta-v3-base_test_metrics.json,Power: resources,0.34
random_geoloss,microsoft/deberta-v3-base,test,7,provided,provided,results/logs/deberta_random_geoloss_seed7_deberta-v3-base_test_metrics.json,Face,0.17
random_geoloss,microsoft/deberta-v3-base,test,7,provided,provided,results/logs/deberta_random_geoloss_seed7_deberta-v3-base_test_metrics.json,Security: personal,0.32
random_geoloss,microsoft/deberta-v3-base,test,7,provided,provided,results/logs/deberta_random_geoloss_seed7_deberta-v3-base_test_metrics.json,Security: societal,0.22
random_geoloss,microsoft/deberta-v3-base,test,7,provided,provided,results/logs/deberta_random_geoloss_seed7_deberta-v3-base_test_metrics.json,Tradition,0.07
random_geoloss,microsoft/deberta-v3-base,test,7,provided,provided,results/logs/deberta_random_geoloss_seed7_deberta-v3-base_test_metrics.json,Conformity: rules,0.34
random_geoloss,microsoft/deberta-v3-base,test,7,provided,provided,results/logs/deberta_random_geoloss_seed7_deberta-v3-base_test_metrics.json,Conformity: interpersonal,0.27
random_geoloss,microsoft/deberta-v3-base,test,7,provided,provided,results/logs/deberta_random_geoloss_seed7_deberta-v3-base_test_metrics.json,Humility,0.05
random_geoloss,microsoft/deberta-v3-base,test,7,provided,provided,results/logs/deberta_random_geoloss_seed7_deberta-v3-base_test_metrics.json,Benevolence: caring,0.12
random_geoloss,microsoft/deberta-v3-base,test,7,provided,provided,results/logs/deberta_random_geoloss_seed7_deberta-v3-base_test_metrics.json,Benevolence: dependability,0.19
random_geoloss,microsoft/deberta-v3-base,test,7,provided,provided,results/logs/deberta_random_geoloss_seed7_deberta-v3-base_test_metrics.json,Universalism: concern,0.11
random_geoloss,microsoft/deberta-v3-base,test,7,provided,provided,results/logs/deberta_random_geoloss_seed7_deberta-v3-base_test_metrics.json,Universalism: nature,0.05
random_geoloss,microsoft/deberta-v3-base,test,7,provided,provided,results/logs/deberta_random_geoloss_seed7_deberta-v3-base_test_metrics.json,Universalism: tolerance,0.08
random_geoloss,microsoft/deberta-v3-base,validation,7,tuned_per_label,per_label,results/logs/deberta_random_geoloss_seed7_deberta-v3-base_validation_thresholds.json,Self-direction: thought,0.11
random_geoloss,microsoft/deberta-v3-base,validation,7,tuned_per_label,per_label,results/logs/deberta_random_geoloss_seed7_deberta-v3-base_validation_thresholds.json,Self-direction: action,0.17
random_geoloss,microsoft/deberta-v3-base,validation,7,tuned_per_label,per_label,results/logs/deberta_random_geoloss_seed7_deberta-v3-base_validation_thresholds.json,Stimulation,0.12
random_geoloss,microsoft/deberta-v3-base,validation,7,tuned_per_label,per_label,results/logs/deberta_random_geoloss_seed7_deberta-v3-base_validation_thresholds.json,Hedonism,0.43
random_geoloss,microsoft/deberta-v3-base,validation,7,tuned_per_label,per_label,results/logs/deberta_random_geoloss_seed7_deberta-v3-base_validation_thresholds.json,Achievement,0.14
random_geoloss,microsoft/deberta-v3-base,validation,7,tuned_per_label,per_label,results/logs/deberta_random_geoloss_seed7_deberta-v3-base_validation_thresholds.json,Power: dominance,0.13
random_geoloss,microsoft/deberta-v3-base,validation,7,tuned_per_label,per_label,results/logs/deberta_random_geoloss_seed7_deberta-v3-base_validation_thresholds.json,Power: resources,0.34
random_geoloss,microsoft/deberta-v3-base,validation,7,tuned_per_label,per_label,results/logs/deberta_random_geoloss_seed7_deberta-v3-base_validation_thresholds.json,Face,0.17
random_geoloss,microsoft/deberta-v3-base,validation,7,tuned_per_label,per_label,results/logs/deberta_random_geoloss_seed7_deberta-v3-base_validation_thresholds.json,Security: personal,0.32
random_geoloss,microsoft/deberta-v3-base,validation,7,tuned_per_label,per_label,results/logs/deberta_random_geoloss_seed7_deberta-v3-base_validation_thresholds.json,Security: societal,0.22
random_geoloss,microsoft/deberta-v3-base,validation,7,tuned_per_label,per_label,results/logs/deberta_random_geoloss_seed7_deberta-v3-base_validation_thresholds.json,Tradition,0.07
random_geoloss,microsoft/deberta-v3-base,validation,7,tuned_per_label,per_label,results/logs/deberta_random_geoloss_seed7_deberta-v3-base_validation_thresholds.json,Conformity: rules,0.34
random_geoloss,microsoft/deberta-v3-base,validation,7,tuned_per_label,per_label,results/logs/deberta_random_geoloss_seed7_deberta-v3-base_validation_thresholds.json,Conformity: interpersonal,0.27
random_geoloss,microsoft/deberta-v3-base,validation,7,tuned_per_label,per_label,results/logs/deberta_random_geoloss_seed7_deberta-v3-base_validation_thresholds.json,Humility,0.05
random_geoloss,microsoft/deberta-v3-base,validation,7,tuned_per_label,per_label,results/logs/deberta_random_geoloss_seed7_deberta-v3-base_validation_thresholds.json,Benevolence: caring,0.12
random_geoloss,microsoft/deberta-v3-base,validation,7,tuned_per_label,per_label,results/logs/deberta_random_geoloss_seed7_deberta-v3-base_validation_thresholds.json,Benevolence: dependability,0.19
random_geoloss,microsoft/deberta-v3-base,validation,7,tuned_per_label,per_label,results/logs/deberta_random_geoloss_seed7_deberta-v3-base_validation_thresholds.json,Universalism: concern,0.11
random_geoloss,microsoft/deberta-v3-base,validation,7,tuned_per_label,per_label,results/logs/deberta_random_geoloss_seed7_deberta-v3-base_validation_thresholds.json,Universalism: nature,0.05
random_geoloss,microsoft/deberta-v3-base,validation,7,tuned_per_label,per_label,results/logs/deberta_random_geoloss_seed7_deberta-v3-base_validation_thresholds.json,Universalism: tolerance,0.08
schwartz_geoloss,microsoft/deberta-v3-base,test,11,provided,provided,results/logs/deberta_schwartz_geoloss_seed11_deberta-v3-base_test_metrics.json,Self-direction: thought,0.08
schwartz_geoloss,microsoft/deberta-v3-base,test,11,provided,provided,results/logs/deberta_schwartz_geoloss_seed11_deberta-v3-base_test_metrics.json,Self-direction: action,0.18
schwartz_geoloss,microsoft/deberta-v3-base,test,11,provided,provided,results/logs/deberta_schwartz_geoloss_seed11_deberta-v3-base_test_metrics.json,Stimulation,0.12
schwartz_geoloss,microsoft/deberta-v3-base,test,11,provided,provided,results/logs/deberta_schwartz_geoloss_seed11_deberta-v3-base_test_metrics.json,Hedonism,0.31
schwartz_geoloss,microsoft/deberta-v3-base,test,11,provided,provided,results/logs/deberta_schwartz_geoloss_seed11_deberta-v3-base_test_metrics.json,Achievement,0.11
schwartz_geoloss,microsoft/deberta-v3-base,test,11,provided,provided,results/logs/deberta_schwartz_geoloss_seed11_deberta-v3-base_test_metrics.json,Power: dominance,0.3
schwartz_geoloss,microsoft/deberta-v3-base,test,11,provided,provided,results/logs/deberta_schwartz_geoloss_seed11_deberta-v3-base_test_metrics.json,Power: resources,0.12
schwartz_geoloss,microsoft/deberta-v3-base,test,11,provided,provided,results/logs/deberta_schwartz_geoloss_seed11_deberta-v3-base_test_metrics.json,Face,0.14
schwartz_geoloss,microsoft/deberta-v3-base,test,11,provided,provided,results/logs/deberta_schwartz_geoloss_seed11_deberta-v3-base_test_metrics.json,Security: personal,0.22
schwartz_geoloss,microsoft/deberta-v3-base,test,11,provided,provided,results/logs/deberta_schwartz_geoloss_seed11_deberta-v3-base_test_metrics.json,Security: societal,0.29
schwartz_geoloss,microsoft/deberta-v3-base,test,11,provided,provided,results/logs/deberta_schwartz_geoloss_seed11_deberta-v3-base_test_metrics.json,Tradition,0.15
schwartz_geoloss,microsoft/deberta-v3-base,test,11,provided,provided,results/logs/deberta_schwartz_geoloss_seed11_deberta-v3-base_test_metrics.json,Conformity: rules,0.07
schwartz_geoloss,microsoft/deberta-v3-base,test,11,provided,provided,results/logs/deberta_schwartz_geoloss_seed11_deberta-v3-base_test_metrics.json,Conformity: interpersonal,0.1
schwartz_geoloss,microsoft/deberta-v3-base,test,11,provided,provided,results/logs/deberta_schwartz_geoloss_seed11_deberta-v3-base_test_metrics.json,Humility,0.02
schwartz_geoloss,microsoft/deberta-v3-base,test,11,provided,provided,results/logs/deberta_schwartz_geoloss_seed11_deberta-v3-base_test_metrics.json,Benevolence: caring,0.18
schwartz_geoloss,microsoft/deberta-v3-base,test,11,provided,provided,results/logs/deberta_schwartz_geoloss_seed11_deberta-v3-base_test_metrics.json,Benevolence: dependability,0.21
schwartz_geoloss,microsoft/deberta-v3-base,test,11,provided,provided,results/logs/deberta_schwartz_geoloss_seed11_deberta-v3-base_test_metrics.json,Universalism: concern,0.22
schwartz_geoloss,microsoft/deberta-v3-base,test,11,provided,provided,results/logs/deberta_schwartz_geoloss_seed11_deberta-v3-base_test_metrics.json,Universalism: nature,0.03
schwartz_geoloss,microsoft/deberta-v3-base,test,11,provided,provided,results/logs/deberta_schwartz_geoloss_seed11_deberta-v3-base_test_metrics.json,Universalism: tolerance,0.14
schwartz_geoloss,microsoft/deberta-v3-base,validation,11,tuned_per_label,per_label,results/logs/deberta_schwartz_geoloss_seed11_deberta-v3-base_validation_thresholds.json,Self-direction: thought,0.08
schwartz_geoloss,microsoft/deberta-v3-base,validation,11,tuned_per_label,per_label,results/logs/deberta_schwartz_geoloss_seed11_deberta-v3-base_validation_thresholds.json,Self-direction: action,0.18
schwartz_geoloss,microsoft/deberta-v3-base,validation,11,tuned_per_label,per_label,results/logs/deberta_schwartz_geoloss_seed11_deberta-v3-base_validation_thresholds.json,Stimulation,0.12
schwartz_geoloss,microsoft/deberta-v3-base,validation,11,tuned_per_label,per_label,results/logs/deberta_schwartz_geoloss_seed11_deberta-v3-base_validation_thresholds.json,Hedonism,0.31
schwartz_geoloss,microsoft/deberta-v3-base,validation,11,tuned_per_label,per_label,results/logs/deberta_schwartz_geoloss_seed11_deberta-v3-base_validation_thresholds.json,Achievement,0.11
schwartz_geoloss,microsoft/deberta-v3-base,validation,11,tuned_per_label,per_label,results/logs/deberta_schwartz_geoloss_seed11_deberta-v3-base_validation_thresholds.json,Power: dominance,0.3
schwartz_geoloss,microsoft/deberta-v3-base,validation,11,tuned_per_label,per_label,results/logs/deberta_schwartz_geoloss_seed11_deberta-v3-base_validation_thresholds.json,Power: resources,0.12
schwartz_geoloss,microsoft/deberta-v3-base,validation,11,tuned_per_label,per_label,results/logs/deberta_schwartz_geoloss_seed11_deberta-v3-base_validation_thresholds.json,Face,0.14
schwartz_geoloss,microsoft/deberta-v3-base,validation,11,tuned_per_label,per_label,results/logs/deberta_schwartz_geoloss_seed11_deberta-v3-base_validation_thresholds.json,Security: personal,0.22
schwartz_geoloss,microsoft/deberta-v3-base,validation,11,tuned_per_label,per_label,results/logs/deberta_schwartz_geoloss_seed11_deberta-v3-base_validation_thresholds.json,Security: societal,0.29
schwartz_geoloss,microsoft/deberta-v3-base,validation,11,tuned_per_label,per_label,results/logs/deberta_schwartz_geoloss_seed11_deberta-v3-base_validation_thresholds.json,Tradition,0.15
schwartz_geoloss,microsoft/deberta-v3-base,validation,11,tuned_per_label,per_label,results/logs/deberta_schwartz_geoloss_seed11_deberta-v3-base_validation_thresholds.json,Conformity: rules,0.07
schwartz_geoloss,microsoft/deberta-v3-base,validation,11,tuned_per_label,per_label,results/logs/deberta_schwartz_geoloss_seed11_deberta-v3-base_validation_thresholds.json,Conformity: interpersonal,0.1
schwartz_geoloss,microsoft/deberta-v3-base,validation,11,tuned_per_label,per_label,results/logs/deberta_schwartz_geoloss_seed11_deberta-v3-base_validation_thresholds.json,Humility,0.02
schwartz_geoloss,microsoft/deberta-v3-base,validation,11,tuned_per_label,per_label,results/logs/deberta_schwartz_geoloss_seed11_deberta-v3-base_validation_thresholds.json,Benevolence: caring,0.18
schwartz_geoloss,microsoft/deberta-v3-base,validation,11,tuned_per_label,per_label,results/logs/deberta_schwartz_geoloss_seed11_deberta-v3-base_validation_thresholds.json,Benevolence: dependability,0.21
schwartz_geoloss,microsoft/deberta-v3-base,validation,11,tuned_per_label,per_label,results/logs/deberta_schwartz_geoloss_seed11_deberta-v3-base_validation_thresholds.json,Universalism: concern,0.22
schwartz_geoloss,microsoft/deberta-v3-base,validation,11,tuned_per_label,per_label,results/logs/deberta_schwartz_geoloss_seed11_deberta-v3-base_validation_thresholds.json,Universalism: nature,0.03
schwartz_geoloss,microsoft/deberta-v3-base,validation,11,tuned_per_label,per_label,results/logs/deberta_schwartz_geoloss_seed11_deberta-v3-base_validation_thresholds.json,Universalism: tolerance,0.14
schwartz_geoloss,microsoft/deberta-v3-base,test,1701,provided,provided,results/logs/deberta_schwartz_geoloss_seed1701_deberta-v3-base_test_metrics.json,Self-direction: thought,0.1
schwartz_geoloss,microsoft/deberta-v3-base,test,1701,provided,provided,results/logs/deberta_schwartz_geoloss_seed1701_deberta-v3-base_test_metrics.json,Self-direction: action,0.14
schwartz_geoloss,microsoft/deberta-v3-base,test,1701,provided,provided,results/logs/deberta_schwartz_geoloss_seed1701_deberta-v3-base_test_metrics.json,Stimulation,0.27
schwartz_geoloss,microsoft/deberta-v3-base,test,1701,provided,provided,results/logs/deberta_schwartz_geoloss_seed1701_deberta-v3-base_test_metrics.json,Hedonism,0.32
schwartz_geoloss,microsoft/deberta-v3-base,test,1701,provided,provided,results/logs/deberta_schwartz_geoloss_seed1701_deberta-v3-base_test_metrics.json,Achievement,0.13
schwartz_geoloss,microsoft/deberta-v3-base,test,1701,provided,provided,results/logs/deberta_schwartz_geoloss_seed1701_deberta-v3-base_test_metrics.json,Power: dominance,0.25
schwartz_geoloss,microsoft/deberta-v3-base,test,1701,provided,provided,results/logs/deberta_schwartz_geoloss_seed1701_deberta-v3-base_test_metrics.json,Power: resources,0.07
schwartz_geoloss,microsoft/deberta-v3-base,test,1701,provided,provided,results/logs/deberta_schwartz_geoloss_seed1701_deberta-v3-base_test_metrics.json,Face,0.37
schwartz_geoloss,microsoft/deberta-v3-base,test,1701,provided,provided,results/logs/deberta_schwartz_geoloss_seed1701_deberta-v3-base_test_metrics.json,Security: personal,0.16
schwartz_geoloss,microsoft/deberta-v3-base,test,1701,provided,provided,results/logs/deberta_schwartz_geoloss_seed1701_deberta-v3-base_test_metrics.json,Security: societal,0.44
schwartz_geoloss,microsoft/deberta-v3-base,test,1701,provided,provided,results/logs/deberta_schwartz_geoloss_seed1701_deberta-v3-base_test_metrics.json,Tradition,0.12
schwartz_geoloss,microsoft/deberta-v3-base,test,1701,provided,provided,results/logs/deberta_schwartz_geoloss_seed1701_deberta-v3-base_test_metrics.json,Conformity: rules,0.17
schwartz_geoloss,microsoft/deberta-v3-base,test,1701,provided,provided,results/logs/deberta_schwartz_geoloss_seed1701_deberta-v3-base_test_metrics.json,Conformity: interpersonal,0.19
schwartz_geoloss,microsoft/deberta-v3-base,test,1701,provided,provided,results/logs/deberta_schwartz_geoloss_seed1701_deberta-v3-base_test_metrics.json,Humility,0.02
schwartz_geoloss,microsoft/deberta-v3-base,test,1701,provided,provided,results/logs/deberta_schwartz_geoloss_seed1701_deberta-v3-base_test_metrics.json,Benevolence: caring,0.22
schwartz_geoloss,microsoft/deberta-v3-base,test,1701,provided,provided,results/logs/deberta_schwartz_geoloss_seed1701_deberta-v3-base_test_metrics.json,Benevolence: dependability,0.13
schwartz_geoloss,microsoft/deberta-v3-base,test,1701,provided,provided,results/logs/deberta_schwartz_geoloss_seed1701_deberta-v3-base_test_metrics.json,Universalism: concern,0.39
schwartz_geoloss,microsoft/deberta-v3-base,test,1701,provided,provided,results/logs/deberta_schwartz_geoloss_seed1701_deberta-v3-base_test_metrics.json,Universalism: nature,0.09
schwartz_geoloss,microsoft/deberta-v3-base,test,1701,provided,provided,results/logs/deberta_schwartz_geoloss_seed1701_deberta-v3-base_test_metrics.json,Universalism: tolerance,0.14
schwartz_geoloss,microsoft/deberta-v3-base,validation,1701,tuned_per_label,per_label,results/logs/deberta_schwartz_geoloss_seed1701_deberta-v3-base_validation_thresholds.json,Self-direction: thought,0.1
schwartz_geoloss,microsoft/deberta-v3-base,validation,1701,tuned_per_label,per_label,results/logs/deberta_schwartz_geoloss_seed1701_deberta-v3-base_validation_thresholds.json,Self-direction: action,0.14
schwartz_geoloss,microsoft/deberta-v3-base,validation,1701,tuned_per_label,per_label,results/logs/deberta_schwartz_geoloss_seed1701_deberta-v3-base_validation_thresholds.json,Stimulation,0.27
schwartz_geoloss,microsoft/deberta-v3-base,validation,1701,tuned_per_label,per_label,results/logs/deberta_schwartz_geoloss_seed1701_deberta-v3-base_validation_thresholds.json,Hedonism,0.32
schwartz_geoloss,microsoft/deberta-v3-base,validation,1701,tuned_per_label,per_label,results/logs/deberta_schwartz_geoloss_seed1701_deberta-v3-base_validation_thresholds.json,Achievement,0.13
schwartz_geoloss,microsoft/deberta-v3-base,validation,1701,tuned_per_label,per_label,results/logs/deberta_schwartz_geoloss_seed1701_deberta-v3-base_validation_thresholds.json,Power: dominance,0.25
schwartz_geoloss,microsoft/deberta-v3-base,validation,1701,tuned_per_label,per_label,results/logs/deberta_schwartz_geoloss_seed1701_deberta-v3-base_validation_thresholds.json,Power: resources,0.07
schwartz_geoloss,microsoft/deberta-v3-base,validation,1701,tuned_per_label,per_label,results/logs/deberta_schwartz_geoloss_seed1701_deberta-v3-base_validation_thresholds.json,Face,0.37
schwartz_geoloss,microsoft/deberta-v3-base,validation,1701,tuned_per_label,per_label,results/logs/deberta_schwartz_geoloss_seed1701_deberta-v3-base_validation_thresholds.json,Security: personal,0.16
schwartz_geoloss,microsoft/deberta-v3-base,validation,1701,tuned_per_label,per_label,results/logs/deberta_schwartz_geoloss_seed1701_deberta-v3-base_validation_thresholds.json,Security: societal,0.44
schwartz_geoloss,microsoft/deberta-v3-base,validation,1701,tuned_per_label,per_label,results/logs/deberta_schwartz_geoloss_seed1701_deberta-v3-base_validation_thresholds.json,Tradition,0.12
schwartz_geoloss,microsoft/deberta-v3-base,validation,1701,tuned_per_label,per_label,results/logs/deberta_schwartz_geoloss_seed1701_deberta-v3-base_validation_thresholds.json,Conformity: rules,0.17
schwartz_geoloss,microsoft/deberta-v3-base,validation,1701,tuned_per_label,per_label,results/logs/deberta_schwartz_geoloss_seed1701_deberta-v3-base_validation_thresholds.json,Conformity: interpersonal,0.19
schwartz_geoloss,microsoft/deberta-v3-base,validation,1701,tuned_per_label,per_label,results/logs/deberta_schwartz_geoloss_seed1701_deberta-v3-base_validation_thresholds.json,Humility,0.02
schwartz_geoloss,microsoft/deberta-v3-base,validation,1701,tuned_per_label,per_label,results/logs/deberta_schwartz_geoloss_seed1701_deberta-v3-base_validation_thresholds.json,Benevolence: caring,0.22
schwartz_geoloss,microsoft/deberta-v3-base,validation,1701,tuned_per_label,per_label,results/logs/deberta_schwartz_geoloss_seed1701_deberta-v3-base_validation_thresholds.json,Benevolence: dependability,0.13
schwartz_geoloss,microsoft/deberta-v3-base,validation,1701,tuned_per_label,per_label,results/logs/deberta_schwartz_geoloss_seed1701_deberta-v3-base_validation_thresholds.json,Universalism: concern,0.39
schwartz_geoloss,microsoft/deberta-v3-base,validation,1701,tuned_per_label,per_label,results/logs/deberta_schwartz_geoloss_seed1701_deberta-v3-base_validation_thresholds.json,Universalism: nature,0.09
schwartz_geoloss,microsoft/deberta-v3-base,validation,1701,tuned_per_label,per_label,results/logs/deberta_schwartz_geoloss_seed1701_deberta-v3-base_validation_thresholds.json,Universalism: tolerance,0.14
schwartz_geoloss,microsoft/deberta-v3-base,test,1984,provided,provided,results/logs/deberta_schwartz_geoloss_seed1984_deberta-v3-base_test_metrics.json,Self-direction: thought,0.06
schwartz_geoloss,microsoft/deberta-v3-base,test,1984,provided,provided,results/logs/deberta_schwartz_geoloss_seed1984_deberta-v3-base_test_metrics.json,Self-direction: action,0.13
schwartz_geoloss,microsoft/deberta-v3-base,test,1984,provided,provided,results/logs/deberta_schwartz_geoloss_seed1984_deberta-v3-base_test_metrics.json,Stimulation,0.19
schwartz_geoloss,microsoft/deberta-v3-base,test,1984,provided,provided,results/logs/deberta_schwartz_geoloss_seed1984_deberta-v3-base_test_metrics.json,Hedonism,0.5700000000000001
schwartz_geoloss,microsoft/deberta-v3-base,test,1984,provided,provided,results/logs/deberta_schwartz_geoloss_seed1984_deberta-v3-base_test_metrics.json,Achievement,0.16
schwartz_geoloss,microsoft/deberta-v3-base,test,1984,provided,provided,results/logs/deberta_schwartz_geoloss_seed1984_deberta-v3-base_test_metrics.json,Power: dominance,0.31
schwartz_geoloss,microsoft/deberta-v3-base,test,1984,provided,provided,results/logs/deberta_schwartz_geoloss_seed1984_deberta-v3-base_test_metrics.json,Power: resources,0.18
schwartz_geoloss,microsoft/deberta-v3-base,test,1984,provided,provided,results/logs/deberta_schwartz_geoloss_seed1984_deberta-v3-base_test_metrics.json,Face,0.17
schwartz_geoloss,microsoft/deberta-v3-base,test,1984,provided,provided,results/logs/deberta_schwartz_geoloss_seed1984_deberta-v3-base_test_metrics.json,Security: personal,0.11
schwartz_geoloss,microsoft/deberta-v3-base,test,1984,provided,provided,results/logs/deberta_schwartz_geoloss_seed1984_deberta-v3-base_test_metrics.json,Security: societal,0.38
schwartz_geoloss,microsoft/deberta-v3-base,test,1984,provided,provided,results/logs/deberta_schwartz_geoloss_seed1984_deberta-v3-base_test_metrics.json,Tradition,0.16
schwartz_geoloss,microsoft/deberta-v3-base,test,1984,provided,provided,results/logs/deberta_schwartz_geoloss_seed1984_deberta-v3-base_test_metrics.json,Conformity: rules,0.29
schwartz_geoloss,microsoft/deberta-v3-base,test,1984,provided,provided,results/logs/deberta_schwartz_geoloss_seed1984_deberta-v3-base_test_metrics.json,Conformity: interpersonal,0.1
schwartz_geoloss,microsoft/deberta-v3-base,test,1984,provided,provided,results/logs/deberta_schwartz_geoloss_seed1984_deberta-v3-base_test_metrics.json,Humility,0.04
schwartz_geoloss,microsoft/deberta-v3-base,test,1984,provided,provided,results/logs/deberta_schwartz_geoloss_seed1984_deberta-v3-base_test_metrics.json,Benevolence: caring,0.15
schwartz_geoloss,microsoft/deberta-v3-base,test,1984,provided,provided,results/logs/deberta_schwartz_geoloss_seed1984_deberta-v3-base_test_metrics.json,Benevolence: dependability,0.18
schwartz_geoloss,microsoft/deberta-v3-base,test,1984,provided,provided,results/logs/deberta_schwartz_geoloss_seed1984_deberta-v3-base_test_metrics.json,Universalism: concern,0.27
schwartz_geoloss,microsoft/deberta-v3-base,test,1984,provided,provided,results/logs/deberta_schwartz_geoloss_seed1984_deberta-v3-base_test_metrics.json,Universalism: nature,0.08
schwartz_geoloss,microsoft/deberta-v3-base,test,1984,provided,provided,results/logs/deberta_schwartz_geoloss_seed1984_deberta-v3-base_test_metrics.json,Universalism: tolerance,0.14
schwartz_geoloss,microsoft/deberta-v3-base,validation,1984,tuned_per_label,per_label,results/logs/deberta_schwartz_geoloss_seed1984_deberta-v3-base_validation_thresholds.json,Self-direction: thought,0.06
schwartz_geoloss,microsoft/deberta-v3-base,validation,1984,tuned_per_label,per_label,results/logs/deberta_schwartz_geoloss_seed1984_deberta-v3-base_validation_thresholds.json,Self-direction: action,0.13
schwartz_geoloss,microsoft/deberta-v3-base,validation,1984,tuned_per_label,per_label,results/logs/deberta_schwartz_geoloss_seed1984_deberta-v3-base_validation_thresholds.json,Stimulation,0.19
schwartz_geoloss,microsoft/deberta-v3-base,validation,1984,tuned_per_label,per_label,results/logs/deberta_schwartz_geoloss_seed1984_deberta-v3-base_validation_thresholds.json,Hedonism,0.5700000000000001
schwartz_geoloss,microsoft/deberta-v3-base,validation,1984,tuned_per_label,per_label,results/logs/deberta_schwartz_geoloss_seed1984_deberta-v3-base_validation_thresholds.json,Achievement,0.16
schwartz_geoloss,microsoft/deberta-v3-base,validation,1984,tuned_per_label,per_label,results/logs/deberta_schwartz_geoloss_seed1984_deberta-v3-base_validation_thresholds.json,Power: dominance,0.31
schwartz_geoloss,microsoft/deberta-v3-base,validation,1984,tuned_per_label,per_label,results/logs/deberta_schwartz_geoloss_seed1984_deberta-v3-base_validation_thresholds.json,Power: resources,0.18
schwartz_geoloss,microsoft/deberta-v3-base,validation,1984,tuned_per_label,per_label,results/logs/deberta_schwartz_geoloss_seed1984_deberta-v3-base_validation_thresholds.json,Face,0.17
schwartz_geoloss,microsoft/deberta-v3-base,validation,1984,tuned_per_label,per_label,results/logs/deberta_schwartz_geoloss_seed1984_deberta-v3-base_validation_thresholds.json,Security: personal,0.11
schwartz_geoloss,microsoft/deberta-v3-base,validation,1984,tuned_per_label,per_label,results/logs/deberta_schwartz_geoloss_seed1984_deberta-v3-base_validation_thresholds.json,Security: societal,0.38
schwartz_geoloss,microsoft/deberta-v3-base,validation,1984,tuned_per_label,per_label,results/logs/deberta_schwartz_geoloss_seed1984_deberta-v3-base_validation_thresholds.json,Tradition,0.16
schwartz_geoloss,microsoft/deberta-v3-base,validation,1984,tuned_per_label,per_label,results/logs/deberta_schwartz_geoloss_seed1984_deberta-v3-base_validation_thresholds.json,Conformity: rules,0.29
schwartz_geoloss,microsoft/deberta-v3-base,validation,1984,tuned_per_label,per_label,results/logs/deberta_schwartz_geoloss_seed1984_deberta-v3-base_validation_thresholds.json,Conformity: interpersonal,0.1
schwartz_geoloss,microsoft/deberta-v3-base,validation,1984,tuned_per_label,per_label,results/logs/deberta_schwartz_geoloss_seed1984_deberta-v3-base_validation_thresholds.json,Humility,0.04
schwartz_geoloss,microsoft/deberta-v3-base,validation,1984,tuned_per_label,per_label,results/logs/deberta_schwartz_geoloss_seed1984_deberta-v3-base_validation_thresholds.json,Benevolence: caring,0.15
schwartz_geoloss,microsoft/deberta-v3-base,validation,1984,tuned_per_label,per_label,results/logs/deberta_schwartz_geoloss_seed1984_deberta-v3-base_validation_thresholds.json,Benevolence: dependability,0.18
schwartz_geoloss,microsoft/deberta-v3-base,validation,1984,tuned_per_label,per_label,results/logs/deberta_schwartz_geoloss_seed1984_deberta-v3-base_validation_thresholds.json,Universalism: concern,0.27
schwartz_geoloss,microsoft/deberta-v3-base,validation,1984,tuned_per_label,per_label,results/logs/deberta_schwartz_geoloss_seed1984_deberta-v3-base_validation_thresholds.json,Universalism: nature,0.08
schwartz_geoloss,microsoft/deberta-v3-base,validation,1984,tuned_per_label,per_label,results/logs/deberta_schwartz_geoloss_seed1984_deberta-v3-base_validation_thresholds.json,Universalism: tolerance,0.14
schwartz_geoloss,microsoft/deberta-v3-base,test,42,provided,provided,results/logs/deberta_schwartz_geoloss_seed42_deberta-v3-base_test_metrics.json,Self-direction: thought,0.04
schwartz_geoloss,microsoft/deberta-v3-base,test,42,provided,provided,results/logs/deberta_schwartz_geoloss_seed42_deberta-v3-base_test_metrics.json,Self-direction: action,0.14
schwartz_geoloss,microsoft/deberta-v3-base,test,42,provided,provided,results/logs/deberta_schwartz_geoloss_seed42_deberta-v3-base_test_metrics.json,Stimulation,0.22
schwartz_geoloss,microsoft/deberta-v3-base,test,42,provided,provided,results/logs/deberta_schwartz_geoloss_seed42_deberta-v3-base_test_metrics.json,Hedonism,0.35000000000000003
schwartz_geoloss,microsoft/deberta-v3-base,test,42,provided,provided,results/logs/deberta_schwartz_geoloss_seed42_deberta-v3-base_test_metrics.json,Achievement,0.24
schwartz_geoloss,microsoft/deberta-v3-base,test,42,provided,provided,results/logs/deberta_schwartz_geoloss_seed42_deberta-v3-base_test_metrics.json,Power: dominance,0.14
schwartz_geoloss,microsoft/deberta-v3-base,test,42,provided,provided,results/logs/deberta_schwartz_geoloss_seed42_deberta-v3-base_test_metrics.json,Power: resources,0.15
schwartz_geoloss,microsoft/deberta-v3-base,test,42,provided,provided,results/logs/deberta_schwartz_geoloss_seed42_deberta-v3-base_test_metrics.json,Face,0.05
schwartz_geoloss,microsoft/deberta-v3-base,test,42,provided,provided,results/logs/deberta_schwartz_geoloss_seed42_deberta-v3-base_test_metrics.json,Security: personal,0.11
schwartz_geoloss,microsoft/deberta-v3-base,test,42,provided,provided,results/logs/deberta_schwartz_geoloss_seed42_deberta-v3-base_test_metrics.json,Security: societal,0.24
schwartz_geoloss,microsoft/deberta-v3-base,test,42,provided,provided,results/logs/deberta_schwartz_geoloss_seed42_deberta-v3-base_test_metrics.json,Tradition,0.35000000000000003
schwartz_geoloss,microsoft/deberta-v3-base,test,42,provided,provided,results/logs/deberta_schwartz_geoloss_seed42_deberta-v3-base_test_metrics.json,Conformity: rules,0.21
schwartz_geoloss,microsoft/deberta-v3-base,test,42,provided,provided,results/logs/deberta_schwartz_geoloss_seed42_deberta-v3-base_test_metrics.json,Conformity: interpersonal,0.15
schwartz_geoloss,microsoft/deberta-v3-base,test,42,provided,provided,results/logs/deberta_schwartz_geoloss_seed42_deberta-v3-base_test_metrics.json,Humility,0.01
schwartz_geoloss,microsoft/deberta-v3-base,test,42,provided,provided,results/logs/deberta_schwartz_geoloss_seed42_deberta-v3-base_test_metrics.json,Benevolence: caring,0.25
schwartz_geoloss,microsoft/deberta-v3-base,test,42,provided,provided,results/logs/deberta_schwartz_geoloss_seed42_deberta-v3-base_test_metrics.json,Benevolence: dependability,0.12
schwartz_geoloss,microsoft/deberta-v3-base,test,42,provided,provided,results/logs/deberta_schwartz_geoloss_seed42_deberta-v3-base_test_metrics.json,Universalism: concern,0.2
schwartz_geoloss,microsoft/deberta-v3-base,test,42,provided,provided,results/logs/deberta_schwartz_geoloss_seed42_deberta-v3-base_test_metrics.json,Universalism: nature,0.07
schwartz_geoloss,microsoft/deberta-v3-base,test,42,provided,provided,results/logs/deberta_schwartz_geoloss_seed42_deberta-v3-base_test_metrics.json,Universalism: tolerance,0.08
schwartz_geoloss,microsoft/deberta-v3-base,validation,42,tuned_per_label,per_label,results/logs/deberta_schwartz_geoloss_seed42_deberta-v3-base_validation_thresholds.json,Self-direction: thought,0.04
schwartz_geoloss,microsoft/deberta-v3-base,validation,42,tuned_per_label,per_label,results/logs/deberta_schwartz_geoloss_seed42_deberta-v3-base_validation_thresholds.json,Self-direction: action,0.14
schwartz_geoloss,microsoft/deberta-v3-base,validation,42,tuned_per_label,per_label,results/logs/deberta_schwartz_geoloss_seed42_deberta-v3-base_validation_thresholds.json,Stimulation,0.22
schwartz_geoloss,microsoft/deberta-v3-base,validation,42,tuned_per_label,per_label,results/logs/deberta_schwartz_geoloss_seed42_deberta-v3-base_validation_thresholds.json,Hedonism,0.35000000000000003
schwartz_geoloss,microsoft/deberta-v3-base,validation,42,tuned_per_label,per_label,results/logs/deberta_schwartz_geoloss_seed42_deberta-v3-base_validation_thresholds.json,Achievement,0.24
schwartz_geoloss,microsoft/deberta-v3-base,validation,42,tuned_per_label,per_label,results/logs/deberta_schwartz_geoloss_seed42_deberta-v3-base_validation_thresholds.json,Power: dominance,0.14
schwartz_geoloss,microsoft/deberta-v3-base,validation,42,tuned_per_label,per_label,results/logs/deberta_schwartz_geoloss_seed42_deberta-v3-base_validation_thresholds.json,Power: resources,0.15
schwartz_geoloss,microsoft/deberta-v3-base,validation,42,tuned_per_label,per_label,results/logs/deberta_schwartz_geoloss_seed42_deberta-v3-base_validation_thresholds.json,Face,0.05
schwartz_geoloss,microsoft/deberta-v3-base,validation,42,tuned_per_label,per_label,results/logs/deberta_schwartz_geoloss_seed42_deberta-v3-base_validation_thresholds.json,Security: personal,0.11
schwartz_geoloss,microsoft/deberta-v3-base,validation,42,tuned_per_label,per_label,results/logs/deberta_schwartz_geoloss_seed42_deberta-v3-base_validation_thresholds.json,Security: societal,0.24
schwartz_geoloss,microsoft/deberta-v3-base,validation,42,tuned_per_label,per_label,results/logs/deberta_schwartz_geoloss_seed42_deberta-v3-base_validation_thresholds.json,Tradition,0.35000000000000003
schwartz_geoloss,microsoft/deberta-v3-base,validation,42,tuned_per_label,per_label,results/logs/deberta_schwartz_geoloss_seed42_deberta-v3-base_validation_thresholds.json,Conformity: rules,0.21
schwartz_geoloss,microsoft/deberta-v3-base,validation,42,tuned_per_label,per_label,results/logs/deberta_schwartz_geoloss_seed42_deberta-v3-base_validation_thresholds.json,Conformity: interpersonal,0.15
schwartz_geoloss,microsoft/deberta-v3-base,validation,42,tuned_per_label,per_label,results/logs/deberta_schwartz_geoloss_seed42_deberta-v3-base_validation_thresholds.json,Humility,0.01
schwartz_geoloss,microsoft/deberta-v3-base,validation,42,tuned_per_label,per_label,results/logs/deberta_schwartz_geoloss_seed42_deberta-v3-base_validation_thresholds.json,Benevolence: caring,0.25
schwartz_geoloss,microsoft/deberta-v3-base,validation,42,tuned_per_label,per_label,results/logs/deberta_schwartz_geoloss_seed42_deberta-v3-base_validation_thresholds.json,Benevolence: dependability,0.12
schwartz_geoloss,microsoft/deberta-v3-base,validation,42,tuned_per_label,per_label,results/logs/deberta_schwartz_geoloss_seed42_deberta-v3-base_validation_thresholds.json,Universalism: concern,0.2
schwartz_geoloss,microsoft/deberta-v3-base,validation,42,tuned_per_label,per_label,results/logs/deberta_schwartz_geoloss_seed42_deberta-v3-base_validation_thresholds.json,Universalism: nature,0.07
schwartz_geoloss,microsoft/deberta-v3-base,validation,42,tuned_per_label,per_label,results/logs/deberta_schwartz_geoloss_seed42_deberta-v3-base_validation_thresholds.json,Universalism: tolerance,0.08
schwartz_geoloss,microsoft/deberta-v3-base,test,7,provided,provided,results/logs/deberta_schwartz_geoloss_seed7_deberta-v3-base_test_metrics.json,Self-direction: thought,0.14
schwartz_geoloss,microsoft/deberta-v3-base,test,7,provided,provided,results/logs/deberta_schwartz_geoloss_seed7_deberta-v3-base_test_metrics.json,Self-direction: action,0.3
schwartz_geoloss,microsoft/deberta-v3-base,test,7,provided,provided,results/logs/deberta_schwartz_geoloss_seed7_deberta-v3-base_test_metrics.json,Stimulation,0.36
schwartz_geoloss,microsoft/deberta-v3-base,test,7,provided,provided,results/logs/deberta_schwartz_geoloss_seed7_deberta-v3-base_test_metrics.json,Hedonism,0.43
schwartz_geoloss,microsoft/deberta-v3-base,test,7,provided,provided,results/logs/deberta_schwartz_geoloss_seed7_deberta-v3-base_test_metrics.json,Achievement,0.27
schwartz_geoloss,microsoft/deberta-v3-base,test,7,provided,provided,results/logs/deberta_schwartz_geoloss_seed7_deberta-v3-base_test_metrics.json,Power: dominance,0.24
schwartz_geoloss,microsoft/deberta-v3-base,test,7,provided,provided,results/logs/deberta_schwartz_geoloss_seed7_deberta-v3-base_test_metrics.json,Power: resources,0.17
schwartz_geoloss,microsoft/deberta-v3-base,test,7,provided,provided,results/logs/deberta_schwartz_geoloss_seed7_deberta-v3-base_test_metrics.json,Face,0.17
schwartz_geoloss,microsoft/deberta-v3-base,test,7,provided,provided,results/logs/deberta_schwartz_geoloss_seed7_deberta-v3-base_test_metrics.json,Security: personal,0.17
schwartz_geoloss,microsoft/deberta-v3-base,test,7,provided,provided,results/logs/deberta_schwartz_geoloss_seed7_deberta-v3-base_test_metrics.json,Security: societal,0.34
schwartz_geoloss,microsoft/deberta-v3-base,test,7,provided,provided,results/logs/deberta_schwartz_geoloss_seed7_deberta-v3-base_test_metrics.json,Tradition,0.34
schwartz_geoloss,microsoft/deberta-v3-base,test,7,provided,provided,results/logs/deberta_schwartz_geoloss_seed7_deberta-v3-base_test_metrics.json,Conformity: rules,0.27
schwartz_geoloss,microsoft/deberta-v3-base,test,7,provided,provided,results/logs/deberta_schwartz_geoloss_seed7_deberta-v3-base_test_metrics.json,Conformity: interpersonal,0.08
schwartz_geoloss,microsoft/deberta-v3-base,test,7,provided,provided,results/logs/deberta_schwartz_geoloss_seed7_deberta-v3-base_test_metrics.json,Humility,0.02
schwartz_geoloss,microsoft/deberta-v3-base,test,7,provided,provided,results/logs/deberta_schwartz_geoloss_seed7_deberta-v3-base_test_metrics.json,Benevolence: caring,0.07
schwartz_geoloss,microsoft/deberta-v3-base,test,7,provided,provided,results/logs/deberta_schwartz_geoloss_seed7_deberta-v3-base_test_metrics.json,Benevolence: dependability,0.16
schwartz_geoloss,microsoft/deberta-v3-base,test,7,provided,provided,results/logs/deberta_schwartz_geoloss_seed7_deberta-v3-base_test_metrics.json,Universalism: concern,0.22
schwartz_geoloss,microsoft/deberta-v3-base,test,7,provided,provided,results/logs/deberta_schwartz_geoloss_seed7_deberta-v3-base_test_metrics.json,Universalism: nature,0.11
schwartz_geoloss,microsoft/deberta-v3-base,test,7,provided,provided,results/logs/deberta_schwartz_geoloss_seed7_deberta-v3-base_test_metrics.json,Universalism: tolerance,0.12
schwartz_geoloss,microsoft/deberta-v3-base,validation,7,tuned_per_label,per_label,results/logs/deberta_schwartz_geoloss_seed7_deberta-v3-base_validation_thresholds.json,Self-direction: thought,0.14
schwartz_geoloss,microsoft/deberta-v3-base,validation,7,tuned_per_label,per_label,results/logs/deberta_schwartz_geoloss_seed7_deberta-v3-base_validation_thresholds.json,Self-direction: action,0.3
schwartz_geoloss,microsoft/deberta-v3-base,validation,7,tuned_per_label,per_label,results/logs/deberta_schwartz_geoloss_seed7_deberta-v3-base_validation_thresholds.json,Stimulation,0.36
schwartz_geoloss,microsoft/deberta-v3-base,validation,7,tuned_per_label,per_label,results/logs/deberta_schwartz_geoloss_seed7_deberta-v3-base_validation_thresholds.json,Hedonism,0.43
schwartz_geoloss,microsoft/deberta-v3-base,validation,7,tuned_per_label,per_label,results/logs/deberta_schwartz_geoloss_seed7_deberta-v3-base_validation_thresholds.json,Achievement,0.27
schwartz_geoloss,microsoft/deberta-v3-base,validation,7,tuned_per_label,per_label,results/logs/deberta_schwartz_geoloss_seed7_deberta-v3-base_validation_thresholds.json,Power: dominance,0.24
schwartz_geoloss,microsoft/deberta-v3-base,validation,7,tuned_per_label,per_label,results/logs/deberta_schwartz_geoloss_seed7_deberta-v3-base_validation_thresholds.json,Power: resources,0.17
schwartz_geoloss,microsoft/deberta-v3-base,validation,7,tuned_per_label,per_label,results/logs/deberta_schwartz_geoloss_seed7_deberta-v3-base_validation_thresholds.json,Face,0.17
schwartz_geoloss,microsoft/deberta-v3-base,validation,7,tuned_per_label,per_label,results/logs/deberta_schwartz_geoloss_seed7_deberta-v3-base_validation_thresholds.json,Security: personal,0.17
schwartz_geoloss,microsoft/deberta-v3-base,validation,7,tuned_per_label,per_label,results/logs/deberta_schwartz_geoloss_seed7_deberta-v3-base_validation_thresholds.json,Security: societal,0.34
schwartz_geoloss,microsoft/deberta-v3-base,validation,7,tuned_per_label,per_label,results/logs/deberta_schwartz_geoloss_seed7_deberta-v3-base_validation_thresholds.json,Tradition,0.34
schwartz_geoloss,microsoft/deberta-v3-base,validation,7,tuned_per_label,per_label,results/logs/deberta_schwartz_geoloss_seed7_deberta-v3-base_validation_thresholds.json,Conformity: rules,0.27
schwartz_geoloss,microsoft/deberta-v3-base,validation,7,tuned_per_label,per_label,results/logs/deberta_schwartz_geoloss_seed7_deberta-v3-base_validation_thresholds.json,Conformity: interpersonal,0.08
schwartz_geoloss,microsoft/deberta-v3-base,validation,7,tuned_per_label,per_label,results/logs/deberta_schwartz_geoloss_seed7_deberta-v3-base_validation_thresholds.json,Humility,0.02
schwartz_geoloss,microsoft/deberta-v3-base,validation,7,tuned_per_label,per_label,results/logs/deberta_schwartz_geoloss_seed7_deberta-v3-base_validation_thresholds.json,Benevolence: caring,0.07
schwartz_geoloss,microsoft/deberta-v3-base,validation,7,tuned_per_label,per_label,results/logs/deberta_schwartz_geoloss_seed7_deberta-v3-base_validation_thresholds.json,Benevolence: dependability,0.16
schwartz_geoloss,microsoft/deberta-v3-base,validation,7,tuned_per_label,per_label,results/logs/deberta_schwartz_geoloss_seed7_deberta-v3-base_validation_thresholds.json,Universalism: concern,0.22
schwartz_geoloss,microsoft/deberta-v3-base,validation,7,tuned_per_label,per_label,results/logs/deberta_schwartz_geoloss_seed7_deberta-v3-base_validation_thresholds.json,Universalism: nature,0.11
schwartz_geoloss,microsoft/deberta-v3-base,validation,7,tuned_per_label,per_label,results/logs/deberta_schwartz_geoloss_seed7_deberta-v3-base_validation_thresholds.json,Universalism: tolerance,0.12
schwartz_geosmooth,microsoft/deberta-v3-base,test,11,provided,provided,results/logs/deberta_schwartz_geosmooth_seed11_deberta-v3-base_test_metrics.json,Self-direction: thought,0.27
schwartz_geosmooth,microsoft/deberta-v3-base,test,11,provided,provided,results/logs/deberta_schwartz_geosmooth_seed11_deberta-v3-base_test_metrics.json,Self-direction: action,0.25
schwartz_geosmooth,microsoft/deberta-v3-base,test,11,provided,provided,results/logs/deberta_schwartz_geosmooth_seed11_deberta-v3-base_test_metrics.json,Stimulation,0.39
schwartz_geosmooth,microsoft/deberta-v3-base,test,11,provided,provided,results/logs/deberta_schwartz_geosmooth_seed11_deberta-v3-base_test_metrics.json,Hedonism,0.22
schwartz_geosmooth,microsoft/deberta-v3-base,test,11,provided,provided,results/logs/deberta_schwartz_geosmooth_seed11_deberta-v3-base_test_metrics.json,Achievement,0.38
schwartz_geosmooth,microsoft/deberta-v3-base,test,11,provided,provided,results/logs/deberta_schwartz_geosmooth_seed11_deberta-v3-base_test_metrics.json,Power: dominance,0.28
schwartz_geosmooth,microsoft/deberta-v3-base,test,11,provided,provided,results/logs/deberta_schwartz_geosmooth_seed11_deberta-v3-base_test_metrics.json,Power: resources,0.34
schwartz_geosmooth,microsoft/deberta-v3-base,test,11,provided,provided,results/logs/deberta_schwartz_geosmooth_seed11_deberta-v3-base_test_metrics.json,Face,0.27
schwartz_geosmooth,microsoft/deberta-v3-base,test,11,provided,provided,results/logs/deberta_schwartz_geosmooth_seed11_deberta-v3-base_test_metrics.json,Security: personal,0.3
schwartz_geosmooth,microsoft/deberta-v3-base,test,11,provided,provided,results/logs/deberta_schwartz_geosmooth_seed11_deberta-v3-base_test_metrics.json,Security: societal,0.43
schwartz_geosmooth,microsoft/deberta-v3-base,test,11,provided,provided,results/logs/deberta_schwartz_geosmooth_seed11_deberta-v3-base_test_metrics.json,Tradition,0.2
schwartz_geosmooth,microsoft/deberta-v3-base,test,11,provided,provided,results/logs/deberta_schwartz_geosmooth_seed11_deberta-v3-base_test_metrics.json,Conformity: rules,0.34
schwartz_geosmooth,microsoft/deberta-v3-base,test,11,provided,provided,results/logs/deberta_schwartz_geosmooth_seed11_deberta-v3-base_test_metrics.json,Conformity: interpersonal,0.22
schwartz_geosmooth,microsoft/deberta-v3-base,test,11,provided,provided,results/logs/deberta_schwartz_geosmooth_seed11_deberta-v3-base_test_metrics.json,Humility,0.35000000000000003
schwartz_geosmooth,microsoft/deberta-v3-base,test,11,provided,provided,results/logs/deberta_schwartz_geosmooth_seed11_deberta-v3-base_test_metrics.json,Benevolence: caring,0.3
schwartz_geosmooth,microsoft/deberta-v3-base,test,11,provided,provided,results/logs/deberta_schwartz_geosmooth_seed11_deberta-v3-base_test_metrics.json,Benevolence: dependability,0.3
schwartz_geosmooth,microsoft/deberta-v3-base,test,11,provided,provided,results/logs/deberta_schwartz_geosmooth_seed11_deberta-v3-base_test_metrics.json,Universalism: concern,0.4
schwartz_geosmooth,microsoft/deberta-v3-base,test,11,provided,provided,results/logs/deberta_schwartz_geosmooth_seed11_deberta-v3-base_test_metrics.json,Universalism: nature,0.53
schwartz_geosmooth,microsoft/deberta-v3-base,test,11,provided,provided,results/logs/deberta_schwartz_geosmooth_seed11_deberta-v3-base_test_metrics.json,Universalism: tolerance,0.49
schwartz_geosmooth,microsoft/deberta-v3-base,validation,11,tuned_per_label,per_label,results/logs/deberta_schwartz_geosmooth_seed11_deberta-v3-base_validation_thresholds.json,Self-direction: thought,0.27
schwartz_geosmooth,microsoft/deberta-v3-base,validation,11,tuned_per_label,per_label,results/logs/deberta_schwartz_geosmooth_seed11_deberta-v3-base_validation_thresholds.json,Self-direction: action,0.25
schwartz_geosmooth,microsoft/deberta-v3-base,validation,11,tuned_per_label,per_label,results/logs/deberta_schwartz_geosmooth_seed11_deberta-v3-base_validation_thresholds.json,Stimulation,0.39
schwartz_geosmooth,microsoft/deberta-v3-base,validation,11,tuned_per_label,per_label,results/logs/deberta_schwartz_geosmooth_seed11_deberta-v3-base_validation_thresholds.json,Hedonism,0.22
schwartz_geosmooth,microsoft/deberta-v3-base,validation,11,tuned_per_label,per_label,results/logs/deberta_schwartz_geosmooth_seed11_deberta-v3-base_validation_thresholds.json,Achievement,0.38
schwartz_geosmooth,microsoft/deberta-v3-base,validation,11,tuned_per_label,per_label,results/logs/deberta_schwartz_geosmooth_seed11_deberta-v3-base_validation_thresholds.json,Power: dominance,0.28
schwartz_geosmooth,microsoft/deberta-v3-base,validation,11,tuned_per_label,per_label,results/logs/deberta_schwartz_geosmooth_seed11_deberta-v3-base_validation_thresholds.json,Power: resources,0.34
schwartz_geosmooth,microsoft/deberta-v3-base,validation,11,tuned_per_label,per_label,results/logs/deberta_schwartz_geosmooth_seed11_deberta-v3-base_validation_thresholds.json,Face,0.27
schwartz_geosmooth,microsoft/deberta-v3-base,validation,11,tuned_per_label,per_label,results/logs/deberta_schwartz_geosmooth_seed11_deberta-v3-base_validation_thresholds.json,Security: personal,0.3
schwartz_geosmooth,microsoft/deberta-v3-base,validation,11,tuned_per_label,per_label,results/logs/deberta_schwartz_geosmooth_seed11_deberta-v3-base_validation_thresholds.json,Security: societal,0.43
schwartz_geosmooth,microsoft/deberta-v3-base,validation,11,tuned_per_label,per_label,results/logs/deberta_schwartz_geosmooth_seed11_deberta-v3-base_validation_thresholds.json,Tradition,0.2
schwartz_geosmooth,microsoft/deberta-v3-base,validation,11,tuned_per_label,per_label,results/logs/deberta_schwartz_geosmooth_seed11_deberta-v3-base_validation_thresholds.json,Conformity: rules,0.34
schwartz_geosmooth,microsoft/deberta-v3-base,validation,11,tuned_per_label,per_label,results/logs/deberta_schwartz_geosmooth_seed11_deberta-v3-base_validation_thresholds.json,Conformity: interpersonal,0.22
schwartz_geosmooth,microsoft/deberta-v3-base,validation,11,tuned_per_label,per_label,results/logs/deberta_schwartz_geosmooth_seed11_deberta-v3-base_validation_thresholds.json,Humility,0.35000000000000003
schwartz_geosmooth,microsoft/deberta-v3-base,validation,11,tuned_per_label,per_label,results/logs/deberta_schwartz_geosmooth_seed11_deberta-v3-base_validation_thresholds.json,Benevolence: caring,0.3
schwartz_geosmooth,microsoft/deberta-v3-base,validation,11,tuned_per_label,per_label,results/logs/deberta_schwartz_geosmooth_seed11_deberta-v3-base_validation_thresholds.json,Benevolence: dependability,0.3
schwartz_geosmooth,microsoft/deberta-v3-base,validation,11,tuned_per_label,per_label,results/logs/deberta_schwartz_geosmooth_seed11_deberta-v3-base_validation_thresholds.json,Universalism: concern,0.4
schwartz_geosmooth,microsoft/deberta-v3-base,validation,11,tuned_per_label,per_label,results/logs/deberta_schwartz_geosmooth_seed11_deberta-v3-base_validation_thresholds.json,Universalism: nature,0.53
schwartz_geosmooth,microsoft/deberta-v3-base,validation,11,tuned_per_label,per_label,results/logs/deberta_schwartz_geosmooth_seed11_deberta-v3-base_validation_thresholds.json,Universalism: tolerance,0.49
schwartz_geosmooth,microsoft/deberta-v3-base,test,1701,provided,provided,results/logs/deberta_schwartz_geosmooth_seed1701_deberta-v3-base_test_metrics.json,Self-direction: thought,0.28
schwartz_geosmooth,microsoft/deberta-v3-base,test,1701,provided,provided,results/logs/deberta_schwartz_geosmooth_seed1701_deberta-v3-base_test_metrics.json,Self-direction: action,0.36
schwartz_geosmooth,microsoft/deberta-v3-base,test,1701,provided,provided,results/logs/deberta_schwartz_geosmooth_seed1701_deberta-v3-base_test_metrics.json,Stimulation,0.52
schwartz_geosmooth,microsoft/deberta-v3-base,test,1701,provided,provided,results/logs/deberta_schwartz_geosmooth_seed1701_deberta-v3-base_test_metrics.json,Hedonism,0.4
schwartz_geosmooth,microsoft/deberta-v3-base,test,1701,provided,provided,results/logs/deberta_schwartz_geosmooth_seed1701_deberta-v3-base_test_metrics.json,Achievement,0.46
schwartz_geosmooth,microsoft/deberta-v3-base,test,1701,provided,provided,results/logs/deberta_schwartz_geosmooth_seed1701_deberta-v3-base_test_metrics.json,Power: dominance,0.51
schwartz_geosmooth,microsoft/deberta-v3-base,test,1701,provided,provided,results/logs/deberta_schwartz_geosmooth_seed1701_deberta-v3-base_test_metrics.json,Power: resources,0.52
schwartz_geosmooth,microsoft/deberta-v3-base,test,1701,provided,provided,results/logs/deberta_schwartz_geosmooth_seed1701_deberta-v3-base_test_metrics.json,Face,0.29
schwartz_geosmooth,microsoft/deberta-v3-base,test,1701,provided,provided,results/logs/deberta_schwartz_geosmooth_seed1701_deberta-v3-base_test_metrics.json,Security: personal,0.56
schwartz_geosmooth,microsoft/deberta-v3-base,test,1701,provided,provided,results/logs/deberta_schwartz_geosmooth_seed1701_deberta-v3-base_test_metrics.json,Security: societal,0.54
schwartz_geosmooth,microsoft/deberta-v3-base,test,1701,provided,provided,results/logs/deberta_schwartz_geosmooth_seed1701_deberta-v3-base_test_metrics.json,Tradition,0.4
schwartz_geosmooth,microsoft/deberta-v3-base,test,1701,provided,provided,results/logs/deberta_schwartz_geosmooth_seed1701_deberta-v3-base_test_metrics.json,Conformity: rules,0.52
schwartz_geosmooth,microsoft/deberta-v3-base,test,1701,provided,provided,results/logs/deberta_schwartz_geosmooth_seed1701_deberta-v3-base_test_metrics.json,Conformity: interpersonal,0.32
schwartz_geosmooth,microsoft/deberta-v3-base,test,1701,provided,provided,results/logs/deberta_schwartz_geosmooth_seed1701_deberta-v3-base_test_metrics.json,Humility,0.37
schwartz_geosmooth,microsoft/deberta-v3-base,test,1701,provided,provided,results/logs/deberta_schwartz_geosmooth_seed1701_deberta-v3-base_test_metrics.json,Benevolence: caring,0.42
schwartz_geosmooth,microsoft/deberta-v3-base,test,1701,provided,provided,results/logs/deberta_schwartz_geosmooth_seed1701_deberta-v3-base_test_metrics.json,Benevolence: dependability,0.32
schwartz_geosmooth,microsoft/deberta-v3-base,test,1701,provided,provided,results/logs/deberta_schwartz_geosmooth_seed1701_deberta-v3-base_test_metrics.json,Universalism: concern,0.48
schwartz_geosmooth,microsoft/deberta-v3-base,test,1701,provided,provided,results/logs/deberta_schwartz_geosmooth_seed1701_deberta-v3-base_test_metrics.json,Universalism: nature,0.65
schwartz_geosmooth,microsoft/deberta-v3-base,test,1701,provided,provided,results/logs/deberta_schwartz_geosmooth_seed1701_deberta-v3-base_test_metrics.json,Universalism: tolerance,0.66
schwartz_geosmooth,microsoft/deberta-v3-base,validation,1701,tuned_per_label,per_label,results/logs/deberta_schwartz_geosmooth_seed1701_deberta-v3-base_validation_thresholds.json,Self-direction: thought,0.28
schwartz_geosmooth,microsoft/deberta-v3-base,validation,1701,tuned_per_label,per_label,results/logs/deberta_schwartz_geosmooth_seed1701_deberta-v3-base_validation_thresholds.json,Self-direction: action,0.36
schwartz_geosmooth,microsoft/deberta-v3-base,validation,1701,tuned_per_label,per_label,results/logs/deberta_schwartz_geosmooth_seed1701_deberta-v3-base_validation_thresholds.json,Stimulation,0.52
schwartz_geosmooth,microsoft/deberta-v3-base,validation,1701,tuned_per_label,per_label,results/logs/deberta_schwartz_geosmooth_seed1701_deberta-v3-base_validation_thresholds.json,Hedonism,0.4
schwartz_geosmooth,microsoft/deberta-v3-base,validation,1701,tuned_per_label,per_label,results/logs/deberta_schwartz_geosmooth_seed1701_deberta-v3-base_validation_thresholds.json,Achievement,0.46
schwartz_geosmooth,microsoft/deberta-v3-base,validation,1701,tuned_per_label,per_label,results/logs/deberta_schwartz_geosmooth_seed1701_deberta-v3-base_validation_thresholds.json,Power: dominance,0.51
schwartz_geosmooth,microsoft/deberta-v3-base,validation,1701,tuned_per_label,per_label,results/logs/deberta_schwartz_geosmooth_seed1701_deberta-v3-base_validation_thresholds.json,Power: resources,0.52
schwartz_geosmooth,microsoft/deberta-v3-base,validation,1701,tuned_per_label,per_label,results/logs/deberta_schwartz_geosmooth_seed1701_deberta-v3-base_validation_thresholds.json,Face,0.29
schwartz_geosmooth,microsoft/deberta-v3-base,validation,1701,tuned_per_label,per_label,results/logs/deberta_schwartz_geosmooth_seed1701_deberta-v3-base_validation_thresholds.json,Security: personal,0.56
schwartz_geosmooth,microsoft/deberta-v3-base,validation,1701,tuned_per_label,per_label,results/logs/deberta_schwartz_geosmooth_seed1701_deberta-v3-base_validation_thresholds.json,Security: societal,0.54
schwartz_geosmooth,microsoft/deberta-v3-base,validation,1701,tuned_per_label,per_label,results/logs/deberta_schwartz_geosmooth_seed1701_deberta-v3-base_validation_thresholds.json,Tradition,0.4
schwartz_geosmooth,microsoft/deberta-v3-base,validation,1701,tuned_per_label,per_label,results/logs/deberta_schwartz_geosmooth_seed1701_deberta-v3-base_validation_thresholds.json,Conformity: rules,0.52
schwartz_geosmooth,microsoft/deberta-v3-base,validation,1701,tuned_per_label,per_label,results/logs/deberta_schwartz_geosmooth_seed1701_deberta-v3-base_validation_thresholds.json,Conformity: interpersonal,0.32
schwartz_geosmooth,microsoft/deberta-v3-base,validation,1701,tuned_per_label,per_label,results/logs/deberta_schwartz_geosmooth_seed1701_deberta-v3-base_validation_thresholds.json,Humility,0.37
schwartz_geosmooth,microsoft/deberta-v3-base,validation,1701,tuned_per_label,per_label,results/logs/deberta_schwartz_geosmooth_seed1701_deberta-v3-base_validation_thresholds.json,Benevolence: caring,0.42
schwartz_geosmooth,microsoft/deberta-v3-base,validation,1701,tuned_per_label,per_label,results/logs/deberta_schwartz_geosmooth_seed1701_deberta-v3-base_validation_thresholds.json,Benevolence: dependability,0.32
schwartz_geosmooth,microsoft/deberta-v3-base,validation,1701,tuned_per_label,per_label,results/logs/deberta_schwartz_geosmooth_seed1701_deberta-v3-base_validation_thresholds.json,Universalism: concern,0.48
schwartz_geosmooth,microsoft/deberta-v3-base,validation,1701,tuned_per_label,per_label,results/logs/deberta_schwartz_geosmooth_seed1701_deberta-v3-base_validation_thresholds.json,Universalism: nature,0.65
schwartz_geosmooth,microsoft/deberta-v3-base,validation,1701,tuned_per_label,per_label,results/logs/deberta_schwartz_geosmooth_seed1701_deberta-v3-base_validation_thresholds.json,Universalism: tolerance,0.66
schwartz_geosmooth,microsoft/deberta-v3-base,test,1984,provided,provided,results/logs/deberta_schwartz_geosmooth_seed1984_deberta-v3-base_test_metrics.json,Self-direction: thought,0.47000000000000003
schwartz_geosmooth,microsoft/deberta-v3-base,test,1984,provided,provided,results/logs/deberta_schwartz_geosmooth_seed1984_deberta-v3-base_test_metrics.json,Self-direction: action,0.39
schwartz_geosmooth,microsoft/deberta-v3-base,test,1984,provided,provided,results/logs/deberta_schwartz_geosmooth_seed1984_deberta-v3-base_test_metrics.json,Stimulation,0.48
schwartz_geosmooth,microsoft/deberta-v3-base,test,1984,provided,provided,results/logs/deberta_schwartz_geosmooth_seed1984_deberta-v3-base_test_metrics.json,Hedonism,0.42
schwartz_geosmooth,microsoft/deberta-v3-base,test,1984,provided,provided,results/logs/deberta_schwartz_geosmooth_seed1984_deberta-v3-base_test_metrics.json,Achievement,0.4
schwartz_geosmooth,microsoft/deberta-v3-base,test,1984,provided,provided,results/logs/deberta_schwartz_geosmooth_seed1984_deberta-v3-base_test_metrics.json,Power: dominance,0.24
schwartz_geosmooth,microsoft/deberta-v3-base,test,1984,provided,provided,results/logs/deberta_schwartz_geosmooth_seed1984_deberta-v3-base_test_metrics.json,Power: resources,0.31
schwartz_geosmooth,microsoft/deberta-v3-base,test,1984,provided,provided,results/logs/deberta_schwartz_geosmooth_seed1984_deberta-v3-base_test_metrics.json,Face,0.16
schwartz_geosmooth,microsoft/deberta-v3-base,test,1984,provided,provided,results/logs/deberta_schwartz_geosmooth_seed1984_deberta-v3-base_test_metrics.json,Security: personal,0.29
schwartz_geosmooth,microsoft/deberta-v3-base,test,1984,provided,provided,results/logs/deberta_schwartz_geosmooth_seed1984_deberta-v3-base_test_metrics.json,Security: societal,0.32
schwartz_geosmooth,microsoft/deberta-v3-base,test,1984,provided,provided,results/logs/deberta_schwartz_geosmooth_seed1984_deberta-v3-base_test_metrics.json,Tradition,0.21
schwartz_geosmooth,microsoft/deberta-v3-base,test,1984,provided,provided,results/logs/deberta_schwartz_geosmooth_seed1984_deberta-v3-base_test_metrics.json,Conformity: rules,0.38
schwartz_geosmooth,microsoft/deberta-v3-base,test,1984,provided,provided,results/logs/deberta_schwartz_geosmooth_seed1984_deberta-v3-base_test_metrics.json,Conformity: interpersonal,0.3
schwartz_geosmooth,microsoft/deberta-v3-base,test,1984,provided,provided,results/logs/deberta_schwartz_geosmooth_seed1984_deberta-v3-base_test_metrics.json,Humility,0.44
schwartz_geosmooth,microsoft/deberta-v3-base,test,1984,provided,provided,results/logs/deberta_schwartz_geosmooth_seed1984_deberta-v3-base_test_metrics.json,Benevolence: caring,0.55
schwartz_geosmooth,microsoft/deberta-v3-base,test,1984,provided,provided,results/logs/deberta_schwartz_geosmooth_seed1984_deberta-v3-base_test_metrics.json,Benevolence: dependability,0.47000000000000003
schwartz_geosmooth,microsoft/deberta-v3-base,test,1984,provided,provided,results/logs/deberta_schwartz_geosmooth_seed1984_deberta-v3-base_test_metrics.json,Universalism: concern,0.5
schwartz_geosmooth,microsoft/deberta-v3-base,test,1984,provided,provided,results/logs/deberta_schwartz_geosmooth_seed1984_deberta-v3-base_test_metrics.json,Universalism: nature,0.6900000000000001
schwartz_geosmooth,microsoft/deberta-v3-base,test,1984,provided,provided,results/logs/deberta_schwartz_geosmooth_seed1984_deberta-v3-base_test_metrics.json,Universalism: tolerance,0.67
schwartz_geosmooth,microsoft/deberta-v3-base,validation,1984,tuned_per_label,per_label,results/logs/deberta_schwartz_geosmooth_seed1984_deberta-v3-base_validation_thresholds.json,Self-direction: thought,0.47000000000000003
schwartz_geosmooth,microsoft/deberta-v3-base,validation,1984,tuned_per_label,per_label,results/logs/deberta_schwartz_geosmooth_seed1984_deberta-v3-base_validation_thresholds.json,Self-direction: action,0.39
schwartz_geosmooth,microsoft/deberta-v3-base,validation,1984,tuned_per_label,per_label,results/logs/deberta_schwartz_geosmooth_seed1984_deberta-v3-base_validation_thresholds.json,Stimulation,0.48
schwartz_geosmooth,microsoft/deberta-v3-base,validation,1984,tuned_per_label,per_label,results/logs/deberta_schwartz_geosmooth_seed1984_deberta-v3-base_validation_thresholds.json,Hedonism,0.42
schwartz_geosmooth,microsoft/deberta-v3-base,validation,1984,tuned_per_label,per_label,results/logs/deberta_schwartz_geosmooth_seed1984_deberta-v3-base_validation_thresholds.json,Achievement,0.4
schwartz_geosmooth,microsoft/deberta-v3-base,validation,1984,tuned_per_label,per_label,results/logs/deberta_schwartz_geosmooth_seed1984_deberta-v3-base_validation_thresholds.json,Power: dominance,0.24
schwartz_geosmooth,microsoft/deberta-v3-base,validation,1984,tuned_per_label,per_label,results/logs/deberta_schwartz_geosmooth_seed1984_deberta-v3-base_validation_thresholds.json,Power: resources,0.31
schwartz_geosmooth,microsoft/deberta-v3-base,validation,1984,tuned_per_label,per_label,results/logs/deberta_schwartz_geosmooth_seed1984_deberta-v3-base_validation_thresholds.json,Face,0.16
schwartz_geosmooth,microsoft/deberta-v3-base,validation,1984,tuned_per_label,per_label,results/logs/deberta_schwartz_geosmooth_seed1984_deberta-v3-base_validation_thresholds.json,Security: personal,0.29
schwartz_geosmooth,microsoft/deberta-v3-base,validation,1984,tuned_per_label,per_label,results/logs/deberta_schwartz_geosmooth_seed1984_deberta-v3-base_validation_thresholds.json,Security: societal,0.32
schwartz_geosmooth,microsoft/deberta-v3-base,validation,1984,tuned_per_label,per_label,results/logs/deberta_schwartz_geosmooth_seed1984_deberta-v3-base_validation_thresholds.json,Tradition,0.21
schwartz_geosmooth,microsoft/deberta-v3-base,validation,1984,tuned_per_label,per_label,results/logs/deberta_schwartz_geosmooth_seed1984_deberta-v3-base_validation_thresholds.json,Conformity: rules,0.38
schwartz_geosmooth,microsoft/deberta-v3-base,validation,1984,tuned_per_label,per_label,results/logs/deberta_schwartz_geosmooth_seed1984_deberta-v3-base_validation_thresholds.json,Conformity: interpersonal,0.3
schwartz_geosmooth,microsoft/deberta-v3-base,validation,1984,tuned_per_label,per_label,results/logs/deberta_schwartz_geosmooth_seed1984_deberta-v3-base_validation_thresholds.json,Humility,0.44
schwartz_geosmooth,microsoft/deberta-v3-base,validation,1984,tuned_per_label,per_label,results/logs/deberta_schwartz_geosmooth_seed1984_deberta-v3-base_validation_thresholds.json,Benevolence: caring,0.55
schwartz_geosmooth,microsoft/deberta-v3-base,validation,1984,tuned_per_label,per_label,results/logs/deberta_schwartz_geosmooth_seed1984_deberta-v3-base_validation_thresholds.json,Benevolence: dependability,0.47000000000000003
schwartz_geosmooth,microsoft/deberta-v3-base,validation,1984,tuned_per_label,per_label,results/logs/deberta_schwartz_geosmooth_seed1984_deberta-v3-base_validation_thresholds.json,Universalism: concern,0.5
schwartz_geosmooth,microsoft/deberta-v3-base,validation,1984,tuned_per_label,per_label,results/logs/deberta_schwartz_geosmooth_seed1984_deberta-v3-base_validation_thresholds.json,Universalism: nature,0.6900000000000001
schwartz_geosmooth,microsoft/deberta-v3-base,validation,1984,tuned_per_label,per_label,results/logs/deberta_schwartz_geosmooth_seed1984_deberta-v3-base_validation_thresholds.json,Universalism: tolerance,0.67
schwartz_geosmooth,microsoft/deberta-v3-base,test,42,provided,provided,results/logs/deberta_schwartz_geosmooth_seed42_deberta-v3-base_test_metrics.json,Self-direction: thought,0.36
schwartz_geosmooth,microsoft/deberta-v3-base,test,42,provided,provided,results/logs/deberta_schwartz_geosmooth_seed42_deberta-v3-base_test_metrics.json,Self-direction: action,0.29
schwartz_geosmooth,microsoft/deberta-v3-base,test,42,provided,provided,results/logs/deberta_schwartz_geosmooth_seed42_deberta-v3-base_test_metrics.json,Stimulation,0.42
schwartz_geosmooth,microsoft/deberta-v3-base,test,42,provided,provided,results/logs/deberta_schwartz_geosmooth_seed42_deberta-v3-base_test_metrics.json,Hedonism,0.38
schwartz_geosmooth,microsoft/deberta-v3-base,test,42,provided,provided,results/logs/deberta_schwartz_geosmooth_seed42_deberta-v3-base_test_metrics.json,Achievement,0.41000000000000003
schwartz_geosmooth,microsoft/deberta-v3-base,test,42,provided,provided,results/logs/deberta_schwartz_geosmooth_seed42_deberta-v3-base_test_metrics.json,Power: dominance,0.3
schwartz_geosmooth,microsoft/deberta-v3-base,test,42,provided,provided,results/logs/deberta_schwartz_geosmooth_seed42_deberta-v3-base_test_metrics.json,Power: resources,0.35000000000000003
schwartz_geosmooth,microsoft/deberta-v3-base,test,42,provided,provided,results/logs/deberta_schwartz_geosmooth_seed42_deberta-v3-base_test_metrics.json,Face,0.13
schwartz_geosmooth,microsoft/deberta-v3-base,test,42,provided,provided,results/logs/deberta_schwartz_geosmooth_seed42_deberta-v3-base_test_metrics.json,Security: personal,0.37
schwartz_geosmooth,microsoft/deberta-v3-base,test,42,provided,provided,results/logs/deberta_schwartz_geosmooth_seed42_deberta-v3-base_test_metrics.json,Security: societal,0.53
schwartz_geosmooth,microsoft/deberta-v3-base,test,42,provided,provided,results/logs/deberta_schwartz_geosmooth_seed42_deberta-v3-base_test_metrics.json,Tradition,0.19
schwartz_geosmooth,microsoft/deberta-v3-base,test,42,provided,provided,results/logs/deberta_schwartz_geosmooth_seed42_deberta-v3-base_test_metrics.json,Conformity: rules,0.44
schwartz_geosmooth,microsoft/deberta-v3-base,test,42,provided,provided,results/logs/deberta_schwartz_geosmooth_seed42_deberta-v3-base_test_metrics.json,Conformity: interpersonal,0.27
schwartz_geosmooth,microsoft/deberta-v3-base,test,42,provided,provided,results/logs/deberta_schwartz_geosmooth_seed42_deberta-v3-base_test_metrics.json,Humility,0.43
schwartz_geosmooth,microsoft/deberta-v3-base,test,42,provided,provided,results/logs/deberta_schwartz_geosmooth_seed42_deberta-v3-base_test_metrics.json,Benevolence: caring,0.34
schwartz_geosmooth,microsoft/deberta-v3-base,test,42,provided,provided,results/logs/deberta_schwartz_geosmooth_seed42_deberta-v3-base_test_metrics.json,Benevolence: dependability,0.38
schwartz_geosmooth,microsoft/deberta-v3-base,test,42,provided,provided,results/logs/deberta_schwartz_geosmooth_seed42_deberta-v3-base_test_metrics.json,Universalism: concern,0.43
schwartz_geosmooth,microsoft/deberta-v3-base,test,42,provided,provided,results/logs/deberta_schwartz_geosmooth_seed42_deberta-v3-base_test_metrics.json,Universalism: nature,0.5
schwartz_geosmooth,microsoft/deberta-v3-base,test,42,provided,provided,results/logs/deberta_schwartz_geosmooth_seed42_deberta-v3-base_test_metrics.json,Universalism: tolerance,0.42
schwartz_geosmooth,microsoft/deberta-v3-base,validation,42,tuned_per_label,per_label,results/logs/deberta_schwartz_geosmooth_seed42_deberta-v3-base_validation_thresholds.json,Self-direction: thought,0.36
schwartz_geosmooth,microsoft/deberta-v3-base,validation,42,tuned_per_label,per_label,results/logs/deberta_schwartz_geosmooth_seed42_deberta-v3-base_validation_thresholds.json,Self-direction: action,0.29
schwartz_geosmooth,microsoft/deberta-v3-base,validation,42,tuned_per_label,per_label,results/logs/deberta_schwartz_geosmooth_seed42_deberta-v3-base_validation_thresholds.json,Stimulation,0.42
schwartz_geosmooth,microsoft/deberta-v3-base,validation,42,tuned_per_label,per_label,results/logs/deberta_schwartz_geosmooth_seed42_deberta-v3-base_validation_thresholds.json,Hedonism,0.38
schwartz_geosmooth,microsoft/deberta-v3-base,validation,42,tuned_per_label,per_label,results/logs/deberta_schwartz_geosmooth_seed42_deberta-v3-base_validation_thresholds.json,Achievement,0.41000000000000003
schwartz_geosmooth,microsoft/deberta-v3-base,validation,42,tuned_per_label,per_label,results/logs/deberta_schwartz_geosmooth_seed42_deberta-v3-base_validation_thresholds.json,Power: dominance,0.3
schwartz_geosmooth,microsoft/deberta-v3-base,validation,42,tuned_per_label,per_label,results/logs/deberta_schwartz_geosmooth_seed42_deberta-v3-base_validation_thresholds.json,Power: resources,0.35000000000000003
schwartz_geosmooth,microsoft/deberta-v3-base,validation,42,tuned_per_label,per_label,results/logs/deberta_schwartz_geosmooth_seed42_deberta-v3-base_validation_thresholds.json,Face,0.13
schwartz_geosmooth,microsoft/deberta-v3-base,validation,42,tuned_per_label,per_label,results/logs/deberta_schwartz_geosmooth_seed42_deberta-v3-base_validation_thresholds.json,Security: personal,0.37
schwartz_geosmooth,microsoft/deberta-v3-base,validation,42,tuned_per_label,per_label,results/logs/deberta_schwartz_geosmooth_seed42_deberta-v3-base_validation_thresholds.json,Security: societal,0.53
schwartz_geosmooth,microsoft/deberta-v3-base,validation,42,tuned_per_label,per_label,results/logs/deberta_schwartz_geosmooth_seed42_deberta-v3-base_validation_thresholds.json,Tradition,0.19
schwartz_geosmooth,microsoft/deberta-v3-base,validation,42,tuned_per_label,per_label,results/logs/deberta_schwartz_geosmooth_seed42_deberta-v3-base_validation_thresholds.json,Conformity: rules,0.44
schwartz_geosmooth,microsoft/deberta-v3-base,validation,42,tuned_per_label,per_label,results/logs/deberta_schwartz_geosmooth_seed42_deberta-v3-base_validation_thresholds.json,Conformity: interpersonal,0.27
schwartz_geosmooth,microsoft/deberta-v3-base,validation,42,tuned_per_label,per_label,results/logs/deberta_schwartz_geosmooth_seed42_deberta-v3-base_validation_thresholds.json,Humility,0.43
schwartz_geosmooth,microsoft/deberta-v3-base,validation,42,tuned_per_label,per_label,results/logs/deberta_schwartz_geosmooth_seed42_deberta-v3-base_validation_thresholds.json,Benevolence: caring,0.34
schwartz_geosmooth,microsoft/deberta-v3-base,validation,42,tuned_per_label,per_label,results/logs/deberta_schwartz_geosmooth_seed42_deberta-v3-base_validation_thresholds.json,Benevolence: dependability,0.38
schwartz_geosmooth,microsoft/deberta-v3-base,validation,42,tuned_per_label,per_label,results/logs/deberta_schwartz_geosmooth_seed42_deberta-v3-base_validation_thresholds.json,Universalism: concern,0.43
schwartz_geosmooth,microsoft/deberta-v3-base,validation,42,tuned_per_label,per_label,results/logs/deberta_schwartz_geosmooth_seed42_deberta-v3-base_validation_thresholds.json,Universalism: nature,0.5
schwartz_geosmooth,microsoft/deberta-v3-base,validation,42,tuned_per_label,per_label,results/logs/deberta_schwartz_geosmooth_seed42_deberta-v3-base_validation_thresholds.json,Universalism: tolerance,0.42
schwartz_geosmooth,microsoft/deberta-v3-base,test,7,provided,provided,results/logs/deberta_schwartz_geosmooth_seed7_deberta-v3-base_test_metrics.json,Self-direction: thought,0.44
schwartz_geosmooth,microsoft/deberta-v3-base,test,7,provided,provided,results/logs/deberta_schwartz_geosmooth_seed7_deberta-v3-base_test_metrics.json,Self-direction: action,0.24
schwartz_geosmooth,microsoft/deberta-v3-base,test,7,provided,provided,results/logs/deberta_schwartz_geosmooth_seed7_deberta-v3-base_test_metrics.json,Stimulation,0.42
schwartz_geosmooth,microsoft/deberta-v3-base,test,7,provided,provided,results/logs/deberta_schwartz_geosmooth_seed7_deberta-v3-base_test_metrics.json,Hedonism,0.5
schwartz_geosmooth,microsoft/deberta-v3-base,test,7,provided,provided,results/logs/deberta_schwartz_geosmooth_seed7_deberta-v3-base_test_metrics.json,Achievement,0.33
schwartz_geosmooth,microsoft/deberta-v3-base,test,7,provided,provided,results/logs/deberta_schwartz_geosmooth_seed7_deberta-v3-base_test_metrics.json,Power: dominance,0.26
schwartz_geosmooth,microsoft/deberta-v3-base,test,7,provided,provided,results/logs/deberta_schwartz_geosmooth_seed7_deberta-v3-base_test_metrics.json,Power: resources,0.43
schwartz_geosmooth,microsoft/deberta-v3-base,test,7,provided,provided,results/logs/deberta_schwartz_geosmooth_seed7_deberta-v3-base_test_metrics.json,Face,0.14
schwartz_geosmooth,microsoft/deberta-v3-base,test,7,provided,provided,results/logs/deberta_schwartz_geosmooth_seed7_deberta-v3-base_test_metrics.json,Security: personal,0.33
schwartz_geosmooth,microsoft/deberta-v3-base,test,7,provided,provided,results/logs/deberta_schwartz_geosmooth_seed7_deberta-v3-base_test_metrics.json,Security: societal,0.42
schwartz_geosmooth,microsoft/deberta-v3-base,test,7,provided,provided,results/logs/deberta_schwartz_geosmooth_seed7_deberta-v3-base_test_metrics.json,Tradition,0.35000000000000003
schwartz_geosmooth,microsoft/deberta-v3-base,test,7,provided,provided,results/logs/deberta_schwartz_geosmooth_seed7_deberta-v3-base_test_metrics.json,Conformity: rules,0.55
schwartz_geosmooth,microsoft/deberta-v3-base,test,7,provided,provided,results/logs/deberta_schwartz_geosmooth_seed7_deberta-v3-base_test_metrics.json,Conformity: interpersonal,0.15
schwartz_geosmooth,microsoft/deberta-v3-base,test,7,provided,provided,results/logs/deberta_schwartz_geosmooth_seed7_deberta-v3-base_test_metrics.json,Humility,0.56
schwartz_geosmooth,microsoft/deberta-v3-base,test,7,provided,provided,results/logs/deberta_schwartz_geosmooth_seed7_deberta-v3-base_test_metrics.json,Benevolence: caring,0.47000000000000003
schwartz_geosmooth,microsoft/deberta-v3-base,test,7,provided,provided,results/logs/deberta_schwartz_geosmooth_seed7_deberta-v3-base_test_metrics.json,Benevolence: dependability,0.42
schwartz_geosmooth,microsoft/deberta-v3-base,test,7,provided,provided,results/logs/deberta_schwartz_geosmooth_seed7_deberta-v3-base_test_metrics.json,Universalism: concern,0.61
schwartz_geosmooth,microsoft/deberta-v3-base,test,7,provided,provided,results/logs/deberta_schwartz_geosmooth_seed7_deberta-v3-base_test_metrics.json,Universalism: nature,0.62
schwartz_geosmooth,microsoft/deberta-v3-base,test,7,provided,provided,results/logs/deberta_schwartz_geosmooth_seed7_deberta-v3-base_test_metrics.json,Universalism: tolerance,0.6900000000000001
schwartz_geosmooth,microsoft/deberta-v3-base,validation,7,tuned_per_label,per_label,results/logs/deberta_schwartz_geosmooth_seed7_deberta-v3-base_validation_thresholds.json,Self-direction: thought,0.44
schwartz_geosmooth,microsoft/deberta-v3-base,validation,7,tuned_per_label,per_label,results/logs/deberta_schwartz_geosmooth_seed7_deberta-v3-base_validation_thresholds.json,Self-direction: action,0.24
schwartz_geosmooth,microsoft/deberta-v3-base,validation,7,tuned_per_label,per_label,results/logs/deberta_schwartz_geosmooth_seed7_deberta-v3-base_validation_thresholds.json,Stimulation,0.42
schwartz_geosmooth,microsoft/deberta-v3-base,validation,7,tuned_per_label,per_label,results/logs/deberta_schwartz_geosmooth_seed7_deberta-v3-base_validation_thresholds.json,Hedonism,0.5
schwartz_geosmooth,microsoft/deberta-v3-base,validation,7,tuned_per_label,per_label,results/logs/deberta_schwartz_geosmooth_seed7_deberta-v3-base_validation_thresholds.json,Achievement,0.33
schwartz_geosmooth,microsoft/deberta-v3-base,validation,7,tuned_per_label,per_label,results/logs/deberta_schwartz_geosmooth_seed7_deberta-v3-base_validation_thresholds.json,Power: dominance,0.26
schwartz_geosmooth,microsoft/deberta-v3-base,validation,7,tuned_per_label,per_label,results/logs/deberta_schwartz_geosmooth_seed7_deberta-v3-base_validation_thresholds.json,Power: resources,0.43
schwartz_geosmooth,microsoft/deberta-v3-base,validation,7,tuned_per_label,per_label,results/logs/deberta_schwartz_geosmooth_seed7_deberta-v3-base_validation_thresholds.json,Face,0.14
schwartz_geosmooth,microsoft/deberta-v3-base,validation,7,tuned_per_label,per_label,results/logs/deberta_schwartz_geosmooth_seed7_deberta-v3-base_validation_thresholds.json,Security: personal,0.33
schwartz_geosmooth,microsoft/deberta-v3-base,validation,7,tuned_per_label,per_label,results/logs/deberta_schwartz_geosmooth_seed7_deberta-v3-base_validation_thresholds.json,Security: societal,0.42
schwartz_geosmooth,microsoft/deberta-v3-base,validation,7,tuned_per_label,per_label,results/logs/deberta_schwartz_geosmooth_seed7_deberta-v3-base_validation_thresholds.json,Tradition,0.35000000000000003
schwartz_geosmooth,microsoft/deberta-v3-base,validation,7,tuned_per_label,per_label,results/logs/deberta_schwartz_geosmooth_seed7_deberta-v3-base_validation_thresholds.json,Conformity: rules,0.55
schwartz_geosmooth,microsoft/deberta-v3-base,validation,7,tuned_per_label,per_label,results/logs/deberta_schwartz_geosmooth_seed7_deberta-v3-base_validation_thresholds.json,Conformity: interpersonal,0.15
schwartz_geosmooth,microsoft/deberta-v3-base,validation,7,tuned_per_label,per_label,results/logs/deberta_schwartz_geosmooth_seed7_deberta-v3-base_validation_thresholds.json,Humility,0.56
schwartz_geosmooth,microsoft/deberta-v3-base,validation,7,tuned_per_label,per_label,results/logs/deberta_schwartz_geosmooth_seed7_deberta-v3-base_validation_thresholds.json,Benevolence: caring,0.47000000000000003
schwartz_geosmooth,microsoft/deberta-v3-base,validation,7,tuned_per_label,per_label,results/logs/deberta_schwartz_geosmooth_seed7_deberta-v3-base_validation_thresholds.json,Benevolence: dependability,0.42
schwartz_geosmooth,microsoft/deberta-v3-base,validation,7,tuned_per_label,per_label,results/logs/deberta_schwartz_geosmooth_seed7_deberta-v3-base_validation_thresholds.json,Universalism: concern,0.61
schwartz_geosmooth,microsoft/deberta-v3-base,validation,7,tuned_per_label,per_label,results/logs/deberta_schwartz_geosmooth_seed7_deberta-v3-base_validation_thresholds.json,Universalism: nature,0.62
schwartz_geosmooth,microsoft/deberta-v3-base,validation,7,tuned_per_label,per_label,results/logs/deberta_schwartz_geosmooth_seed7_deberta-v3-base_validation_thresholds.json,Universalism: tolerance,0.6900000000000001
