method,seed,model_slug,objective,label,threshold,transform,rho,threshold_delta,conflict_filter,opposite_margin
asl,7,deberta-v3-base,standard,Self-direction: thought,0.06,none,0.0,0.0,none,
asl,7,deberta-v3-base,standard,Self-direction: action,0.51,none,0.0,0.0,none,
asl,7,deberta-v3-base,standard,Stimulation,0.24,none,0.0,0.0,none,
asl,7,deberta-v3-base,standard,Hedonism,0.4,none,0.0,0.0,none,
asl,7,deberta-v3-base,standard,Achievement,0.25,none,0.0,0.0,none,
asl,7,deberta-v3-base,standard,Power: dominance,0.32,none,0.0,0.0,none,
asl,7,deberta-v3-base,standard,Power: resources,0.23,none,0.0,0.0,none,
asl,7,deberta-v3-base,standard,Face,0.08,none,0.0,0.0,none,
asl,7,deberta-v3-base,standard,Security: personal,0.22,none,0.0,0.0,none,
asl,7,deberta-v3-base,standard,Security: societal,0.32,none,0.0,0.0,none,
asl,7,deberta-v3-base,standard,Tradition,0.43,none,0.0,0.0,none,
asl,7,deberta-v3-base,standard,Conformity: rules,0.31,none,0.0,0.0,none,
asl,7,deberta-v3-base,standard,Conformity: interpersonal,0.25,none,0.0,0.0,none,
asl,7,deberta-v3-base,standard,Humility,0.12,none,0.0,0.0,none,
asl,7,deberta-v3-base,standard,Benevolence: caring,0.16,none,0.0,0.0,none,
asl,7,deberta-v3-base,standard,Benevolence: dependability,0.62,none,0.0,0.0,none,
asl,7,deberta-v3-base,standard,Universalism: concern,0.67,none,0.0,0.0,none,
asl,7,deberta-v3-base,standard,Universalism: nature,0.11,none,0.0,0.0,none,
asl,7,deberta-v3-base,standard,Universalism: tolerance,0.28,none,0.0,0.0,none,
asl,7,deberta-v3-base,f1,Self-direction: thought,0.06,none,0.0,0.0,none,
asl,7,deberta-v3-base,f1,Self-direction: action,0.51,none,0.0,0.0,none,
asl,7,deberta-v3-base,f1,Stimulation,0.24,none,0.0,0.0,none,
asl,7,deberta-v3-base,f1,Hedonism,0.4,none,0.0,0.0,none,
asl,7,deberta-v3-base,f1,Achievement,0.25,none,0.0,0.0,none,
asl,7,deberta-v3-base,f1,Power: dominance,0.32,none,0.0,0.0,none,
asl,7,deberta-v3-base,f1,Power: resources,0.23,none,0.0,0.0,none,
asl,7,deberta-v3-base,f1,Face,0.08,none,0.0,0.0,none,
asl,7,deberta-v3-base,f1,Security: personal,0.22,none,0.0,0.0,none,
asl,7,deberta-v3-base,f1,Security: societal,0.32,none,0.0,0.0,none,
asl,7,deberta-v3-base,f1,Tradition,0.43,none,0.0,0.0,none,
asl,7,deberta-v3-base,f1,Conformity: rules,0.31,none,0.0,0.0,none,
asl,7,deberta-v3-base,f1,Conformity: interpersonal,0.25,none,0.0,0.0,none,
asl,7,deberta-v3-base,f1,Humility,0.12,none,0.0,0.0,none,
asl,7,deberta-v3-base,f1,Benevolence: caring,0.16,none,0.0,0.0,none,
asl,7,deberta-v3-base,f1,Benevolence: dependability,0.62,none,0.0,0.0,none,
asl,7,deberta-v3-base,f1,Universalism: concern,0.67,none,0.0,0.0,none,
asl,7,deberta-v3-base,f1,Universalism: nature,0.11,none,0.0,0.0,none,
asl,7,deberta-v3-base,f1,Universalism: tolerance,0.28,none,0.0,0.0,none,
asl,7,deberta-v3-base,pareto_99,Self-direction: thought,0.06,none,0.0,0.0,none,
asl,7,deberta-v3-base,pareto_99,Self-direction: action,0.51,none,0.0,0.0,none,
asl,7,deberta-v3-base,pareto_99,Stimulation,0.24,none,0.0,0.0,none,
asl,7,deberta-v3-base,pareto_99,Hedonism,0.4,none,0.0,0.0,none,
asl,7,deberta-v3-base,pareto_99,Achievement,0.25,none,0.0,0.0,none,
asl,7,deberta-v3-base,pareto_99,Power: dominance,0.32,none,0.0,0.0,none,
asl,7,deberta-v3-base,pareto_99,Power: resources,0.23,none,0.0,0.0,none,
asl,7,deberta-v3-base,pareto_99,Face,0.08,none,0.0,0.0,none,
asl,7,deberta-v3-base,pareto_99,Security: personal,0.22,none,0.0,0.0,none,
asl,7,deberta-v3-base,pareto_99,Security: societal,0.32,none,0.0,0.0,none,
asl,7,deberta-v3-base,pareto_99,Tradition,0.43,none,0.0,0.0,none,
asl,7,deberta-v3-base,pareto_99,Conformity: rules,0.31,none,0.0,0.0,none,
asl,7,deberta-v3-base,pareto_99,Conformity: interpersonal,0.25,none,0.0,0.0,none,
asl,7,deberta-v3-base,pareto_99,Humility,0.12,none,0.0,0.0,none,
asl,7,deberta-v3-base,pareto_99,Benevolence: caring,0.16,none,0.0,0.0,none,
asl,7,deberta-v3-base,pareto_99,Benevolence: dependability,0.62,none,0.0,0.0,none,
asl,7,deberta-v3-base,pareto_99,Universalism: concern,0.67,none,0.0,0.0,none,
asl,7,deberta-v3-base,pareto_99,Universalism: nature,0.11,none,0.0,0.0,none,
asl,7,deberta-v3-base,pareto_99,Universalism: tolerance,0.28,none,0.0,0.0,none,
asl,7,deberta-v3-base,pareto_98,Self-direction: thought,0.009999999999999995,opposite_suppression,0.5,-0.05,opposite_margin,0.1
asl,7,deberta-v3-base,pareto_98,Self-direction: action,0.46,opposite_suppression,0.5,-0.05,opposite_margin,0.1
asl,7,deberta-v3-base,pareto_98,Stimulation,0.19,opposite_suppression,0.5,-0.05,opposite_margin,0.1
asl,7,deberta-v3-base,pareto_98,Hedonism,0.35000000000000003,opposite_suppression,0.5,-0.05,opposite_margin,0.1
asl,7,deberta-v3-base,pareto_98,Achievement,0.2,opposite_suppression,0.5,-0.05,opposite_margin,0.1
asl,7,deberta-v3-base,pareto_98,Power: dominance,0.27,opposite_suppression,0.5,-0.05,opposite_margin,0.1
asl,7,deberta-v3-base,pareto_98,Power: resources,0.18,opposite_suppression,0.5,-0.05,opposite_margin,0.1
asl,7,deberta-v3-base,pareto_98,Face,0.03,opposite_suppression,0.5,-0.05,opposite_margin,0.1
asl,7,deberta-v3-base,pareto_98,Security: personal,0.16999999999999998,opposite_suppression,0.5,-0.05,opposite_margin,0.1
asl,7,deberta-v3-base,pareto_98,Security: societal,0.27,opposite_suppression,0.5,-0.05,opposite_margin,0.1
asl,7,deberta-v3-base,pareto_98,Tradition,0.38,opposite_suppression,0.5,-0.05,opposite_margin,0.1
asl,7,deberta-v3-base,pareto_98,Conformity: rules,0.26,opposite_suppression,0.5,-0.05,opposite_margin,0.1
asl,7,deberta-v3-base,pareto_98,Conformity: interpersonal,0.2,opposite_suppression,0.5,-0.05,opposite_margin,0.1
asl,7,deberta-v3-base,pareto_98,Humility,0.06999999999999999,opposite_suppression,0.5,-0.05,opposite_margin,0.1
asl,7,deberta-v3-base,pareto_98,Benevolence: caring,0.11,opposite_suppression,0.5,-0.05,opposite_margin,0.1
asl,7,deberta-v3-base,pareto_98,Benevolence: dependability,0.57,opposite_suppression,0.5,-0.05,opposite_margin,0.1
asl,7,deberta-v3-base,pareto_98,Universalism: concern,0.62,opposite_suppression,0.5,-0.05,opposite_margin,0.1
asl,7,deberta-v3-base,pareto_98,Universalism: nature,0.06,opposite_suppression,0.5,-0.05,opposite_margin,0.1
asl,7,deberta-v3-base,pareto_98,Universalism: tolerance,0.23000000000000004,opposite_suppression,0.5,-0.05,opposite_margin,0.1
asl,7,deberta-v3-base,pareto_95,Self-direction: thought,0.009999999999999995,opposite_suppression,1.0,-0.05,opposite_margin,0.1
asl,7,deberta-v3-base,pareto_95,Self-direction: action,0.46,opposite_suppression,1.0,-0.05,opposite_margin,0.1
asl,7,deberta-v3-base,pareto_95,Stimulation,0.19,opposite_suppression,1.0,-0.05,opposite_margin,0.1
asl,7,deberta-v3-base,pareto_95,Hedonism,0.35000000000000003,opposite_suppression,1.0,-0.05,opposite_margin,0.1
asl,7,deberta-v3-base,pareto_95,Achievement,0.2,opposite_suppression,1.0,-0.05,opposite_margin,0.1
asl,7,deberta-v3-base,pareto_95,Power: dominance,0.27,opposite_suppression,1.0,-0.05,opposite_margin,0.1
asl,7,deberta-v3-base,pareto_95,Power: resources,0.18,opposite_suppression,1.0,-0.05,opposite_margin,0.1
asl,7,deberta-v3-base,pareto_95,Face,0.03,opposite_suppression,1.0,-0.05,opposite_margin,0.1
asl,7,deberta-v3-base,pareto_95,Security: personal,0.16999999999999998,opposite_suppression,1.0,-0.05,opposite_margin,0.1
asl,7,deberta-v3-base,pareto_95,Security: societal,0.27,opposite_suppression,1.0,-0.05,opposite_margin,0.1
asl,7,deberta-v3-base,pareto_95,Tradition,0.38,opposite_suppression,1.0,-0.05,opposite_margin,0.1
asl,7,deberta-v3-base,pareto_95,Conformity: rules,0.26,opposite_suppression,1.0,-0.05,opposite_margin,0.1
asl,7,deberta-v3-base,pareto_95,Conformity: interpersonal,0.2,opposite_suppression,1.0,-0.05,opposite_margin,0.1
asl,7,deberta-v3-base,pareto_95,Humility,0.06999999999999999,opposite_suppression,1.0,-0.05,opposite_margin,0.1
asl,7,deberta-v3-base,pareto_95,Benevolence: caring,0.11,opposite_suppression,1.0,-0.05,opposite_margin,0.1
asl,7,deberta-v3-base,pareto_95,Benevolence: dependability,0.57,opposite_suppression,1.0,-0.05,opposite_margin,0.1
asl,7,deberta-v3-base,pareto_95,Universalism: concern,0.62,opposite_suppression,1.0,-0.05,opposite_margin,0.1
asl,7,deberta-v3-base,pareto_95,Universalism: nature,0.06,opposite_suppression,1.0,-0.05,opposite_margin,0.1
asl,7,deberta-v3-base,pareto_95,Universalism: tolerance,0.23000000000000004,opposite_suppression,1.0,-0.05,opposite_margin,0.1
asl,11,deberta-v3-base,standard,Self-direction: thought,0.35000000000000003,none,0.0,0.0,none,
asl,11,deberta-v3-base,standard,Self-direction: action,0.43,none,0.0,0.0,none,
asl,11,deberta-v3-base,standard,Stimulation,0.36,none,0.0,0.0,none,
asl,11,deberta-v3-base,standard,Hedonism,0.49,none,0.0,0.0,none,
asl,11,deberta-v3-base,standard,Achievement,0.3,none,0.0,0.0,none,
asl,11,deberta-v3-base,standard,Power: dominance,0.28,none,0.0,0.0,none,
asl,11,deberta-v3-base,standard,Power: resources,0.23,none,0.0,0.0,none,
asl,11,deberta-v3-base,standard,Face,0.25,none,0.0,0.0,none,
asl,11,deberta-v3-base,standard,Security: personal,0.44,none,0.0,0.0,none,
asl,11,deberta-v3-base,standard,Security: societal,0.44,none,0.0,0.0,none,
asl,11,deberta-v3-base,standard,Tradition,0.26,none,0.0,0.0,none,
asl,11,deberta-v3-base,standard,Conformity: rules,0.25,none,0.0,0.0,none,
asl,11,deberta-v3-base,standard,Conformity: interpersonal,0.33,none,0.0,0.0,none,
asl,11,deberta-v3-base,standard,Humility,0.18,none,0.0,0.0,none,
asl,11,deberta-v3-base,standard,Benevolence: caring,0.32,none,0.0,0.0,none,
asl,11,deberta-v3-base,standard,Benevolence: dependability,0.37,none,0.0,0.0,none,
asl,11,deberta-v3-base,standard,Universalism: concern,0.5700000000000001,none,0.0,0.0,none,
asl,11,deberta-v3-base,standard,Universalism: nature,0.2,none,0.0,0.0,none,
asl,11,deberta-v3-base,standard,Universalism: tolerance,0.48,none,0.0,0.0,none,
asl,11,deberta-v3-base,f1,Self-direction: thought,0.35000000000000003,none,0.0,0.0,opposite_margin,0.1
asl,11,deberta-v3-base,f1,Self-direction: action,0.43,none,0.0,0.0,opposite_margin,0.1
asl,11,deberta-v3-base,f1,Stimulation,0.36,none,0.0,0.0,opposite_margin,0.1
asl,11,deberta-v3-base,f1,Hedonism,0.49,none,0.0,0.0,opposite_margin,0.1
asl,11,deberta-v3-base,f1,Achievement,0.3,none,0.0,0.0,opposite_margin,0.1
asl,11,deberta-v3-base,f1,Power: dominance,0.28,none,0.0,0.0,opposite_margin,0.1
asl,11,deberta-v3-base,f1,Power: resources,0.23,none,0.0,0.0,opposite_margin,0.1
asl,11,deberta-v3-base,f1,Face,0.25,none,0.0,0.0,opposite_margin,0.1
asl,11,deberta-v3-base,f1,Security: personal,0.44,none,0.0,0.0,opposite_margin,0.1
asl,11,deberta-v3-base,f1,Security: societal,0.44,none,0.0,0.0,opposite_margin,0.1
asl,11,deberta-v3-base,f1,Tradition,0.26,none,0.0,0.0,opposite_margin,0.1
asl,11,deberta-v3-base,f1,Conformity: rules,0.25,none,0.0,0.0,opposite_margin,0.1
asl,11,deberta-v3-base,f1,Conformity: interpersonal,0.33,none,0.0,0.0,opposite_margin,0.1
asl,11,deberta-v3-base,f1,Humility,0.18,none,0.0,0.0,opposite_margin,0.1
asl,11,deberta-v3-base,f1,Benevolence: caring,0.32,none,0.0,0.0,opposite_margin,0.1
asl,11,deberta-v3-base,f1,Benevolence: dependability,0.37,none,0.0,0.0,opposite_margin,0.1
asl,11,deberta-v3-base,f1,Universalism: concern,0.5700000000000001,none,0.0,0.0,opposite_margin,0.1
asl,11,deberta-v3-base,f1,Universalism: nature,0.2,none,0.0,0.0,opposite_margin,0.1
asl,11,deberta-v3-base,f1,Universalism: tolerance,0.48,none,0.0,0.0,opposite_margin,0.1
asl,11,deberta-v3-base,pareto_99,Self-direction: thought,0.35000000000000003,none,0.0,0.0,opposite_margin,0.1
asl,11,deberta-v3-base,pareto_99,Self-direction: action,0.43,none,0.0,0.0,opposite_margin,0.1
asl,11,deberta-v3-base,pareto_99,Stimulation,0.36,none,0.0,0.0,opposite_margin,0.1
asl,11,deberta-v3-base,pareto_99,Hedonism,0.49,none,0.0,0.0,opposite_margin,0.1
asl,11,deberta-v3-base,pareto_99,Achievement,0.3,none,0.0,0.0,opposite_margin,0.1
asl,11,deberta-v3-base,pareto_99,Power: dominance,0.28,none,0.0,0.0,opposite_margin,0.1
asl,11,deberta-v3-base,pareto_99,Power: resources,0.23,none,0.0,0.0,opposite_margin,0.1
asl,11,deberta-v3-base,pareto_99,Face,0.25,none,0.0,0.0,opposite_margin,0.1
asl,11,deberta-v3-base,pareto_99,Security: personal,0.44,none,0.0,0.0,opposite_margin,0.1
asl,11,deberta-v3-base,pareto_99,Security: societal,0.44,none,0.0,0.0,opposite_margin,0.1
asl,11,deberta-v3-base,pareto_99,Tradition,0.26,none,0.0,0.0,opposite_margin,0.1
asl,11,deberta-v3-base,pareto_99,Conformity: rules,0.25,none,0.0,0.0,opposite_margin,0.1
asl,11,deberta-v3-base,pareto_99,Conformity: interpersonal,0.33,none,0.0,0.0,opposite_margin,0.1
asl,11,deberta-v3-base,pareto_99,Humility,0.18,none,0.0,0.0,opposite_margin,0.1
asl,11,deberta-v3-base,pareto_99,Benevolence: caring,0.32,none,0.0,0.0,opposite_margin,0.1
asl,11,deberta-v3-base,pareto_99,Benevolence: dependability,0.37,none,0.0,0.0,opposite_margin,0.1
asl,11,deberta-v3-base,pareto_99,Universalism: concern,0.5700000000000001,none,0.0,0.0,opposite_margin,0.1
asl,11,deberta-v3-base,pareto_99,Universalism: nature,0.2,none,0.0,0.0,opposite_margin,0.1
asl,11,deberta-v3-base,pareto_99,Universalism: tolerance,0.48,none,0.0,0.0,opposite_margin,0.1
asl,11,deberta-v3-base,pareto_98,Self-direction: thought,0.35000000000000003,none,0.0,0.0,opposite_margin,0.1
asl,11,deberta-v3-base,pareto_98,Self-direction: action,0.43,none,0.0,0.0,opposite_margin,0.1
asl,11,deberta-v3-base,pareto_98,Stimulation,0.36,none,0.0,0.0,opposite_margin,0.1
asl,11,deberta-v3-base,pareto_98,Hedonism,0.49,none,0.0,0.0,opposite_margin,0.1
asl,11,deberta-v3-base,pareto_98,Achievement,0.3,none,0.0,0.0,opposite_margin,0.1
asl,11,deberta-v3-base,pareto_98,Power: dominance,0.28,none,0.0,0.0,opposite_margin,0.1
asl,11,deberta-v3-base,pareto_98,Power: resources,0.23,none,0.0,0.0,opposite_margin,0.1
asl,11,deberta-v3-base,pareto_98,Face,0.25,none,0.0,0.0,opposite_margin,0.1
asl,11,deberta-v3-base,pareto_98,Security: personal,0.44,none,0.0,0.0,opposite_margin,0.1
asl,11,deberta-v3-base,pareto_98,Security: societal,0.44,none,0.0,0.0,opposite_margin,0.1
asl,11,deberta-v3-base,pareto_98,Tradition,0.26,none,0.0,0.0,opposite_margin,0.1
asl,11,deberta-v3-base,pareto_98,Conformity: rules,0.25,none,0.0,0.0,opposite_margin,0.1
asl,11,deberta-v3-base,pareto_98,Conformity: interpersonal,0.33,none,0.0,0.0,opposite_margin,0.1
asl,11,deberta-v3-base,pareto_98,Humility,0.18,none,0.0,0.0,opposite_margin,0.1
asl,11,deberta-v3-base,pareto_98,Benevolence: caring,0.32,none,0.0,0.0,opposite_margin,0.1
asl,11,deberta-v3-base,pareto_98,Benevolence: dependability,0.37,none,0.0,0.0,opposite_margin,0.1
asl,11,deberta-v3-base,pareto_98,Universalism: concern,0.5700000000000001,none,0.0,0.0,opposite_margin,0.1
asl,11,deberta-v3-base,pareto_98,Universalism: nature,0.2,none,0.0,0.0,opposite_margin,0.1
asl,11,deberta-v3-base,pareto_98,Universalism: tolerance,0.48,none,0.0,0.0,opposite_margin,0.1
asl,11,deberta-v3-base,pareto_95,Self-direction: thought,0.30000000000000004,opposite_suppression,0.5,-0.05,opposite_margin,0.0
asl,11,deberta-v3-base,pareto_95,Self-direction: action,0.38,opposite_suppression,0.5,-0.05,opposite_margin,0.0
asl,11,deberta-v3-base,pareto_95,Stimulation,0.31,opposite_suppression,0.5,-0.05,opposite_margin,0.0
asl,11,deberta-v3-base,pareto_95,Hedonism,0.44,opposite_suppression,0.5,-0.05,opposite_margin,0.0
asl,11,deberta-v3-base,pareto_95,Achievement,0.25,opposite_suppression,0.5,-0.05,opposite_margin,0.0
asl,11,deberta-v3-base,pareto_95,Power: dominance,0.23000000000000004,opposite_suppression,0.5,-0.05,opposite_margin,0.0
asl,11,deberta-v3-base,pareto_95,Power: resources,0.18,opposite_suppression,0.5,-0.05,opposite_margin,0.0
asl,11,deberta-v3-base,pareto_95,Face,0.2,opposite_suppression,0.5,-0.05,opposite_margin,0.0
asl,11,deberta-v3-base,pareto_95,Security: personal,0.39,opposite_suppression,0.5,-0.05,opposite_margin,0.0
asl,11,deberta-v3-base,pareto_95,Security: societal,0.39,opposite_suppression,0.5,-0.05,opposite_margin,0.0
asl,11,deberta-v3-base,pareto_95,Tradition,0.21000000000000002,opposite_suppression,0.5,-0.05,opposite_margin,0.0
asl,11,deberta-v3-base,pareto_95,Conformity: rules,0.2,opposite_suppression,0.5,-0.05,opposite_margin,0.0
asl,11,deberta-v3-base,pareto_95,Conformity: interpersonal,0.28,opposite_suppression,0.5,-0.05,opposite_margin,0.0
asl,11,deberta-v3-base,pareto_95,Humility,0.13,opposite_suppression,0.5,-0.05,opposite_margin,0.0
asl,11,deberta-v3-base,pareto_95,Benevolence: caring,0.27,opposite_suppression,0.5,-0.05,opposite_margin,0.0
asl,11,deberta-v3-base,pareto_95,Benevolence: dependability,0.32,opposite_suppression,0.5,-0.05,opposite_margin,0.0
asl,11,deberta-v3-base,pareto_95,Universalism: concern,0.52,opposite_suppression,0.5,-0.05,opposite_margin,0.0
asl,11,deberta-v3-base,pareto_95,Universalism: nature,0.15000000000000002,opposite_suppression,0.5,-0.05,opposite_margin,0.0
asl,11,deberta-v3-base,pareto_95,Universalism: tolerance,0.43,opposite_suppression,0.5,-0.05,opposite_margin,0.0
asl,42,deberta-v3-base,standard,Self-direction: thought,0.6900000000000001,none,0.0,0.0,none,
asl,42,deberta-v3-base,standard,Self-direction: action,0.33,none,0.0,0.0,none,
asl,42,deberta-v3-base,standard,Stimulation,0.52,none,0.0,0.0,none,
asl,42,deberta-v3-base,standard,Hedonism,0.79,none,0.0,0.0,none,
asl,42,deberta-v3-base,standard,Achievement,0.37,none,0.0,0.0,none,
asl,42,deberta-v3-base,standard,Power: dominance,0.39,none,0.0,0.0,none,
asl,42,deberta-v3-base,standard,Power: resources,0.18,none,0.0,0.0,none,
asl,42,deberta-v3-base,standard,Face,0.24,none,0.0,0.0,none,
asl,42,deberta-v3-base,standard,Security: personal,0.5,none,0.0,0.0,none,
asl,42,deberta-v3-base,standard,Security: societal,0.53,none,0.0,0.0,none,
asl,42,deberta-v3-base,standard,Tradition,0.33,none,0.0,0.0,none,
asl,42,deberta-v3-base,standard,Conformity: rules,0.28,none,0.0,0.0,none,
asl,42,deberta-v3-base,standard,Conformity: interpersonal,0.24,none,0.0,0.0,none,
asl,42,deberta-v3-base,standard,Humility,0.41000000000000003,none,0.0,0.0,none,
asl,42,deberta-v3-base,standard,Benevolence: caring,0.3,none,0.0,0.0,none,
asl,42,deberta-v3-base,standard,Benevolence: dependability,0.24,none,0.0,0.0,none,
asl,42,deberta-v3-base,standard,Universalism: concern,0.33,none,0.0,0.0,none,
asl,42,deberta-v3-base,standard,Universalism: nature,0.33,none,0.0,0.0,none,
asl,42,deberta-v3-base,standard,Universalism: tolerance,0.27,none,0.0,0.0,none,
asl,42,deberta-v3-base,f1,Self-direction: thought,0.6900000000000001,none,0.0,0.0,none,
asl,42,deberta-v3-base,f1,Self-direction: action,0.33,none,0.0,0.0,none,
asl,42,deberta-v3-base,f1,Stimulation,0.52,none,0.0,0.0,none,
asl,42,deberta-v3-base,f1,Hedonism,0.79,none,0.0,0.0,none,
asl,42,deberta-v3-base,f1,Achievement,0.37,none,0.0,0.0,none,
asl,42,deberta-v3-base,f1,Power: dominance,0.39,none,0.0,0.0,none,
asl,42,deberta-v3-base,f1,Power: resources,0.18,none,0.0,0.0,none,
asl,42,deberta-v3-base,f1,Face,0.24,none,0.0,0.0,none,
asl,42,deberta-v3-base,f1,Security: personal,0.5,none,0.0,0.0,none,
asl,42,deberta-v3-base,f1,Security: societal,0.53,none,0.0,0.0,none,
asl,42,deberta-v3-base,f1,Tradition,0.33,none,0.0,0.0,none,
asl,42,deberta-v3-base,f1,Conformity: rules,0.28,none,0.0,0.0,none,
asl,42,deberta-v3-base,f1,Conformity: interpersonal,0.24,none,0.0,0.0,none,
asl,42,deberta-v3-base,f1,Humility,0.41000000000000003,none,0.0,0.0,none,
asl,42,deberta-v3-base,f1,Benevolence: caring,0.3,none,0.0,0.0,none,
asl,42,deberta-v3-base,f1,Benevolence: dependability,0.24,none,0.0,0.0,none,
asl,42,deberta-v3-base,f1,Universalism: concern,0.33,none,0.0,0.0,none,
asl,42,deberta-v3-base,f1,Universalism: nature,0.33,none,0.0,0.0,none,
asl,42,deberta-v3-base,f1,Universalism: tolerance,0.27,none,0.0,0.0,none,
asl,42,deberta-v3-base,pareto_99,Self-direction: thought,0.6900000000000001,none,0.0,0.0,opposite_margin,0.0
asl,42,deberta-v3-base,pareto_99,Self-direction: action,0.33,none,0.0,0.0,opposite_margin,0.0
asl,42,deberta-v3-base,pareto_99,Stimulation,0.52,none,0.0,0.0,opposite_margin,0.0
asl,42,deberta-v3-base,pareto_99,Hedonism,0.79,none,0.0,0.0,opposite_margin,0.0
asl,42,deberta-v3-base,pareto_99,Achievement,0.37,none,0.0,0.0,opposite_margin,0.0
asl,42,deberta-v3-base,pareto_99,Power: dominance,0.39,none,0.0,0.0,opposite_margin,0.0
asl,42,deberta-v3-base,pareto_99,Power: resources,0.18,none,0.0,0.0,opposite_margin,0.0
asl,42,deberta-v3-base,pareto_99,Face,0.24,none,0.0,0.0,opposite_margin,0.0
asl,42,deberta-v3-base,pareto_99,Security: personal,0.5,none,0.0,0.0,opposite_margin,0.0
asl,42,deberta-v3-base,pareto_99,Security: societal,0.53,none,0.0,0.0,opposite_margin,0.0
asl,42,deberta-v3-base,pareto_99,Tradition,0.33,none,0.0,0.0,opposite_margin,0.0
asl,42,deberta-v3-base,pareto_99,Conformity: rules,0.28,none,0.0,0.0,opposite_margin,0.0
asl,42,deberta-v3-base,pareto_99,Conformity: interpersonal,0.24,none,0.0,0.0,opposite_margin,0.0
asl,42,deberta-v3-base,pareto_99,Humility,0.41000000000000003,none,0.0,0.0,opposite_margin,0.0
asl,42,deberta-v3-base,pareto_99,Benevolence: caring,0.3,none,0.0,0.0,opposite_margin,0.0
asl,42,deberta-v3-base,pareto_99,Benevolence: dependability,0.24,none,0.0,0.0,opposite_margin,0.0
asl,42,deberta-v3-base,pareto_99,Universalism: concern,0.33,none,0.0,0.0,opposite_margin,0.0
asl,42,deberta-v3-base,pareto_99,Universalism: nature,0.33,none,0.0,0.0,opposite_margin,0.0
asl,42,deberta-v3-base,pareto_99,Universalism: tolerance,0.27,none,0.0,0.0,opposite_margin,0.0
asl,42,deberta-v3-base,pareto_98,Self-direction: thought,0.64,opposite_suppression,0.5,-0.05,none,
asl,42,deberta-v3-base,pareto_98,Self-direction: action,0.28,opposite_suppression,0.5,-0.05,none,
asl,42,deberta-v3-base,pareto_98,Stimulation,0.47000000000000003,opposite_suppression,0.5,-0.05,none,
asl,42,deberta-v3-base,pareto_98,Hedonism,0.74,opposite_suppression,0.5,-0.05,none,
asl,42,deberta-v3-base,pareto_98,Achievement,0.32,opposite_suppression,0.5,-0.05,none,
asl,42,deberta-v3-base,pareto_98,Power: dominance,0.34,opposite_suppression,0.5,-0.05,none,
asl,42,deberta-v3-base,pareto_98,Power: resources,0.13,opposite_suppression,0.5,-0.05,none,
asl,42,deberta-v3-base,pareto_98,Face,0.19,opposite_suppression,0.5,-0.05,none,
asl,42,deberta-v3-base,pareto_98,Security: personal,0.45,opposite_suppression,0.5,-0.05,none,
asl,42,deberta-v3-base,pareto_98,Security: societal,0.48000000000000004,opposite_suppression,0.5,-0.05,none,
asl,42,deberta-v3-base,pareto_98,Tradition,0.28,opposite_suppression,0.5,-0.05,none,
asl,42,deberta-v3-base,pareto_98,Conformity: rules,0.23000000000000004,opposite_suppression,0.5,-0.05,none,
asl,42,deberta-v3-base,pareto_98,Conformity: interpersonal,0.19,opposite_suppression,0.5,-0.05,none,
asl,42,deberta-v3-base,pareto_98,Humility,0.36000000000000004,opposite_suppression,0.5,-0.05,none,
asl,42,deberta-v3-base,pareto_98,Benevolence: caring,0.25,opposite_suppression,0.5,-0.05,none,
asl,42,deberta-v3-base,pareto_98,Benevolence: dependability,0.19,opposite_suppression,0.5,-0.05,none,
asl,42,deberta-v3-base,pareto_98,Universalism: concern,0.28,opposite_suppression,0.5,-0.05,none,
asl,42,deberta-v3-base,pareto_98,Universalism: nature,0.28,opposite_suppression,0.5,-0.05,none,
asl,42,deberta-v3-base,pareto_98,Universalism: tolerance,0.22000000000000003,opposite_suppression,0.5,-0.05,none,
asl,42,deberta-v3-base,pareto_95,Self-direction: thought,0.64,opposite_suppression,1.0,-0.05,opposite_margin,0.0
asl,42,deberta-v3-base,pareto_95,Self-direction: action,0.28,opposite_suppression,1.0,-0.05,opposite_margin,0.0
asl,42,deberta-v3-base,pareto_95,Stimulation,0.47000000000000003,opposite_suppression,1.0,-0.05,opposite_margin,0.0
asl,42,deberta-v3-base,pareto_95,Hedonism,0.74,opposite_suppression,1.0,-0.05,opposite_margin,0.0
asl,42,deberta-v3-base,pareto_95,Achievement,0.32,opposite_suppression,1.0,-0.05,opposite_margin,0.0
asl,42,deberta-v3-base,pareto_95,Power: dominance,0.34,opposite_suppression,1.0,-0.05,opposite_margin,0.0
asl,42,deberta-v3-base,pareto_95,Power: resources,0.13,opposite_suppression,1.0,-0.05,opposite_margin,0.0
asl,42,deberta-v3-base,pareto_95,Face,0.19,opposite_suppression,1.0,-0.05,opposite_margin,0.0
asl,42,deberta-v3-base,pareto_95,Security: personal,0.45,opposite_suppression,1.0,-0.05,opposite_margin,0.0
asl,42,deberta-v3-base,pareto_95,Security: societal,0.48000000000000004,opposite_suppression,1.0,-0.05,opposite_margin,0.0
asl,42,deberta-v3-base,pareto_95,Tradition,0.28,opposite_suppression,1.0,-0.05,opposite_margin,0.0
asl,42,deberta-v3-base,pareto_95,Conformity: rules,0.23000000000000004,opposite_suppression,1.0,-0.05,opposite_margin,0.0
asl,42,deberta-v3-base,pareto_95,Conformity: interpersonal,0.19,opposite_suppression,1.0,-0.05,opposite_margin,0.0
asl,42,deberta-v3-base,pareto_95,Humility,0.36000000000000004,opposite_suppression,1.0,-0.05,opposite_margin,0.0
asl,42,deberta-v3-base,pareto_95,Benevolence: caring,0.25,opposite_suppression,1.0,-0.05,opposite_margin,0.0
asl,42,deberta-v3-base,pareto_95,Benevolence: dependability,0.19,opposite_suppression,1.0,-0.05,opposite_margin,0.0
asl,42,deberta-v3-base,pareto_95,Universalism: concern,0.28,opposite_suppression,1.0,-0.05,opposite_margin,0.0
asl,42,deberta-v3-base,pareto_95,Universalism: nature,0.28,opposite_suppression,1.0,-0.05,opposite_margin,0.0
asl,42,deberta-v3-base,pareto_95,Universalism: tolerance,0.22000000000000003,opposite_suppression,1.0,-0.05,opposite_margin,0.0
asl,1701,deberta-v3-base,standard,Self-direction: thought,0.59,none,0.0,0.0,none,
asl,1701,deberta-v3-base,standard,Self-direction: action,0.53,none,0.0,0.0,none,
asl,1701,deberta-v3-base,standard,Stimulation,0.24,none,0.0,0.0,none,
asl,1701,deberta-v3-base,standard,Hedonism,0.35000000000000003,none,0.0,0.0,none,
asl,1701,deberta-v3-base,standard,Achievement,0.21,none,0.0,0.0,none,
asl,1701,deberta-v3-base,standard,Power: dominance,0.37,none,0.0,0.0,none,
asl,1701,deberta-v3-base,standard,Power: resources,0.41000000000000003,none,0.0,0.0,none,
asl,1701,deberta-v3-base,standard,Face,0.53,none,0.0,0.0,none,
asl,1701,deberta-v3-base,standard,Security: personal,0.23,none,0.0,0.0,none,
asl,1701,deberta-v3-base,standard,Security: societal,0.52,none,0.0,0.0,none,
asl,1701,deberta-v3-base,standard,Tradition,0.61,none,0.0,0.0,none,
asl,1701,deberta-v3-base,standard,Conformity: rules,0.16,none,0.0,0.0,none,
asl,1701,deberta-v3-base,standard,Conformity: interpersonal,0.34,none,0.0,0.0,none,
asl,1701,deberta-v3-base,standard,Humility,0.16,none,0.0,0.0,none,
asl,1701,deberta-v3-base,standard,Benevolence: caring,0.32,none,0.0,0.0,none,
asl,1701,deberta-v3-base,standard,Benevolence: dependability,0.53,none,0.0,0.0,none,
asl,1701,deberta-v3-base,standard,Universalism: concern,0.89,none,0.0,0.0,none,
asl,1701,deberta-v3-base,standard,Universalism: nature,0.18,none,0.0,0.0,none,
asl,1701,deberta-v3-base,standard,Universalism: tolerance,0.35000000000000003,none,0.0,0.0,none,
asl,1701,deberta-v3-base,f1,Self-direction: thought,0.59,none,0.0,0.0,none,
asl,1701,deberta-v3-base,f1,Self-direction: action,0.53,none,0.0,0.0,none,
asl,1701,deberta-v3-base,f1,Stimulation,0.24,none,0.0,0.0,none,
asl,1701,deberta-v3-base,f1,Hedonism,0.35000000000000003,none,0.0,0.0,none,
asl,1701,deberta-v3-base,f1,Achievement,0.21,none,0.0,0.0,none,
asl,1701,deberta-v3-base,f1,Power: dominance,0.37,none,0.0,0.0,none,
asl,1701,deberta-v3-base,f1,Power: resources,0.41000000000000003,none,0.0,0.0,none,
asl,1701,deberta-v3-base,f1,Face,0.53,none,0.0,0.0,none,
asl,1701,deberta-v3-base,f1,Security: personal,0.23,none,0.0,0.0,none,
asl,1701,deberta-v3-base,f1,Security: societal,0.52,none,0.0,0.0,none,
asl,1701,deberta-v3-base,f1,Tradition,0.61,none,0.0,0.0,none,
asl,1701,deberta-v3-base,f1,Conformity: rules,0.16,none,0.0,0.0,none,
asl,1701,deberta-v3-base,f1,Conformity: interpersonal,0.34,none,0.0,0.0,none,
asl,1701,deberta-v3-base,f1,Humility,0.16,none,0.0,0.0,none,
asl,1701,deberta-v3-base,f1,Benevolence: caring,0.32,none,0.0,0.0,none,
asl,1701,deberta-v3-base,f1,Benevolence: dependability,0.53,none,0.0,0.0,none,
asl,1701,deberta-v3-base,f1,Universalism: concern,0.89,none,0.0,0.0,none,
asl,1701,deberta-v3-base,f1,Universalism: nature,0.18,none,0.0,0.0,none,
asl,1701,deberta-v3-base,f1,Universalism: tolerance,0.35000000000000003,none,0.0,0.0,none,
asl,1701,deberta-v3-base,pareto_99,Self-direction: thought,0.59,none,0.0,0.0,opposite_margin,0.1
asl,1701,deberta-v3-base,pareto_99,Self-direction: action,0.53,none,0.0,0.0,opposite_margin,0.1
asl,1701,deberta-v3-base,pareto_99,Stimulation,0.24,none,0.0,0.0,opposite_margin,0.1
asl,1701,deberta-v3-base,pareto_99,Hedonism,0.35000000000000003,none,0.0,0.0,opposite_margin,0.1
asl,1701,deberta-v3-base,pareto_99,Achievement,0.21,none,0.0,0.0,opposite_margin,0.1
asl,1701,deberta-v3-base,pareto_99,Power: dominance,0.37,none,0.0,0.0,opposite_margin,0.1
asl,1701,deberta-v3-base,pareto_99,Power: resources,0.41000000000000003,none,0.0,0.0,opposite_margin,0.1
asl,1701,deberta-v3-base,pareto_99,Face,0.53,none,0.0,0.0,opposite_margin,0.1
asl,1701,deberta-v3-base,pareto_99,Security: personal,0.23,none,0.0,0.0,opposite_margin,0.1
asl,1701,deberta-v3-base,pareto_99,Security: societal,0.52,none,0.0,0.0,opposite_margin,0.1
asl,1701,deberta-v3-base,pareto_99,Tradition,0.61,none,0.0,0.0,opposite_margin,0.1
asl,1701,deberta-v3-base,pareto_99,Conformity: rules,0.16,none,0.0,0.0,opposite_margin,0.1
asl,1701,deberta-v3-base,pareto_99,Conformity: interpersonal,0.34,none,0.0,0.0,opposite_margin,0.1
asl,1701,deberta-v3-base,pareto_99,Humility,0.16,none,0.0,0.0,opposite_margin,0.1
asl,1701,deberta-v3-base,pareto_99,Benevolence: caring,0.32,none,0.0,0.0,opposite_margin,0.1
asl,1701,deberta-v3-base,pareto_99,Benevolence: dependability,0.53,none,0.0,0.0,opposite_margin,0.1
asl,1701,deberta-v3-base,pareto_99,Universalism: concern,0.89,none,0.0,0.0,opposite_margin,0.1
asl,1701,deberta-v3-base,pareto_99,Universalism: nature,0.18,none,0.0,0.0,opposite_margin,0.1
asl,1701,deberta-v3-base,pareto_99,Universalism: tolerance,0.35000000000000003,none,0.0,0.0,opposite_margin,0.1
asl,1701,deberta-v3-base,pareto_98,Self-direction: thought,0.59,none,0.0,0.0,opposite_margin,0.0
asl,1701,deberta-v3-base,pareto_98,Self-direction: action,0.53,none,0.0,0.0,opposite_margin,0.0
asl,1701,deberta-v3-base,pareto_98,Stimulation,0.24,none,0.0,0.0,opposite_margin,0.0
asl,1701,deberta-v3-base,pareto_98,Hedonism,0.35000000000000003,none,0.0,0.0,opposite_margin,0.0
asl,1701,deberta-v3-base,pareto_98,Achievement,0.21,none,0.0,0.0,opposite_margin,0.0
asl,1701,deberta-v3-base,pareto_98,Power: dominance,0.37,none,0.0,0.0,opposite_margin,0.0
asl,1701,deberta-v3-base,pareto_98,Power: resources,0.41000000000000003,none,0.0,0.0,opposite_margin,0.0
asl,1701,deberta-v3-base,pareto_98,Face,0.53,none,0.0,0.0,opposite_margin,0.0
asl,1701,deberta-v3-base,pareto_98,Security: personal,0.23,none,0.0,0.0,opposite_margin,0.0
asl,1701,deberta-v3-base,pareto_98,Security: societal,0.52,none,0.0,0.0,opposite_margin,0.0
asl,1701,deberta-v3-base,pareto_98,Tradition,0.61,none,0.0,0.0,opposite_margin,0.0
asl,1701,deberta-v3-base,pareto_98,Conformity: rules,0.16,none,0.0,0.0,opposite_margin,0.0
asl,1701,deberta-v3-base,pareto_98,Conformity: interpersonal,0.34,none,0.0,0.0,opposite_margin,0.0
asl,1701,deberta-v3-base,pareto_98,Humility,0.16,none,0.0,0.0,opposite_margin,0.0
asl,1701,deberta-v3-base,pareto_98,Benevolence: caring,0.32,none,0.0,0.0,opposite_margin,0.0
asl,1701,deberta-v3-base,pareto_98,Benevolence: dependability,0.53,none,0.0,0.0,opposite_margin,0.0
asl,1701,deberta-v3-base,pareto_98,Universalism: concern,0.89,none,0.0,0.0,opposite_margin,0.0
asl,1701,deberta-v3-base,pareto_98,Universalism: nature,0.18,none,0.0,0.0,opposite_margin,0.0
asl,1701,deberta-v3-base,pareto_98,Universalism: tolerance,0.35000000000000003,none,0.0,0.0,opposite_margin,0.0
asl,1701,deberta-v3-base,pareto_95,Self-direction: thought,0.5399999999999999,opposite_suppression,0.5,-0.05,opposite_margin,0.0
asl,1701,deberta-v3-base,pareto_95,Self-direction: action,0.48000000000000004,opposite_suppression,0.5,-0.05,opposite_margin,0.0
asl,1701,deberta-v3-base,pareto_95,Stimulation,0.19,opposite_suppression,0.5,-0.05,opposite_margin,0.0
asl,1701,deberta-v3-base,pareto_95,Hedonism,0.30000000000000004,opposite_suppression,0.5,-0.05,opposite_margin,0.0
asl,1701,deberta-v3-base,pareto_95,Achievement,0.15999999999999998,opposite_suppression,0.5,-0.05,opposite_margin,0.0
asl,1701,deberta-v3-base,pareto_95,Power: dominance,0.32,opposite_suppression,0.5,-0.05,opposite_margin,0.0
asl,1701,deberta-v3-base,pareto_95,Power: resources,0.36000000000000004,opposite_suppression,0.5,-0.05,opposite_margin,0.0
asl,1701,deberta-v3-base,pareto_95,Face,0.48000000000000004,opposite_suppression,0.5,-0.05,opposite_margin,0.0
asl,1701,deberta-v3-base,pareto_95,Security: personal,0.18,opposite_suppression,0.5,-0.05,opposite_margin,0.0
asl,1701,deberta-v3-base,pareto_95,Security: societal,0.47000000000000003,opposite_suppression,0.5,-0.05,opposite_margin,0.0
asl,1701,deberta-v3-base,pareto_95,Tradition,0.5599999999999999,opposite_suppression,0.5,-0.05,opposite_margin,0.0
asl,1701,deberta-v3-base,pareto_95,Conformity: rules,0.11,opposite_suppression,0.5,-0.05,opposite_margin,0.0
asl,1701,deberta-v3-base,pareto_95,Conformity: interpersonal,0.29000000000000004,opposite_suppression,0.5,-0.05,opposite_margin,0.0
asl,1701,deberta-v3-base,pareto_95,Humility,0.11,opposite_suppression,0.5,-0.05,opposite_margin,0.0
asl,1701,deberta-v3-base,pareto_95,Benevolence: caring,0.27,opposite_suppression,0.5,-0.05,opposite_margin,0.0
asl,1701,deberta-v3-base,pareto_95,Benevolence: dependability,0.48000000000000004,opposite_suppression,0.5,-0.05,opposite_margin,0.0
asl,1701,deberta-v3-base,pareto_95,Universalism: concern,0.84,opposite_suppression,0.5,-0.05,opposite_margin,0.0
asl,1701,deberta-v3-base,pareto_95,Universalism: nature,0.13,opposite_suppression,0.5,-0.05,opposite_margin,0.0
asl,1701,deberta-v3-base,pareto_95,Universalism: tolerance,0.30000000000000004,opposite_suppression,0.5,-0.05,opposite_margin,0.0
asl,1984,deberta-v3-base,standard,Self-direction: thought,0.29,none,0.0,0.0,none,
asl,1984,deberta-v3-base,standard,Self-direction: action,0.46,none,0.0,0.0,none,
asl,1984,deberta-v3-base,standard,Stimulation,0.44,none,0.0,0.0,none,
asl,1984,deberta-v3-base,standard,Hedonism,0.6,none,0.0,0.0,none,
asl,1984,deberta-v3-base,standard,Achievement,0.35000000000000003,none,0.0,0.0,none,
asl,1984,deberta-v3-base,standard,Power: dominance,0.24,none,0.0,0.0,none,
asl,1984,deberta-v3-base,standard,Power: resources,0.31,none,0.0,0.0,none,
asl,1984,deberta-v3-base,standard,Face,0.32,none,0.0,0.0,none,
asl,1984,deberta-v3-base,standard,Security: personal,0.35000000000000003,none,0.0,0.0,none,
asl,1984,deberta-v3-base,standard,Security: societal,0.29,none,0.0,0.0,none,
asl,1984,deberta-v3-base,standard,Tradition,0.26,none,0.0,0.0,none,
asl,1984,deberta-v3-base,standard,Conformity: rules,0.42,none,0.0,0.0,none,
asl,1984,deberta-v3-base,standard,Conformity: interpersonal,0.32,none,0.0,0.0,none,
asl,1984,deberta-v3-base,standard,Humility,0.17,none,0.0,0.0,none,
asl,1984,deberta-v3-base,standard,Benevolence: caring,0.45,none,0.0,0.0,none,
asl,1984,deberta-v3-base,standard,Benevolence: dependability,0.44,none,0.0,0.0,none,
asl,1984,deberta-v3-base,standard,Universalism: concern,0.36,none,0.0,0.0,none,
asl,1984,deberta-v3-base,standard,Universalism: nature,0.49,none,0.0,0.0,none,
asl,1984,deberta-v3-base,standard,Universalism: tolerance,0.35000000000000003,none,0.0,0.0,none,
asl,1984,deberta-v3-base,f1,Self-direction: thought,0.29,none,0.0,0.0,opposite_margin,0.1
asl,1984,deberta-v3-base,f1,Self-direction: action,0.46,none,0.0,0.0,opposite_margin,0.1
asl,1984,deberta-v3-base,f1,Stimulation,0.44,none,0.0,0.0,opposite_margin,0.1
asl,1984,deberta-v3-base,f1,Hedonism,0.6,none,0.0,0.0,opposite_margin,0.1
asl,1984,deberta-v3-base,f1,Achievement,0.35000000000000003,none,0.0,0.0,opposite_margin,0.1
asl,1984,deberta-v3-base,f1,Power: dominance,0.24,none,0.0,0.0,opposite_margin,0.1
asl,1984,deberta-v3-base,f1,Power: resources,0.31,none,0.0,0.0,opposite_margin,0.1
asl,1984,deberta-v3-base,f1,Face,0.32,none,0.0,0.0,opposite_margin,0.1
asl,1984,deberta-v3-base,f1,Security: personal,0.35000000000000003,none,0.0,0.0,opposite_margin,0.1
asl,1984,deberta-v3-base,f1,Security: societal,0.29,none,0.0,0.0,opposite_margin,0.1
asl,1984,deberta-v3-base,f1,Tradition,0.26,none,0.0,0.0,opposite_margin,0.1
asl,1984,deberta-v3-base,f1,Conformity: rules,0.42,none,0.0,0.0,opposite_margin,0.1
asl,1984,deberta-v3-base,f1,Conformity: interpersonal,0.32,none,0.0,0.0,opposite_margin,0.1
asl,1984,deberta-v3-base,f1,Humility,0.17,none,0.0,0.0,opposite_margin,0.1
asl,1984,deberta-v3-base,f1,Benevolence: caring,0.45,none,0.0,0.0,opposite_margin,0.1
asl,1984,deberta-v3-base,f1,Benevolence: dependability,0.44,none,0.0,0.0,opposite_margin,0.1
asl,1984,deberta-v3-base,f1,Universalism: concern,0.36,none,0.0,0.0,opposite_margin,0.1
asl,1984,deberta-v3-base,f1,Universalism: nature,0.49,none,0.0,0.0,opposite_margin,0.1
asl,1984,deberta-v3-base,f1,Universalism: tolerance,0.35000000000000003,none,0.0,0.0,opposite_margin,0.1
asl,1984,deberta-v3-base,pareto_99,Self-direction: thought,0.29,none,0.0,0.0,opposite_margin,0.1
asl,1984,deberta-v3-base,pareto_99,Self-direction: action,0.46,none,0.0,0.0,opposite_margin,0.1
asl,1984,deberta-v3-base,pareto_99,Stimulation,0.44,none,0.0,0.0,opposite_margin,0.1
asl,1984,deberta-v3-base,pareto_99,Hedonism,0.6,none,0.0,0.0,opposite_margin,0.1
asl,1984,deberta-v3-base,pareto_99,Achievement,0.35000000000000003,none,0.0,0.0,opposite_margin,0.1
asl,1984,deberta-v3-base,pareto_99,Power: dominance,0.24,none,0.0,0.0,opposite_margin,0.1
asl,1984,deberta-v3-base,pareto_99,Power: resources,0.31,none,0.0,0.0,opposite_margin,0.1
asl,1984,deberta-v3-base,pareto_99,Face,0.32,none,0.0,0.0,opposite_margin,0.1
asl,1984,deberta-v3-base,pareto_99,Security: personal,0.35000000000000003,none,0.0,0.0,opposite_margin,0.1
asl,1984,deberta-v3-base,pareto_99,Security: societal,0.29,none,0.0,0.0,opposite_margin,0.1
asl,1984,deberta-v3-base,pareto_99,Tradition,0.26,none,0.0,0.0,opposite_margin,0.1
asl,1984,deberta-v3-base,pareto_99,Conformity: rules,0.42,none,0.0,0.0,opposite_margin,0.1
asl,1984,deberta-v3-base,pareto_99,Conformity: interpersonal,0.32,none,0.0,0.0,opposite_margin,0.1
asl,1984,deberta-v3-base,pareto_99,Humility,0.17,none,0.0,0.0,opposite_margin,0.1
asl,1984,deberta-v3-base,pareto_99,Benevolence: caring,0.45,none,0.0,0.0,opposite_margin,0.1
asl,1984,deberta-v3-base,pareto_99,Benevolence: dependability,0.44,none,0.0,0.0,opposite_margin,0.1
asl,1984,deberta-v3-base,pareto_99,Universalism: concern,0.36,none,0.0,0.0,opposite_margin,0.1
asl,1984,deberta-v3-base,pareto_99,Universalism: nature,0.49,none,0.0,0.0,opposite_margin,0.1
asl,1984,deberta-v3-base,pareto_99,Universalism: tolerance,0.35000000000000003,none,0.0,0.0,opposite_margin,0.1
asl,1984,deberta-v3-base,pareto_98,Self-direction: thought,0.29,none,0.0,0.0,opposite_margin,0.1
asl,1984,deberta-v3-base,pareto_98,Self-direction: action,0.46,none,0.0,0.0,opposite_margin,0.1
asl,1984,deberta-v3-base,pareto_98,Stimulation,0.44,none,0.0,0.0,opposite_margin,0.1
asl,1984,deberta-v3-base,pareto_98,Hedonism,0.6,none,0.0,0.0,opposite_margin,0.1
asl,1984,deberta-v3-base,pareto_98,Achievement,0.35000000000000003,none,0.0,0.0,opposite_margin,0.1
asl,1984,deberta-v3-base,pareto_98,Power: dominance,0.24,none,0.0,0.0,opposite_margin,0.1
asl,1984,deberta-v3-base,pareto_98,Power: resources,0.31,none,0.0,0.0,opposite_margin,0.1
asl,1984,deberta-v3-base,pareto_98,Face,0.32,none,0.0,0.0,opposite_margin,0.1
asl,1984,deberta-v3-base,pareto_98,Security: personal,0.35000000000000003,none,0.0,0.0,opposite_margin,0.1
asl,1984,deberta-v3-base,pareto_98,Security: societal,0.29,none,0.0,0.0,opposite_margin,0.1
asl,1984,deberta-v3-base,pareto_98,Tradition,0.26,none,0.0,0.0,opposite_margin,0.1
asl,1984,deberta-v3-base,pareto_98,Conformity: rules,0.42,none,0.0,0.0,opposite_margin,0.1
asl,1984,deberta-v3-base,pareto_98,Conformity: interpersonal,0.32,none,0.0,0.0,opposite_margin,0.1
asl,1984,deberta-v3-base,pareto_98,Humility,0.17,none,0.0,0.0,opposite_margin,0.1
asl,1984,deberta-v3-base,pareto_98,Benevolence: caring,0.45,none,0.0,0.0,opposite_margin,0.1
asl,1984,deberta-v3-base,pareto_98,Benevolence: dependability,0.44,none,0.0,0.0,opposite_margin,0.1
asl,1984,deberta-v3-base,pareto_98,Universalism: concern,0.36,none,0.0,0.0,opposite_margin,0.1
asl,1984,deberta-v3-base,pareto_98,Universalism: nature,0.49,none,0.0,0.0,opposite_margin,0.1
asl,1984,deberta-v3-base,pareto_98,Universalism: tolerance,0.35000000000000003,none,0.0,0.0,opposite_margin,0.1
asl,1984,deberta-v3-base,pareto_95,Self-direction: thought,0.24,opposite_suppression,0.5,-0.05,opposite_margin,0.1
asl,1984,deberta-v3-base,pareto_95,Self-direction: action,0.41000000000000003,opposite_suppression,0.5,-0.05,opposite_margin,0.1
asl,1984,deberta-v3-base,pareto_95,Stimulation,0.39,opposite_suppression,0.5,-0.05,opposite_margin,0.1
asl,1984,deberta-v3-base,pareto_95,Hedonism,0.5499999999999999,opposite_suppression,0.5,-0.05,opposite_margin,0.1
asl,1984,deberta-v3-base,pareto_95,Achievement,0.30000000000000004,opposite_suppression,0.5,-0.05,opposite_margin,0.1
asl,1984,deberta-v3-base,pareto_95,Power: dominance,0.19,opposite_suppression,0.5,-0.05,opposite_margin,0.1
asl,1984,deberta-v3-base,pareto_95,Power: resources,0.26,opposite_suppression,0.5,-0.05,opposite_margin,0.1
asl,1984,deberta-v3-base,pareto_95,Face,0.27,opposite_suppression,0.5,-0.05,opposite_margin,0.1
asl,1984,deberta-v3-base,pareto_95,Security: personal,0.30000000000000004,opposite_suppression,0.5,-0.05,opposite_margin,0.1
asl,1984,deberta-v3-base,pareto_95,Security: societal,0.24,opposite_suppression,0.5,-0.05,opposite_margin,0.1
asl,1984,deberta-v3-base,pareto_95,Tradition,0.21000000000000002,opposite_suppression,0.5,-0.05,opposite_margin,0.1
asl,1984,deberta-v3-base,pareto_95,Conformity: rules,0.37,opposite_suppression,0.5,-0.05,opposite_margin,0.1
asl,1984,deberta-v3-base,pareto_95,Conformity: interpersonal,0.27,opposite_suppression,0.5,-0.05,opposite_margin,0.1
asl,1984,deberta-v3-base,pareto_95,Humility,0.12000000000000001,opposite_suppression,0.5,-0.05,opposite_margin,0.1
asl,1984,deberta-v3-base,pareto_95,Benevolence: caring,0.4,opposite_suppression,0.5,-0.05,opposite_margin,0.1
asl,1984,deberta-v3-base,pareto_95,Benevolence: dependability,0.39,opposite_suppression,0.5,-0.05,opposite_margin,0.1
asl,1984,deberta-v3-base,pareto_95,Universalism: concern,0.31,opposite_suppression,0.5,-0.05,opposite_margin,0.1
asl,1984,deberta-v3-base,pareto_95,Universalism: nature,0.44,opposite_suppression,0.5,-0.05,opposite_margin,0.1
asl,1984,deberta-v3-base,pareto_95,Universalism: tolerance,0.30000000000000004,opposite_suppression,0.5,-0.05,opposite_margin,0.1
bce,7,deberta-v3-base,standard,Self-direction: thought,0.14,none,0.0,0.0,none,
bce,7,deberta-v3-base,standard,Self-direction: action,0.35000000000000003,none,0.0,0.0,none,
bce,7,deberta-v3-base,standard,Stimulation,0.3,none,0.0,0.0,none,
bce,7,deberta-v3-base,standard,Hedonism,0.38,none,0.0,0.0,none,
bce,7,deberta-v3-base,standard,Achievement,0.25,none,0.0,0.0,none,
bce,7,deberta-v3-base,standard,Power: dominance,0.16,none,0.0,0.0,none,
bce,7,deberta-v3-base,standard,Power: resources,0.09,none,0.0,0.0,none,
bce,7,deberta-v3-base,standard,Face,0.15,none,0.0,0.0,none,
bce,7,deberta-v3-base,standard,Security: personal,0.08,none,0.0,0.0,none,
bce,7,deberta-v3-base,standard,Security: societal,0.19,none,0.0,0.0,none,
bce,7,deberta-v3-base,standard,Tradition,0.4,none,0.0,0.0,none,
bce,7,deberta-v3-base,standard,Conformity: rules,0.28,none,0.0,0.0,none,
bce,7,deberta-v3-base,standard,Conformity: interpersonal,0.17,none,0.0,0.0,none,
bce,7,deberta-v3-base,standard,Humility,0.03,none,0.0,0.0,none,
bce,7,deberta-v3-base,standard,Benevolence: caring,0.12,none,0.0,0.0,none,
bce,7,deberta-v3-base,standard,Benevolence: dependability,0.25,none,0.0,0.0,none,
bce,7,deberta-v3-base,standard,Universalism: concern,0.27,none,0.0,0.0,none,
bce,7,deberta-v3-base,standard,Universalism: nature,0.17,none,0.0,0.0,none,
bce,7,deberta-v3-base,standard,Universalism: tolerance,0.16,none,0.0,0.0,none,
bce,7,deberta-v3-base,f1,Self-direction: thought,0.14,none,0.0,0.0,none,
bce,7,deberta-v3-base,f1,Self-direction: action,0.35000000000000003,none,0.0,0.0,none,
bce,7,deberta-v3-base,f1,Stimulation,0.3,none,0.0,0.0,none,
bce,7,deberta-v3-base,f1,Hedonism,0.38,none,0.0,0.0,none,
bce,7,deberta-v3-base,f1,Achievement,0.25,none,0.0,0.0,none,
bce,7,deberta-v3-base,f1,Power: dominance,0.16,none,0.0,0.0,none,
bce,7,deberta-v3-base,f1,Power: resources,0.09,none,0.0,0.0,none,
bce,7,deberta-v3-base,f1,Face,0.15,none,0.0,0.0,none,
bce,7,deberta-v3-base,f1,Security: personal,0.08,none,0.0,0.0,none,
bce,7,deberta-v3-base,f1,Security: societal,0.19,none,0.0,0.0,none,
bce,7,deberta-v3-base,f1,Tradition,0.4,none,0.0,0.0,none,
bce,7,deberta-v3-base,f1,Conformity: rules,0.28,none,0.0,0.0,none,
bce,7,deberta-v3-base,f1,Conformity: interpersonal,0.17,none,0.0,0.0,none,
bce,7,deberta-v3-base,f1,Humility,0.03,none,0.0,0.0,none,
bce,7,deberta-v3-base,f1,Benevolence: caring,0.12,none,0.0,0.0,none,
bce,7,deberta-v3-base,f1,Benevolence: dependability,0.25,none,0.0,0.0,none,
bce,7,deberta-v3-base,f1,Universalism: concern,0.27,none,0.0,0.0,none,
bce,7,deberta-v3-base,f1,Universalism: nature,0.17,none,0.0,0.0,none,
bce,7,deberta-v3-base,f1,Universalism: tolerance,0.16,none,0.0,0.0,none,
bce,7,deberta-v3-base,pareto_99,Self-direction: thought,0.14,none,0.0,0.0,opposite_margin,0.0
bce,7,deberta-v3-base,pareto_99,Self-direction: action,0.35000000000000003,none,0.0,0.0,opposite_margin,0.0
bce,7,deberta-v3-base,pareto_99,Stimulation,0.3,none,0.0,0.0,opposite_margin,0.0
bce,7,deberta-v3-base,pareto_99,Hedonism,0.38,none,0.0,0.0,opposite_margin,0.0
bce,7,deberta-v3-base,pareto_99,Achievement,0.25,none,0.0,0.0,opposite_margin,0.0
bce,7,deberta-v3-base,pareto_99,Power: dominance,0.16,none,0.0,0.0,opposite_margin,0.0
bce,7,deberta-v3-base,pareto_99,Power: resources,0.09,none,0.0,0.0,opposite_margin,0.0
bce,7,deberta-v3-base,pareto_99,Face,0.15,none,0.0,0.0,opposite_margin,0.0
bce,7,deberta-v3-base,pareto_99,Security: personal,0.08,none,0.0,0.0,opposite_margin,0.0
bce,7,deberta-v3-base,pareto_99,Security: societal,0.19,none,0.0,0.0,opposite_margin,0.0
bce,7,deberta-v3-base,pareto_99,Tradition,0.4,none,0.0,0.0,opposite_margin,0.0
bce,7,deberta-v3-base,pareto_99,Conformity: rules,0.28,none,0.0,0.0,opposite_margin,0.0
bce,7,deberta-v3-base,pareto_99,Conformity: interpersonal,0.17,none,0.0,0.0,opposite_margin,0.0
bce,7,deberta-v3-base,pareto_99,Humility,0.03,none,0.0,0.0,opposite_margin,0.0
bce,7,deberta-v3-base,pareto_99,Benevolence: caring,0.12,none,0.0,0.0,opposite_margin,0.0
bce,7,deberta-v3-base,pareto_99,Benevolence: dependability,0.25,none,0.0,0.0,opposite_margin,0.0
bce,7,deberta-v3-base,pareto_99,Universalism: concern,0.27,none,0.0,0.0,opposite_margin,0.0
bce,7,deberta-v3-base,pareto_99,Universalism: nature,0.17,none,0.0,0.0,opposite_margin,0.0
bce,7,deberta-v3-base,pareto_99,Universalism: tolerance,0.16,none,0.0,0.0,opposite_margin,0.0
bce,7,deberta-v3-base,pareto_98,Self-direction: thought,0.14,none,0.0,0.0,opposite_margin,0.0
bce,7,deberta-v3-base,pareto_98,Self-direction: action,0.35000000000000003,none,0.0,0.0,opposite_margin,0.0
bce,7,deberta-v3-base,pareto_98,Stimulation,0.3,none,0.0,0.0,opposite_margin,0.0
bce,7,deberta-v3-base,pareto_98,Hedonism,0.38,none,0.0,0.0,opposite_margin,0.0
bce,7,deberta-v3-base,pareto_98,Achievement,0.25,none,0.0,0.0,opposite_margin,0.0
bce,7,deberta-v3-base,pareto_98,Power: dominance,0.16,none,0.0,0.0,opposite_margin,0.0
bce,7,deberta-v3-base,pareto_98,Power: resources,0.09,none,0.0,0.0,opposite_margin,0.0
bce,7,deberta-v3-base,pareto_98,Face,0.15,none,0.0,0.0,opposite_margin,0.0
bce,7,deberta-v3-base,pareto_98,Security: personal,0.08,none,0.0,0.0,opposite_margin,0.0
bce,7,deberta-v3-base,pareto_98,Security: societal,0.19,none,0.0,0.0,opposite_margin,0.0
bce,7,deberta-v3-base,pareto_98,Tradition,0.4,none,0.0,0.0,opposite_margin,0.0
bce,7,deberta-v3-base,pareto_98,Conformity: rules,0.28,none,0.0,0.0,opposite_margin,0.0
bce,7,deberta-v3-base,pareto_98,Conformity: interpersonal,0.17,none,0.0,0.0,opposite_margin,0.0
bce,7,deberta-v3-base,pareto_98,Humility,0.03,none,0.0,0.0,opposite_margin,0.0
bce,7,deberta-v3-base,pareto_98,Benevolence: caring,0.12,none,0.0,0.0,opposite_margin,0.0
bce,7,deberta-v3-base,pareto_98,Benevolence: dependability,0.25,none,0.0,0.0,opposite_margin,0.0
bce,7,deberta-v3-base,pareto_98,Universalism: concern,0.27,none,0.0,0.0,opposite_margin,0.0
bce,7,deberta-v3-base,pareto_98,Universalism: nature,0.17,none,0.0,0.0,opposite_margin,0.0
bce,7,deberta-v3-base,pareto_98,Universalism: tolerance,0.16,none,0.0,0.0,opposite_margin,0.0
bce,7,deberta-v3-base,pareto_95,Self-direction: thought,0.14,opposite_suppression,0.5,0.0,opposite_margin,0.0
bce,7,deberta-v3-base,pareto_95,Self-direction: action,0.35000000000000003,opposite_suppression,0.5,0.0,opposite_margin,0.0
bce,7,deberta-v3-base,pareto_95,Stimulation,0.3,opposite_suppression,0.5,0.0,opposite_margin,0.0
bce,7,deberta-v3-base,pareto_95,Hedonism,0.38,opposite_suppression,0.5,0.0,opposite_margin,0.0
bce,7,deberta-v3-base,pareto_95,Achievement,0.25,opposite_suppression,0.5,0.0,opposite_margin,0.0
bce,7,deberta-v3-base,pareto_95,Power: dominance,0.16,opposite_suppression,0.5,0.0,opposite_margin,0.0
bce,7,deberta-v3-base,pareto_95,Power: resources,0.09,opposite_suppression,0.5,0.0,opposite_margin,0.0
bce,7,deberta-v3-base,pareto_95,Face,0.15,opposite_suppression,0.5,0.0,opposite_margin,0.0
bce,7,deberta-v3-base,pareto_95,Security: personal,0.08,opposite_suppression,0.5,0.0,opposite_margin,0.0
bce,7,deberta-v3-base,pareto_95,Security: societal,0.19,opposite_suppression,0.5,0.0,opposite_margin,0.0
bce,7,deberta-v3-base,pareto_95,Tradition,0.4,opposite_suppression,0.5,0.0,opposite_margin,0.0
bce,7,deberta-v3-base,pareto_95,Conformity: rules,0.28,opposite_suppression,0.5,0.0,opposite_margin,0.0
bce,7,deberta-v3-base,pareto_95,Conformity: interpersonal,0.17,opposite_suppression,0.5,0.0,opposite_margin,0.0
bce,7,deberta-v3-base,pareto_95,Humility,0.03,opposite_suppression,0.5,0.0,opposite_margin,0.0
bce,7,deberta-v3-base,pareto_95,Benevolence: caring,0.12,opposite_suppression,0.5,0.0,opposite_margin,0.0
bce,7,deberta-v3-base,pareto_95,Benevolence: dependability,0.25,opposite_suppression,0.5,0.0,opposite_margin,0.0
bce,7,deberta-v3-base,pareto_95,Universalism: concern,0.27,opposite_suppression,0.5,0.0,opposite_margin,0.0
bce,7,deberta-v3-base,pareto_95,Universalism: nature,0.17,opposite_suppression,0.5,0.0,opposite_margin,0.0
bce,7,deberta-v3-base,pareto_95,Universalism: tolerance,0.16,opposite_suppression,0.5,0.0,opposite_margin,0.0
bce,11,deberta-v3-base,standard,Self-direction: thought,0.06,none,0.0,0.0,none,
bce,11,deberta-v3-base,standard,Self-direction: action,0.15,none,0.0,0.0,none,
bce,11,deberta-v3-base,standard,Stimulation,0.16,none,0.0,0.0,none,
bce,11,deberta-v3-base,standard,Hedonism,0.34,none,0.0,0.0,none,
bce,11,deberta-v3-base,standard,Achievement,0.15,none,0.0,0.0,none,
bce,11,deberta-v3-base,standard,Power: dominance,0.15,none,0.0,0.0,none,
bce,11,deberta-v3-base,standard,Power: resources,0.1,none,0.0,0.0,none,
bce,11,deberta-v3-base,standard,Face,0.09,none,0.0,0.0,none,
bce,11,deberta-v3-base,standard,Security: personal,0.21,none,0.0,0.0,none,
bce,11,deberta-v3-base,standard,Security: societal,0.28,none,0.0,0.0,none,
bce,11,deberta-v3-base,standard,Tradition,0.23,none,0.0,0.0,none,
bce,11,deberta-v3-base,standard,Conformity: rules,0.09,none,0.0,0.0,none,
bce,11,deberta-v3-base,standard,Conformity: interpersonal,0.08,none,0.0,0.0,none,
bce,11,deberta-v3-base,standard,Humility,0.03,none,0.0,0.0,none,
bce,11,deberta-v3-base,standard,Benevolence: caring,0.21,none,0.0,0.0,none,
bce,11,deberta-v3-base,standard,Benevolence: dependability,0.2,none,0.0,0.0,none,
bce,11,deberta-v3-base,standard,Universalism: concern,0.29,none,0.0,0.0,none,
bce,11,deberta-v3-base,standard,Universalism: nature,0.03,none,0.0,0.0,none,
bce,11,deberta-v3-base,standard,Universalism: tolerance,0.45,none,0.0,0.0,none,
bce,11,deberta-v3-base,f1,Self-direction: thought,0.06,none,0.0,0.0,none,
bce,11,deberta-v3-base,f1,Self-direction: action,0.15,none,0.0,0.0,none,
bce,11,deberta-v3-base,f1,Stimulation,0.16,none,0.0,0.0,none,
bce,11,deberta-v3-base,f1,Hedonism,0.34,none,0.0,0.0,none,
bce,11,deberta-v3-base,f1,Achievement,0.15,none,0.0,0.0,none,
bce,11,deberta-v3-base,f1,Power: dominance,0.15,none,0.0,0.0,none,
bce,11,deberta-v3-base,f1,Power: resources,0.1,none,0.0,0.0,none,
bce,11,deberta-v3-base,f1,Face,0.09,none,0.0,0.0,none,
bce,11,deberta-v3-base,f1,Security: personal,0.21,none,0.0,0.0,none,
bce,11,deberta-v3-base,f1,Security: societal,0.28,none,0.0,0.0,none,
bce,11,deberta-v3-base,f1,Tradition,0.23,none,0.0,0.0,none,
bce,11,deberta-v3-base,f1,Conformity: rules,0.09,none,0.0,0.0,none,
bce,11,deberta-v3-base,f1,Conformity: interpersonal,0.08,none,0.0,0.0,none,
bce,11,deberta-v3-base,f1,Humility,0.03,none,0.0,0.0,none,
bce,11,deberta-v3-base,f1,Benevolence: caring,0.21,none,0.0,0.0,none,
bce,11,deberta-v3-base,f1,Benevolence: dependability,0.2,none,0.0,0.0,none,
bce,11,deberta-v3-base,f1,Universalism: concern,0.29,none,0.0,0.0,none,
bce,11,deberta-v3-base,f1,Universalism: nature,0.03,none,0.0,0.0,none,
bce,11,deberta-v3-base,f1,Universalism: tolerance,0.45,none,0.0,0.0,none,
bce,11,deberta-v3-base,pareto_99,Self-direction: thought,0.06,none,0.0,0.0,opposite_margin,0.0
bce,11,deberta-v3-base,pareto_99,Self-direction: action,0.15,none,0.0,0.0,opposite_margin,0.0
bce,11,deberta-v3-base,pareto_99,Stimulation,0.16,none,0.0,0.0,opposite_margin,0.0
bce,11,deberta-v3-base,pareto_99,Hedonism,0.34,none,0.0,0.0,opposite_margin,0.0
bce,11,deberta-v3-base,pareto_99,Achievement,0.15,none,0.0,0.0,opposite_margin,0.0
bce,11,deberta-v3-base,pareto_99,Power: dominance,0.15,none,0.0,0.0,opposite_margin,0.0
bce,11,deberta-v3-base,pareto_99,Power: resources,0.1,none,0.0,0.0,opposite_margin,0.0
bce,11,deberta-v3-base,pareto_99,Face,0.09,none,0.0,0.0,opposite_margin,0.0
bce,11,deberta-v3-base,pareto_99,Security: personal,0.21,none,0.0,0.0,opposite_margin,0.0
bce,11,deberta-v3-base,pareto_99,Security: societal,0.28,none,0.0,0.0,opposite_margin,0.0
bce,11,deberta-v3-base,pareto_99,Tradition,0.23,none,0.0,0.0,opposite_margin,0.0
bce,11,deberta-v3-base,pareto_99,Conformity: rules,0.09,none,0.0,0.0,opposite_margin,0.0
bce,11,deberta-v3-base,pareto_99,Conformity: interpersonal,0.08,none,0.0,0.0,opposite_margin,0.0
bce,11,deberta-v3-base,pareto_99,Humility,0.03,none,0.0,0.0,opposite_margin,0.0
bce,11,deberta-v3-base,pareto_99,Benevolence: caring,0.21,none,0.0,0.0,opposite_margin,0.0
bce,11,deberta-v3-base,pareto_99,Benevolence: dependability,0.2,none,0.0,0.0,opposite_margin,0.0
bce,11,deberta-v3-base,pareto_99,Universalism: concern,0.29,none,0.0,0.0,opposite_margin,0.0
bce,11,deberta-v3-base,pareto_99,Universalism: nature,0.03,none,0.0,0.0,opposite_margin,0.0
bce,11,deberta-v3-base,pareto_99,Universalism: tolerance,0.45,none,0.0,0.0,opposite_margin,0.0
bce,11,deberta-v3-base,pareto_98,Self-direction: thought,0.06,none,0.0,0.0,opposite_margin,0.0
bce,11,deberta-v3-base,pareto_98,Self-direction: action,0.15,none,0.0,0.0,opposite_margin,0.0
bce,11,deberta-v3-base,pareto_98,Stimulation,0.16,none,0.0,0.0,opposite_margin,0.0
bce,11,deberta-v3-base,pareto_98,Hedonism,0.34,none,0.0,0.0,opposite_margin,0.0
bce,11,deberta-v3-base,pareto_98,Achievement,0.15,none,0.0,0.0,opposite_margin,0.0
bce,11,deberta-v3-base,pareto_98,Power: dominance,0.15,none,0.0,0.0,opposite_margin,0.0
bce,11,deberta-v3-base,pareto_98,Power: resources,0.1,none,0.0,0.0,opposite_margin,0.0
bce,11,deberta-v3-base,pareto_98,Face,0.09,none,0.0,0.0,opposite_margin,0.0
bce,11,deberta-v3-base,pareto_98,Security: personal,0.21,none,0.0,0.0,opposite_margin,0.0
bce,11,deberta-v3-base,pareto_98,Security: societal,0.28,none,0.0,0.0,opposite_margin,0.0
bce,11,deberta-v3-base,pareto_98,Tradition,0.23,none,0.0,0.0,opposite_margin,0.0
bce,11,deberta-v3-base,pareto_98,Conformity: rules,0.09,none,0.0,0.0,opposite_margin,0.0
bce,11,deberta-v3-base,pareto_98,Conformity: interpersonal,0.08,none,0.0,0.0,opposite_margin,0.0
bce,11,deberta-v3-base,pareto_98,Humility,0.03,none,0.0,0.0,opposite_margin,0.0
bce,11,deberta-v3-base,pareto_98,Benevolence: caring,0.21,none,0.0,0.0,opposite_margin,0.0
bce,11,deberta-v3-base,pareto_98,Benevolence: dependability,0.2,none,0.0,0.0,opposite_margin,0.0
bce,11,deberta-v3-base,pareto_98,Universalism: concern,0.29,none,0.0,0.0,opposite_margin,0.0
bce,11,deberta-v3-base,pareto_98,Universalism: nature,0.03,none,0.0,0.0,opposite_margin,0.0
bce,11,deberta-v3-base,pareto_98,Universalism: tolerance,0.45,none,0.0,0.0,opposite_margin,0.0
bce,11,deberta-v3-base,pareto_95,Self-direction: thought,0.06,opposite_suppression,0.5,0.0,opposite_margin,0.0
bce,11,deberta-v3-base,pareto_95,Self-direction: action,0.15,opposite_suppression,0.5,0.0,opposite_margin,0.0
bce,11,deberta-v3-base,pareto_95,Stimulation,0.16,opposite_suppression,0.5,0.0,opposite_margin,0.0
bce,11,deberta-v3-base,pareto_95,Hedonism,0.34,opposite_suppression,0.5,0.0,opposite_margin,0.0
bce,11,deberta-v3-base,pareto_95,Achievement,0.15,opposite_suppression,0.5,0.0,opposite_margin,0.0
bce,11,deberta-v3-base,pareto_95,Power: dominance,0.15,opposite_suppression,0.5,0.0,opposite_margin,0.0
bce,11,deberta-v3-base,pareto_95,Power: resources,0.1,opposite_suppression,0.5,0.0,opposite_margin,0.0
bce,11,deberta-v3-base,pareto_95,Face,0.09,opposite_suppression,0.5,0.0,opposite_margin,0.0
bce,11,deberta-v3-base,pareto_95,Security: personal,0.21,opposite_suppression,0.5,0.0,opposite_margin,0.0
bce,11,deberta-v3-base,pareto_95,Security: societal,0.28,opposite_suppression,0.5,0.0,opposite_margin,0.0
bce,11,deberta-v3-base,pareto_95,Tradition,0.23,opposite_suppression,0.5,0.0,opposite_margin,0.0
bce,11,deberta-v3-base,pareto_95,Conformity: rules,0.09,opposite_suppression,0.5,0.0,opposite_margin,0.0
bce,11,deberta-v3-base,pareto_95,Conformity: interpersonal,0.08,opposite_suppression,0.5,0.0,opposite_margin,0.0
bce,11,deberta-v3-base,pareto_95,Humility,0.03,opposite_suppression,0.5,0.0,opposite_margin,0.0
bce,11,deberta-v3-base,pareto_95,Benevolence: caring,0.21,opposite_suppression,0.5,0.0,opposite_margin,0.0
bce,11,deberta-v3-base,pareto_95,Benevolence: dependability,0.2,opposite_suppression,0.5,0.0,opposite_margin,0.0
bce,11,deberta-v3-base,pareto_95,Universalism: concern,0.29,opposite_suppression,0.5,0.0,opposite_margin,0.0
bce,11,deberta-v3-base,pareto_95,Universalism: nature,0.03,opposite_suppression,0.5,0.0,opposite_margin,0.0
bce,11,deberta-v3-base,pareto_95,Universalism: tolerance,0.45,opposite_suppression,0.5,0.0,opposite_margin,0.0
bce,42,deberta-v3-base,standard,Self-direction: thought,0.12,none,0.0,0.0,none,
bce,42,deberta-v3-base,standard,Self-direction: action,0.32,none,0.0,0.0,none,
bce,42,deberta-v3-base,standard,Stimulation,0.13,none,0.0,0.0,none,
bce,42,deberta-v3-base,standard,Hedonism,0.32,none,0.0,0.0,none,
bce,42,deberta-v3-base,standard,Achievement,0.06,none,0.0,0.0,none,
bce,42,deberta-v3-base,standard,Power: dominance,0.16,none,0.0,0.0,none,
bce,42,deberta-v3-base,standard,Power: resources,0.07,none,0.0,0.0,none,
bce,42,deberta-v3-base,standard,Face,0.29,none,0.0,0.0,none,
bce,42,deberta-v3-base,standard,Security: personal,0.27,none,0.0,0.0,none,
bce,42,deberta-v3-base,standard,Security: societal,0.43,none,0.0,0.0,none,
bce,42,deberta-v3-base,standard,Tradition,0.19,none,0.0,0.0,none,
bce,42,deberta-v3-base,standard,Conformity: rules,0.28,none,0.0,0.0,none,
bce,42,deberta-v3-base,standard,Conformity: interpersonal,0.16,none,0.0,0.0,none,
bce,42,deberta-v3-base,standard,Humility,0.02,none,0.0,0.0,none,
bce,42,deberta-v3-base,standard,Benevolence: caring,0.12,none,0.0,0.0,none,
bce,42,deberta-v3-base,standard,Benevolence: dependability,0.26,none,0.0,0.0,none,
bce,42,deberta-v3-base,standard,Universalism: concern,0.14,none,0.0,0.0,none,
bce,42,deberta-v3-base,standard,Universalism: nature,0.2,none,0.0,0.0,none,
bce,42,deberta-v3-base,standard,Universalism: tolerance,0.13,none,0.0,0.0,none,
bce,42,deberta-v3-base,f1,Self-direction: thought,0.12,none,0.0,0.0,none,
bce,42,deberta-v3-base,f1,Self-direction: action,0.32,none,0.0,0.0,none,
bce,42,deberta-v3-base,f1,Stimulation,0.13,none,0.0,0.0,none,
bce,42,deberta-v3-base,f1,Hedonism,0.32,none,0.0,0.0,none,
bce,42,deberta-v3-base,f1,Achievement,0.06,none,0.0,0.0,none,
bce,42,deberta-v3-base,f1,Power: dominance,0.16,none,0.0,0.0,none,
bce,42,deberta-v3-base,f1,Power: resources,0.07,none,0.0,0.0,none,
bce,42,deberta-v3-base,f1,Face,0.29,none,0.0,0.0,none,
bce,42,deberta-v3-base,f1,Security: personal,0.27,none,0.0,0.0,none,
bce,42,deberta-v3-base,f1,Security: societal,0.43,none,0.0,0.0,none,
bce,42,deberta-v3-base,f1,Tradition,0.19,none,0.0,0.0,none,
bce,42,deberta-v3-base,f1,Conformity: rules,0.28,none,0.0,0.0,none,
bce,42,deberta-v3-base,f1,Conformity: interpersonal,0.16,none,0.0,0.0,none,
bce,42,deberta-v3-base,f1,Humility,0.02,none,0.0,0.0,none,
bce,42,deberta-v3-base,f1,Benevolence: caring,0.12,none,0.0,0.0,none,
bce,42,deberta-v3-base,f1,Benevolence: dependability,0.26,none,0.0,0.0,none,
bce,42,deberta-v3-base,f1,Universalism: concern,0.14,none,0.0,0.0,none,
bce,42,deberta-v3-base,f1,Universalism: nature,0.2,none,0.0,0.0,none,
bce,42,deberta-v3-base,f1,Universalism: tolerance,0.13,none,0.0,0.0,none,
bce,42,deberta-v3-base,pareto_99,Self-direction: thought,0.12,none,0.0,0.0,opposite_margin,0.1
bce,42,deberta-v3-base,pareto_99,Self-direction: action,0.32,none,0.0,0.0,opposite_margin,0.1
bce,42,deberta-v3-base,pareto_99,Stimulation,0.13,none,0.0,0.0,opposite_margin,0.1
bce,42,deberta-v3-base,pareto_99,Hedonism,0.32,none,0.0,0.0,opposite_margin,0.1
bce,42,deberta-v3-base,pareto_99,Achievement,0.06,none,0.0,0.0,opposite_margin,0.1
bce,42,deberta-v3-base,pareto_99,Power: dominance,0.16,none,0.0,0.0,opposite_margin,0.1
bce,42,deberta-v3-base,pareto_99,Power: resources,0.07,none,0.0,0.0,opposite_margin,0.1
bce,42,deberta-v3-base,pareto_99,Face,0.29,none,0.0,0.0,opposite_margin,0.1
bce,42,deberta-v3-base,pareto_99,Security: personal,0.27,none,0.0,0.0,opposite_margin,0.1
bce,42,deberta-v3-base,pareto_99,Security: societal,0.43,none,0.0,0.0,opposite_margin,0.1
bce,42,deberta-v3-base,pareto_99,Tradition,0.19,none,0.0,0.0,opposite_margin,0.1
bce,42,deberta-v3-base,pareto_99,Conformity: rules,0.28,none,0.0,0.0,opposite_margin,0.1
bce,42,deberta-v3-base,pareto_99,Conformity: interpersonal,0.16,none,0.0,0.0,opposite_margin,0.1
bce,42,deberta-v3-base,pareto_99,Humility,0.02,none,0.0,0.0,opposite_margin,0.1
bce,42,deberta-v3-base,pareto_99,Benevolence: caring,0.12,none,0.0,0.0,opposite_margin,0.1
bce,42,deberta-v3-base,pareto_99,Benevolence: dependability,0.26,none,0.0,0.0,opposite_margin,0.1
bce,42,deberta-v3-base,pareto_99,Universalism: concern,0.14,none,0.0,0.0,opposite_margin,0.1
bce,42,deberta-v3-base,pareto_99,Universalism: nature,0.2,none,0.0,0.0,opposite_margin,0.1
bce,42,deberta-v3-base,pareto_99,Universalism: tolerance,0.13,none,0.0,0.0,opposite_margin,0.1
bce,42,deberta-v3-base,pareto_98,Self-direction: thought,0.12,none,0.0,0.0,opposite_margin,0.1
bce,42,deberta-v3-base,pareto_98,Self-direction: action,0.32,none,0.0,0.0,opposite_margin,0.1
bce,42,deberta-v3-base,pareto_98,Stimulation,0.13,none,0.0,0.0,opposite_margin,0.1
bce,42,deberta-v3-base,pareto_98,Hedonism,0.32,none,0.0,0.0,opposite_margin,0.1
bce,42,deberta-v3-base,pareto_98,Achievement,0.06,none,0.0,0.0,opposite_margin,0.1
bce,42,deberta-v3-base,pareto_98,Power: dominance,0.16,none,0.0,0.0,opposite_margin,0.1
bce,42,deberta-v3-base,pareto_98,Power: resources,0.07,none,0.0,0.0,opposite_margin,0.1
bce,42,deberta-v3-base,pareto_98,Face,0.29,none,0.0,0.0,opposite_margin,0.1
bce,42,deberta-v3-base,pareto_98,Security: personal,0.27,none,0.0,0.0,opposite_margin,0.1
bce,42,deberta-v3-base,pareto_98,Security: societal,0.43,none,0.0,0.0,opposite_margin,0.1
bce,42,deberta-v3-base,pareto_98,Tradition,0.19,none,0.0,0.0,opposite_margin,0.1
bce,42,deberta-v3-base,pareto_98,Conformity: rules,0.28,none,0.0,0.0,opposite_margin,0.1
bce,42,deberta-v3-base,pareto_98,Conformity: interpersonal,0.16,none,0.0,0.0,opposite_margin,0.1
bce,42,deberta-v3-base,pareto_98,Humility,0.02,none,0.0,0.0,opposite_margin,0.1
bce,42,deberta-v3-base,pareto_98,Benevolence: caring,0.12,none,0.0,0.0,opposite_margin,0.1
bce,42,deberta-v3-base,pareto_98,Benevolence: dependability,0.26,none,0.0,0.0,opposite_margin,0.1
bce,42,deberta-v3-base,pareto_98,Universalism: concern,0.14,none,0.0,0.0,opposite_margin,0.1
bce,42,deberta-v3-base,pareto_98,Universalism: nature,0.2,none,0.0,0.0,opposite_margin,0.1
bce,42,deberta-v3-base,pareto_98,Universalism: tolerance,0.13,none,0.0,0.0,opposite_margin,0.1
bce,42,deberta-v3-base,pareto_95,Self-direction: thought,0.12,opposite_suppression,1.0,0.0,opposite_margin,0.0
bce,42,deberta-v3-base,pareto_95,Self-direction: action,0.32,opposite_suppression,1.0,0.0,opposite_margin,0.0
bce,42,deberta-v3-base,pareto_95,Stimulation,0.13,opposite_suppression,1.0,0.0,opposite_margin,0.0
bce,42,deberta-v3-base,pareto_95,Hedonism,0.32,opposite_suppression,1.0,0.0,opposite_margin,0.0
bce,42,deberta-v3-base,pareto_95,Achievement,0.06,opposite_suppression,1.0,0.0,opposite_margin,0.0
bce,42,deberta-v3-base,pareto_95,Power: dominance,0.16,opposite_suppression,1.0,0.0,opposite_margin,0.0
bce,42,deberta-v3-base,pareto_95,Power: resources,0.07,opposite_suppression,1.0,0.0,opposite_margin,0.0
bce,42,deberta-v3-base,pareto_95,Face,0.29,opposite_suppression,1.0,0.0,opposite_margin,0.0
bce,42,deberta-v3-base,pareto_95,Security: personal,0.27,opposite_suppression,1.0,0.0,opposite_margin,0.0
bce,42,deberta-v3-base,pareto_95,Security: societal,0.43,opposite_suppression,1.0,0.0,opposite_margin,0.0
bce,42,deberta-v3-base,pareto_95,Tradition,0.19,opposite_suppression,1.0,0.0,opposite_margin,0.0
bce,42,deberta-v3-base,pareto_95,Conformity: rules,0.28,opposite_suppression,1.0,0.0,opposite_margin,0.0
bce,42,deberta-v3-base,pareto_95,Conformity: interpersonal,0.16,opposite_suppression,1.0,0.0,opposite_margin,0.0
bce,42,deberta-v3-base,pareto_95,Humility,0.02,opposite_suppression,1.0,0.0,opposite_margin,0.0
bce,42,deberta-v3-base,pareto_95,Benevolence: caring,0.12,opposite_suppression,1.0,0.0,opposite_margin,0.0
bce,42,deberta-v3-base,pareto_95,Benevolence: dependability,0.26,opposite_suppression,1.0,0.0,opposite_margin,0.0
bce,42,deberta-v3-base,pareto_95,Universalism: concern,0.14,opposite_suppression,1.0,0.0,opposite_margin,0.0
bce,42,deberta-v3-base,pareto_95,Universalism: nature,0.2,opposite_suppression,1.0,0.0,opposite_margin,0.0
bce,42,deberta-v3-base,pareto_95,Universalism: tolerance,0.13,opposite_suppression,1.0,0.0,opposite_margin,0.0
bce,1701,deberta-v3-base,standard,Self-direction: thought,0.13,none,0.0,0.0,none,
bce,1701,deberta-v3-base,standard,Self-direction: action,0.31,none,0.0,0.0,none,
bce,1701,deberta-v3-base,standard,Stimulation,0.37,none,0.0,0.0,none,
bce,1701,deberta-v3-base,standard,Hedonism,0.21,none,0.0,0.0,none,
bce,1701,deberta-v3-base,standard,Achievement,0.12,none,0.0,0.0,none,
bce,1701,deberta-v3-base,standard,Power: dominance,0.2,none,0.0,0.0,none,
bce,1701,deberta-v3-base,standard,Power: resources,0.09,none,0.0,0.0,none,
bce,1701,deberta-v3-base,standard,Face,0.11,none,0.0,0.0,none,
bce,1701,deberta-v3-base,standard,Security: personal,0.26,none,0.0,0.0,none,
bce,1701,deberta-v3-base,standard,Security: societal,0.32,none,0.0,0.0,none,
bce,1701,deberta-v3-base,standard,Tradition,0.19,none,0.0,0.0,none,
bce,1701,deberta-v3-base,standard,Conformity: rules,0.18,none,0.0,0.0,none,
bce,1701,deberta-v3-base,standard,Conformity: interpersonal,0.15,none,0.0,0.0,none,
bce,1701,deberta-v3-base,standard,Humility,0.02,none,0.0,0.0,none,
bce,1701,deberta-v3-base,standard,Benevolence: caring,0.19,none,0.0,0.0,none,
bce,1701,deberta-v3-base,standard,Benevolence: dependability,0.18,none,0.0,0.0,none,
bce,1701,deberta-v3-base,standard,Universalism: concern,0.31,none,0.0,0.0,none,
bce,1701,deberta-v3-base,standard,Universalism: nature,0.14,none,0.0,0.0,none,
bce,1701,deberta-v3-base,standard,Universalism: tolerance,0.16,none,0.0,0.0,none,
bce,1701,deberta-v3-base,f1,Self-direction: thought,0.13,none,0.0,0.0,none,
bce,1701,deberta-v3-base,f1,Self-direction: action,0.31,none,0.0,0.0,none,
bce,1701,deberta-v3-base,f1,Stimulation,0.37,none,0.0,0.0,none,
bce,1701,deberta-v3-base,f1,Hedonism,0.21,none,0.0,0.0,none,
bce,1701,deberta-v3-base,f1,Achievement,0.12,none,0.0,0.0,none,
bce,1701,deberta-v3-base,f1,Power: dominance,0.2,none,0.0,0.0,none,
bce,1701,deberta-v3-base,f1,Power: resources,0.09,none,0.0,0.0,none,
bce,1701,deberta-v3-base,f1,Face,0.11,none,0.0,0.0,none,
bce,1701,deberta-v3-base,f1,Security: personal,0.26,none,0.0,0.0,none,
bce,1701,deberta-v3-base,f1,Security: societal,0.32,none,0.0,0.0,none,
bce,1701,deberta-v3-base,f1,Tradition,0.19,none,0.0,0.0,none,
bce,1701,deberta-v3-base,f1,Conformity: rules,0.18,none,0.0,0.0,none,
bce,1701,deberta-v3-base,f1,Conformity: interpersonal,0.15,none,0.0,0.0,none,
bce,1701,deberta-v3-base,f1,Humility,0.02,none,0.0,0.0,none,
bce,1701,deberta-v3-base,f1,Benevolence: caring,0.19,none,0.0,0.0,none,
bce,1701,deberta-v3-base,f1,Benevolence: dependability,0.18,none,0.0,0.0,none,
bce,1701,deberta-v3-base,f1,Universalism: concern,0.31,none,0.0,0.0,none,
bce,1701,deberta-v3-base,f1,Universalism: nature,0.14,none,0.0,0.0,none,
bce,1701,deberta-v3-base,f1,Universalism: tolerance,0.16,none,0.0,0.0,none,
bce,1701,deberta-v3-base,pareto_99,Self-direction: thought,0.13,none,0.0,0.0,opposite_margin,0.0
bce,1701,deberta-v3-base,pareto_99,Self-direction: action,0.31,none,0.0,0.0,opposite_margin,0.0
bce,1701,deberta-v3-base,pareto_99,Stimulation,0.37,none,0.0,0.0,opposite_margin,0.0
bce,1701,deberta-v3-base,pareto_99,Hedonism,0.21,none,0.0,0.0,opposite_margin,0.0
bce,1701,deberta-v3-base,pareto_99,Achievement,0.12,none,0.0,0.0,opposite_margin,0.0
bce,1701,deberta-v3-base,pareto_99,Power: dominance,0.2,none,0.0,0.0,opposite_margin,0.0
bce,1701,deberta-v3-base,pareto_99,Power: resources,0.09,none,0.0,0.0,opposite_margin,0.0
bce,1701,deberta-v3-base,pareto_99,Face,0.11,none,0.0,0.0,opposite_margin,0.0
bce,1701,deberta-v3-base,pareto_99,Security: personal,0.26,none,0.0,0.0,opposite_margin,0.0
bce,1701,deberta-v3-base,pareto_99,Security: societal,0.32,none,0.0,0.0,opposite_margin,0.0
bce,1701,deberta-v3-base,pareto_99,Tradition,0.19,none,0.0,0.0,opposite_margin,0.0
bce,1701,deberta-v3-base,pareto_99,Conformity: rules,0.18,none,0.0,0.0,opposite_margin,0.0
bce,1701,deberta-v3-base,pareto_99,Conformity: interpersonal,0.15,none,0.0,0.0,opposite_margin,0.0
bce,1701,deberta-v3-base,pareto_99,Humility,0.02,none,0.0,0.0,opposite_margin,0.0
bce,1701,deberta-v3-base,pareto_99,Benevolence: caring,0.19,none,0.0,0.0,opposite_margin,0.0
bce,1701,deberta-v3-base,pareto_99,Benevolence: dependability,0.18,none,0.0,0.0,opposite_margin,0.0
bce,1701,deberta-v3-base,pareto_99,Universalism: concern,0.31,none,0.0,0.0,opposite_margin,0.0
bce,1701,deberta-v3-base,pareto_99,Universalism: nature,0.14,none,0.0,0.0,opposite_margin,0.0
bce,1701,deberta-v3-base,pareto_99,Universalism: tolerance,0.16,none,0.0,0.0,opposite_margin,0.0
bce,1701,deberta-v3-base,pareto_98,Self-direction: thought,0.13,none,0.0,0.0,opposite_margin,0.0
bce,1701,deberta-v3-base,pareto_98,Self-direction: action,0.31,none,0.0,0.0,opposite_margin,0.0
bce,1701,deberta-v3-base,pareto_98,Stimulation,0.37,none,0.0,0.0,opposite_margin,0.0
bce,1701,deberta-v3-base,pareto_98,Hedonism,0.21,none,0.0,0.0,opposite_margin,0.0
bce,1701,deberta-v3-base,pareto_98,Achievement,0.12,none,0.0,0.0,opposite_margin,0.0
bce,1701,deberta-v3-base,pareto_98,Power: dominance,0.2,none,0.0,0.0,opposite_margin,0.0
bce,1701,deberta-v3-base,pareto_98,Power: resources,0.09,none,0.0,0.0,opposite_margin,0.0
bce,1701,deberta-v3-base,pareto_98,Face,0.11,none,0.0,0.0,opposite_margin,0.0
bce,1701,deberta-v3-base,pareto_98,Security: personal,0.26,none,0.0,0.0,opposite_margin,0.0
bce,1701,deberta-v3-base,pareto_98,Security: societal,0.32,none,0.0,0.0,opposite_margin,0.0
bce,1701,deberta-v3-base,pareto_98,Tradition,0.19,none,0.0,0.0,opposite_margin,0.0
bce,1701,deberta-v3-base,pareto_98,Conformity: rules,0.18,none,0.0,0.0,opposite_margin,0.0
bce,1701,deberta-v3-base,pareto_98,Conformity: interpersonal,0.15,none,0.0,0.0,opposite_margin,0.0
bce,1701,deberta-v3-base,pareto_98,Humility,0.02,none,0.0,0.0,opposite_margin,0.0
bce,1701,deberta-v3-base,pareto_98,Benevolence: caring,0.19,none,0.0,0.0,opposite_margin,0.0
bce,1701,deberta-v3-base,pareto_98,Benevolence: dependability,0.18,none,0.0,0.0,opposite_margin,0.0
bce,1701,deberta-v3-base,pareto_98,Universalism: concern,0.31,none,0.0,0.0,opposite_margin,0.0
bce,1701,deberta-v3-base,pareto_98,Universalism: nature,0.14,none,0.0,0.0,opposite_margin,0.0
bce,1701,deberta-v3-base,pareto_98,Universalism: tolerance,0.16,none,0.0,0.0,opposite_margin,0.0
bce,1701,deberta-v3-base,pareto_95,Self-direction: thought,0.13,opposite_suppression,1.0,0.0,opposite_margin,0.0
bce,1701,deberta-v3-base,pareto_95,Self-direction: action,0.31,opposite_suppression,1.0,0.0,opposite_margin,0.0
bce,1701,deberta-v3-base,pareto_95,Stimulation,0.37,opposite_suppression,1.0,0.0,opposite_margin,0.0
bce,1701,deberta-v3-base,pareto_95,Hedonism,0.21,opposite_suppression,1.0,0.0,opposite_margin,0.0
bce,1701,deberta-v3-base,pareto_95,Achievement,0.12,opposite_suppression,1.0,0.0,opposite_margin,0.0
bce,1701,deberta-v3-base,pareto_95,Power: dominance,0.2,opposite_suppression,1.0,0.0,opposite_margin,0.0
bce,1701,deberta-v3-base,pareto_95,Power: resources,0.09,opposite_suppression,1.0,0.0,opposite_margin,0.0
bce,1701,deberta-v3-base,pareto_95,Face,0.11,opposite_suppression,1.0,0.0,opposite_margin,0.0
bce,1701,deberta-v3-base,pareto_95,Security: personal,0.26,opposite_suppression,1.0,0.0,opposite_margin,0.0
bce,1701,deberta-v3-base,pareto_95,Security: societal,0.32,opposite_suppression,1.0,0.0,opposite_margin,0.0
bce,1701,deberta-v3-base,pareto_95,Tradition,0.19,opposite_suppression,1.0,0.0,opposite_margin,0.0
bce,1701,deberta-v3-base,pareto_95,Conformity: rules,0.18,opposite_suppression,1.0,0.0,opposite_margin,0.0
bce,1701,deberta-v3-base,pareto_95,Conformity: interpersonal,0.15,opposite_suppression,1.0,0.0,opposite_margin,0.0
bce,1701,deberta-v3-base,pareto_95,Humility,0.02,opposite_suppression,1.0,0.0,opposite_margin,0.0
bce,1701,deberta-v3-base,pareto_95,Benevolence: caring,0.19,opposite_suppression,1.0,0.0,opposite_margin,0.0
bce,1701,deberta-v3-base,pareto_95,Benevolence: dependability,0.18,opposite_suppression,1.0,0.0,opposite_margin,0.0
bce,1701,deberta-v3-base,pareto_95,Universalism: concern,0.31,opposite_suppression,1.0,0.0,opposite_margin,0.0
bce,1701,deberta-v3-base,pareto_95,Universalism: nature,0.14,opposite_suppression,1.0,0.0,opposite_margin,0.0
bce,1701,deberta-v3-base,pareto_95,Universalism: tolerance,0.16,opposite_suppression,1.0,0.0,opposite_margin,0.0
bce,1984,deberta-v3-base,standard,Self-direction: thought,0.06,none,0.0,0.0,none,
bce,1984,deberta-v3-base,standard,Self-direction: action,0.14,none,0.0,0.0,none,
bce,1984,deberta-v3-base,standard,Stimulation,0.2,none,0.0,0.0,none,
bce,1984,deberta-v3-base,standard,Hedonism,0.44,none,0.0,0.0,none,
bce,1984,deberta-v3-base,standard,Achievement,0.13,none,0.0,0.0,none,
bce,1984,deberta-v3-base,standard,Power: dominance,0.33,none,0.0,0.0,none,
bce,1984,deberta-v3-base,standard,Power: resources,0.2,none,0.0,0.0,none,
bce,1984,deberta-v3-base,standard,Face,0.25,none,0.0,0.0,none,
bce,1984,deberta-v3-base,standard,Security: personal,0.31,none,0.0,0.0,none,
bce,1984,deberta-v3-base,standard,Security: societal,0.44,none,0.0,0.0,none,
bce,1984,deberta-v3-base,standard,Tradition,0.07,none,0.0,0.0,none,
bce,1984,deberta-v3-base,standard,Conformity: rules,0.17,none,0.0,0.0,none,
bce,1984,deberta-v3-base,standard,Conformity: interpersonal,0.13,none,0.0,0.0,none,
bce,1984,deberta-v3-base,standard,Humility,0.06,none,0.0,0.0,none,
bce,1984,deberta-v3-base,standard,Benevolence: caring,0.24,none,0.0,0.0,none,
bce,1984,deberta-v3-base,standard,Benevolence: dependability,0.19,none,0.0,0.0,none,
bce,1984,deberta-v3-base,standard,Universalism: concern,0.16,none,0.0,0.0,none,
bce,1984,deberta-v3-base,standard,Universalism: nature,0.08,none,0.0,0.0,none,
bce,1984,deberta-v3-base,standard,Universalism: tolerance,0.21,none,0.0,0.0,none,
bce,1984,deberta-v3-base,f1,Self-direction: thought,0.06,none,0.0,0.0,none,
bce,1984,deberta-v3-base,f1,Self-direction: action,0.14,none,0.0,0.0,none,
bce,1984,deberta-v3-base,f1,Stimulation,0.2,none,0.0,0.0,none,
bce,1984,deberta-v3-base,f1,Hedonism,0.44,none,0.0,0.0,none,
bce,1984,deberta-v3-base,f1,Achievement,0.13,none,0.0,0.0,none,
bce,1984,deberta-v3-base,f1,Power: dominance,0.33,none,0.0,0.0,none,
bce,1984,deberta-v3-base,f1,Power: resources,0.2,none,0.0,0.0,none,
bce,1984,deberta-v3-base,f1,Face,0.25,none,0.0,0.0,none,
bce,1984,deberta-v3-base,f1,Security: personal,0.31,none,0.0,0.0,none,
bce,1984,deberta-v3-base,f1,Security: societal,0.44,none,0.0,0.0,none,
bce,1984,deberta-v3-base,f1,Tradition,0.07,none,0.0,0.0,none,
bce,1984,deberta-v3-base,f1,Conformity: rules,0.17,none,0.0,0.0,none,
bce,1984,deberta-v3-base,f1,Conformity: interpersonal,0.13,none,0.0,0.0,none,
bce,1984,deberta-v3-base,f1,Humility,0.06,none,0.0,0.0,none,
bce,1984,deberta-v3-base,f1,Benevolence: caring,0.24,none,0.0,0.0,none,
bce,1984,deberta-v3-base,f1,Benevolence: dependability,0.19,none,0.0,0.0,none,
bce,1984,deberta-v3-base,f1,Universalism: concern,0.16,none,0.0,0.0,none,
bce,1984,deberta-v3-base,f1,Universalism: nature,0.08,none,0.0,0.0,none,
bce,1984,deberta-v3-base,f1,Universalism: tolerance,0.21,none,0.0,0.0,none,
bce,1984,deberta-v3-base,pareto_99,Self-direction: thought,0.06,none,0.0,0.0,none,
bce,1984,deberta-v3-base,pareto_99,Self-direction: action,0.14,none,0.0,0.0,none,
bce,1984,deberta-v3-base,pareto_99,Stimulation,0.2,none,0.0,0.0,none,
bce,1984,deberta-v3-base,pareto_99,Hedonism,0.44,none,0.0,0.0,none,
bce,1984,deberta-v3-base,pareto_99,Achievement,0.13,none,0.0,0.0,none,
bce,1984,deberta-v3-base,pareto_99,Power: dominance,0.33,none,0.0,0.0,none,
bce,1984,deberta-v3-base,pareto_99,Power: resources,0.2,none,0.0,0.0,none,
bce,1984,deberta-v3-base,pareto_99,Face,0.25,none,0.0,0.0,none,
bce,1984,deberta-v3-base,pareto_99,Security: personal,0.31,none,0.0,0.0,none,
bce,1984,deberta-v3-base,pareto_99,Security: societal,0.44,none,0.0,0.0,none,
bce,1984,deberta-v3-base,pareto_99,Tradition,0.07,none,0.0,0.0,none,
bce,1984,deberta-v3-base,pareto_99,Conformity: rules,0.17,none,0.0,0.0,none,
bce,1984,deberta-v3-base,pareto_99,Conformity: interpersonal,0.13,none,0.0,0.0,none,
bce,1984,deberta-v3-base,pareto_99,Humility,0.06,none,0.0,0.0,none,
bce,1984,deberta-v3-base,pareto_99,Benevolence: caring,0.24,none,0.0,0.0,none,
bce,1984,deberta-v3-base,pareto_99,Benevolence: dependability,0.19,none,0.0,0.0,none,
bce,1984,deberta-v3-base,pareto_99,Universalism: concern,0.16,none,0.0,0.0,none,
bce,1984,deberta-v3-base,pareto_99,Universalism: nature,0.08,none,0.0,0.0,none,
bce,1984,deberta-v3-base,pareto_99,Universalism: tolerance,0.21,none,0.0,0.0,none,
bce,1984,deberta-v3-base,pareto_98,Self-direction: thought,0.06,none,0.0,0.0,none,
bce,1984,deberta-v3-base,pareto_98,Self-direction: action,0.14,none,0.0,0.0,none,
bce,1984,deberta-v3-base,pareto_98,Stimulation,0.2,none,0.0,0.0,none,
bce,1984,deberta-v3-base,pareto_98,Hedonism,0.44,none,0.0,0.0,none,
bce,1984,deberta-v3-base,pareto_98,Achievement,0.13,none,0.0,0.0,none,
bce,1984,deberta-v3-base,pareto_98,Power: dominance,0.33,none,0.0,0.0,none,
bce,1984,deberta-v3-base,pareto_98,Power: resources,0.2,none,0.0,0.0,none,
bce,1984,deberta-v3-base,pareto_98,Face,0.25,none,0.0,0.0,none,
bce,1984,deberta-v3-base,pareto_98,Security: personal,0.31,none,0.0,0.0,none,
bce,1984,deberta-v3-base,pareto_98,Security: societal,0.44,none,0.0,0.0,none,
bce,1984,deberta-v3-base,pareto_98,Tradition,0.07,none,0.0,0.0,none,
bce,1984,deberta-v3-base,pareto_98,Conformity: rules,0.17,none,0.0,0.0,none,
bce,1984,deberta-v3-base,pareto_98,Conformity: interpersonal,0.13,none,0.0,0.0,none,
bce,1984,deberta-v3-base,pareto_98,Humility,0.06,none,0.0,0.0,none,
bce,1984,deberta-v3-base,pareto_98,Benevolence: caring,0.24,none,0.0,0.0,none,
bce,1984,deberta-v3-base,pareto_98,Benevolence: dependability,0.19,none,0.0,0.0,none,
bce,1984,deberta-v3-base,pareto_98,Universalism: concern,0.16,none,0.0,0.0,none,
bce,1984,deberta-v3-base,pareto_98,Universalism: nature,0.08,none,0.0,0.0,none,
bce,1984,deberta-v3-base,pareto_98,Universalism: tolerance,0.21,none,0.0,0.0,none,
bce,1984,deberta-v3-base,pareto_95,Self-direction: thought,0.009999999999999995,opposite_suppression,1.0,-0.05,opposite_margin,0.1
bce,1984,deberta-v3-base,pareto_95,Self-direction: action,0.09000000000000001,opposite_suppression,1.0,-0.05,opposite_margin,0.1
bce,1984,deberta-v3-base,pareto_95,Stimulation,0.15000000000000002,opposite_suppression,1.0,-0.05,opposite_margin,0.1
bce,1984,deberta-v3-base,pareto_95,Hedonism,0.39,opposite_suppression,1.0,-0.05,opposite_margin,0.1
bce,1984,deberta-v3-base,pareto_95,Achievement,0.08,opposite_suppression,1.0,-0.05,opposite_margin,0.1
bce,1984,deberta-v3-base,pareto_95,Power: dominance,0.28,opposite_suppression,1.0,-0.05,opposite_margin,0.1
bce,1984,deberta-v3-base,pareto_95,Power: resources,0.15000000000000002,opposite_suppression,1.0,-0.05,opposite_margin,0.1
bce,1984,deberta-v3-base,pareto_95,Face,0.2,opposite_suppression,1.0,-0.05,opposite_margin,0.1
bce,1984,deberta-v3-base,pareto_95,Security: personal,0.26,opposite_suppression,1.0,-0.05,opposite_margin,0.1
bce,1984,deberta-v3-base,pareto_95,Security: societal,0.39,opposite_suppression,1.0,-0.05,opposite_margin,0.1
bce,1984,deberta-v3-base,pareto_95,Tradition,0.020000000000000004,opposite_suppression,1.0,-0.05,opposite_margin,0.1
bce,1984,deberta-v3-base,pareto_95,Conformity: rules,0.12000000000000001,opposite_suppression,1.0,-0.05,opposite_margin,0.1
bce,1984,deberta-v3-base,pareto_95,Conformity: interpersonal,0.08,opposite_suppression,1.0,-0.05,opposite_margin,0.1
bce,1984,deberta-v3-base,pareto_95,Humility,0.009999999999999995,opposite_suppression,1.0,-0.05,opposite_margin,0.1
bce,1984,deberta-v3-base,pareto_95,Benevolence: caring,0.19,opposite_suppression,1.0,-0.05,opposite_margin,0.1
bce,1984,deberta-v3-base,pareto_95,Benevolence: dependability,0.14,opposite_suppression,1.0,-0.05,opposite_margin,0.1
bce,1984,deberta-v3-base,pareto_95,Universalism: concern,0.11,opposite_suppression,1.0,-0.05,opposite_margin,0.1
bce,1984,deberta-v3-base,pareto_95,Universalism: nature,0.03,opposite_suppression,1.0,-0.05,opposite_margin,0.1
bce,1984,deberta-v3-base,pareto_95,Universalism: tolerance,0.15999999999999998,opposite_suppression,1.0,-0.05,opposite_margin,0.1
empirical_structure,7,deberta-v3-base,standard,Self-direction: thought,0.05,none,0.0,0.0,none,
empirical_structure,7,deberta-v3-base,standard,Self-direction: action,0.18,none,0.0,0.0,none,
empirical_structure,7,deberta-v3-base,standard,Stimulation,0.16,none,0.0,0.0,none,
empirical_structure,7,deberta-v3-base,standard,Hedonism,0.22,none,0.0,0.0,none,
empirical_structure,7,deberta-v3-base,standard,Achievement,0.15,none,0.0,0.0,none,
empirical_structure,7,deberta-v3-base,standard,Power: dominance,0.27,none,0.0,0.0,none,
empirical_structure,7,deberta-v3-base,standard,Power: resources,0.14,none,0.0,0.0,none,
empirical_structure,7,deberta-v3-base,standard,Face,0.18,none,0.0,0.0,none,
empirical_structure,7,deberta-v3-base,standard,Security: personal,0.32,none,0.0,0.0,none,
empirical_structure,7,deberta-v3-base,standard,Security: societal,0.48,none,0.0,0.0,none,
empirical_structure,7,deberta-v3-base,standard,Tradition,0.12,none,0.0,0.0,none,
empirical_structure,7,deberta-v3-base,standard,Conformity: rules,0.16,none,0.0,0.0,none,
empirical_structure,7,deberta-v3-base,standard,Conformity: interpersonal,0.16,none,0.0,0.0,none,
empirical_structure,7,deberta-v3-base,standard,Humility,0.02,none,0.0,0.0,none,
empirical_structure,7,deberta-v3-base,standard,Benevolence: caring,0.1,none,0.0,0.0,none,
empirical_structure,7,deberta-v3-base,standard,Benevolence: dependability,0.25,none,0.0,0.0,none,
empirical_structure,7,deberta-v3-base,standard,Universalism: concern,0.16,none,0.0,0.0,none,
empirical_structure,7,deberta-v3-base,standard,Universalism: nature,0.37,none,0.0,0.0,none,
empirical_structure,7,deberta-v3-base,standard,Universalism: tolerance,0.16,none,0.0,0.0,none,
empirical_structure,7,deberta-v3-base,f1,Self-direction: thought,0.05,none,0.0,0.0,none,
empirical_structure,7,deberta-v3-base,f1,Self-direction: action,0.18,none,0.0,0.0,none,
empirical_structure,7,deberta-v3-base,f1,Stimulation,0.16,none,0.0,0.0,none,
empirical_structure,7,deberta-v3-base,f1,Hedonism,0.22,none,0.0,0.0,none,
empirical_structure,7,deberta-v3-base,f1,Achievement,0.15,none,0.0,0.0,none,
empirical_structure,7,deberta-v3-base,f1,Power: dominance,0.27,none,0.0,0.0,none,
empirical_structure,7,deberta-v3-base,f1,Power: resources,0.14,none,0.0,0.0,none,
empirical_structure,7,deberta-v3-base,f1,Face,0.18,none,0.0,0.0,none,
empirical_structure,7,deberta-v3-base,f1,Security: personal,0.32,none,0.0,0.0,none,
empirical_structure,7,deberta-v3-base,f1,Security: societal,0.48,none,0.0,0.0,none,
empirical_structure,7,deberta-v3-base,f1,Tradition,0.12,none,0.0,0.0,none,
empirical_structure,7,deberta-v3-base,f1,Conformity: rules,0.16,none,0.0,0.0,none,
empirical_structure,7,deberta-v3-base,f1,Conformity: interpersonal,0.16,none,0.0,0.0,none,
empirical_structure,7,deberta-v3-base,f1,Humility,0.02,none,0.0,0.0,none,
empirical_structure,7,deberta-v3-base,f1,Benevolence: caring,0.1,none,0.0,0.0,none,
empirical_structure,7,deberta-v3-base,f1,Benevolence: dependability,0.25,none,0.0,0.0,none,
empirical_structure,7,deberta-v3-base,f1,Universalism: concern,0.16,none,0.0,0.0,none,
empirical_structure,7,deberta-v3-base,f1,Universalism: nature,0.37,none,0.0,0.0,none,
empirical_structure,7,deberta-v3-base,f1,Universalism: tolerance,0.16,none,0.0,0.0,none,
empirical_structure,7,deberta-v3-base,pareto_99,Self-direction: thought,0.05,none,0.0,0.0,opposite_margin,0.0
empirical_structure,7,deberta-v3-base,pareto_99,Self-direction: action,0.18,none,0.0,0.0,opposite_margin,0.0
empirical_structure,7,deberta-v3-base,pareto_99,Stimulation,0.16,none,0.0,0.0,opposite_margin,0.0
empirical_structure,7,deberta-v3-base,pareto_99,Hedonism,0.22,none,0.0,0.0,opposite_margin,0.0
empirical_structure,7,deberta-v3-base,pareto_99,Achievement,0.15,none,0.0,0.0,opposite_margin,0.0
empirical_structure,7,deberta-v3-base,pareto_99,Power: dominance,0.27,none,0.0,0.0,opposite_margin,0.0
empirical_structure,7,deberta-v3-base,pareto_99,Power: resources,0.14,none,0.0,0.0,opposite_margin,0.0
empirical_structure,7,deberta-v3-base,pareto_99,Face,0.18,none,0.0,0.0,opposite_margin,0.0
empirical_structure,7,deberta-v3-base,pareto_99,Security: personal,0.32,none,0.0,0.0,opposite_margin,0.0
empirical_structure,7,deberta-v3-base,pareto_99,Security: societal,0.48,none,0.0,0.0,opposite_margin,0.0
empirical_structure,7,deberta-v3-base,pareto_99,Tradition,0.12,none,0.0,0.0,opposite_margin,0.0
empirical_structure,7,deberta-v3-base,pareto_99,Conformity: rules,0.16,none,0.0,0.0,opposite_margin,0.0
empirical_structure,7,deberta-v3-base,pareto_99,Conformity: interpersonal,0.16,none,0.0,0.0,opposite_margin,0.0
empirical_structure,7,deberta-v3-base,pareto_99,Humility,0.02,none,0.0,0.0,opposite_margin,0.0
empirical_structure,7,deberta-v3-base,pareto_99,Benevolence: caring,0.1,none,0.0,0.0,opposite_margin,0.0
empirical_structure,7,deberta-v3-base,pareto_99,Benevolence: dependability,0.25,none,0.0,0.0,opposite_margin,0.0
empirical_structure,7,deberta-v3-base,pareto_99,Universalism: concern,0.16,none,0.0,0.0,opposite_margin,0.0
empirical_structure,7,deberta-v3-base,pareto_99,Universalism: nature,0.37,none,0.0,0.0,opposite_margin,0.0
empirical_structure,7,deberta-v3-base,pareto_99,Universalism: tolerance,0.16,none,0.0,0.0,opposite_margin,0.0
empirical_structure,7,deberta-v3-base,pareto_98,Self-direction: thought,0.05,none,0.0,0.0,opposite_margin,0.0
empirical_structure,7,deberta-v3-base,pareto_98,Self-direction: action,0.18,none,0.0,0.0,opposite_margin,0.0
empirical_structure,7,deberta-v3-base,pareto_98,Stimulation,0.16,none,0.0,0.0,opposite_margin,0.0
empirical_structure,7,deberta-v3-base,pareto_98,Hedonism,0.22,none,0.0,0.0,opposite_margin,0.0
empirical_structure,7,deberta-v3-base,pareto_98,Achievement,0.15,none,0.0,0.0,opposite_margin,0.0
empirical_structure,7,deberta-v3-base,pareto_98,Power: dominance,0.27,none,0.0,0.0,opposite_margin,0.0
empirical_structure,7,deberta-v3-base,pareto_98,Power: resources,0.14,none,0.0,0.0,opposite_margin,0.0
empirical_structure,7,deberta-v3-base,pareto_98,Face,0.18,none,0.0,0.0,opposite_margin,0.0
empirical_structure,7,deberta-v3-base,pareto_98,Security: personal,0.32,none,0.0,0.0,opposite_margin,0.0
empirical_structure,7,deberta-v3-base,pareto_98,Security: societal,0.48,none,0.0,0.0,opposite_margin,0.0
empirical_structure,7,deberta-v3-base,pareto_98,Tradition,0.12,none,0.0,0.0,opposite_margin,0.0
empirical_structure,7,deberta-v3-base,pareto_98,Conformity: rules,0.16,none,0.0,0.0,opposite_margin,0.0
empirical_structure,7,deberta-v3-base,pareto_98,Conformity: interpersonal,0.16,none,0.0,0.0,opposite_margin,0.0
empirical_structure,7,deberta-v3-base,pareto_98,Humility,0.02,none,0.0,0.0,opposite_margin,0.0
empirical_structure,7,deberta-v3-base,pareto_98,Benevolence: caring,0.1,none,0.0,0.0,opposite_margin,0.0
empirical_structure,7,deberta-v3-base,pareto_98,Benevolence: dependability,0.25,none,0.0,0.0,opposite_margin,0.0
empirical_structure,7,deberta-v3-base,pareto_98,Universalism: concern,0.16,none,0.0,0.0,opposite_margin,0.0
empirical_structure,7,deberta-v3-base,pareto_98,Universalism: nature,0.37,none,0.0,0.0,opposite_margin,0.0
empirical_structure,7,deberta-v3-base,pareto_98,Universalism: tolerance,0.16,none,0.0,0.0,opposite_margin,0.0
empirical_structure,7,deberta-v3-base,pareto_95,Self-direction: thought,0.05,opposite_suppression,0.5,0.0,opposite_margin,0.1
empirical_structure,7,deberta-v3-base,pareto_95,Self-direction: action,0.18,opposite_suppression,0.5,0.0,opposite_margin,0.1
empirical_structure,7,deberta-v3-base,pareto_95,Stimulation,0.16,opposite_suppression,0.5,0.0,opposite_margin,0.1
empirical_structure,7,deberta-v3-base,pareto_95,Hedonism,0.22,opposite_suppression,0.5,0.0,opposite_margin,0.1
empirical_structure,7,deberta-v3-base,pareto_95,Achievement,0.15,opposite_suppression,0.5,0.0,opposite_margin,0.1
empirical_structure,7,deberta-v3-base,pareto_95,Power: dominance,0.27,opposite_suppression,0.5,0.0,opposite_margin,0.1
empirical_structure,7,deberta-v3-base,pareto_95,Power: resources,0.14,opposite_suppression,0.5,0.0,opposite_margin,0.1
empirical_structure,7,deberta-v3-base,pareto_95,Face,0.18,opposite_suppression,0.5,0.0,opposite_margin,0.1
empirical_structure,7,deberta-v3-base,pareto_95,Security: personal,0.32,opposite_suppression,0.5,0.0,opposite_margin,0.1
empirical_structure,7,deberta-v3-base,pareto_95,Security: societal,0.48,opposite_suppression,0.5,0.0,opposite_margin,0.1
empirical_structure,7,deberta-v3-base,pareto_95,Tradition,0.12,opposite_suppression,0.5,0.0,opposite_margin,0.1
empirical_structure,7,deberta-v3-base,pareto_95,Conformity: rules,0.16,opposite_suppression,0.5,0.0,opposite_margin,0.1
empirical_structure,7,deberta-v3-base,pareto_95,Conformity: interpersonal,0.16,opposite_suppression,0.5,0.0,opposite_margin,0.1
empirical_structure,7,deberta-v3-base,pareto_95,Humility,0.02,opposite_suppression,0.5,0.0,opposite_margin,0.1
empirical_structure,7,deberta-v3-base,pareto_95,Benevolence: caring,0.1,opposite_suppression,0.5,0.0,opposite_margin,0.1
empirical_structure,7,deberta-v3-base,pareto_95,Benevolence: dependability,0.25,opposite_suppression,0.5,0.0,opposite_margin,0.1
empirical_structure,7,deberta-v3-base,pareto_95,Universalism: concern,0.16,opposite_suppression,0.5,0.0,opposite_margin,0.1
empirical_structure,7,deberta-v3-base,pareto_95,Universalism: nature,0.37,opposite_suppression,0.5,0.0,opposite_margin,0.1
empirical_structure,7,deberta-v3-base,pareto_95,Universalism: tolerance,0.16,opposite_suppression,0.5,0.0,opposite_margin,0.1
empirical_structure,11,deberta-v3-base,standard,Self-direction: thought,0.06,none,0.0,0.0,none,
empirical_structure,11,deberta-v3-base,standard,Self-direction: action,0.21,none,0.0,0.0,none,
empirical_structure,11,deberta-v3-base,standard,Stimulation,0.15,none,0.0,0.0,none,
empirical_structure,11,deberta-v3-base,standard,Hedonism,0.23,none,0.0,0.0,none,
empirical_structure,11,deberta-v3-base,standard,Achievement,0.14,none,0.0,0.0,none,
empirical_structure,11,deberta-v3-base,standard,Power: dominance,0.28,none,0.0,0.0,none,
empirical_structure,11,deberta-v3-base,standard,Power: resources,0.1,none,0.0,0.0,none,
empirical_structure,11,deberta-v3-base,standard,Face,0.07,none,0.0,0.0,none,
empirical_structure,11,deberta-v3-base,standard,Security: personal,0.1,none,0.0,0.0,none,
empirical_structure,11,deberta-v3-base,standard,Security: societal,0.28,none,0.0,0.0,none,
empirical_structure,11,deberta-v3-base,standard,Tradition,0.23,none,0.0,0.0,none,
empirical_structure,11,deberta-v3-base,standard,Conformity: rules,0.07,none,0.0,0.0,none,
empirical_structure,11,deberta-v3-base,standard,Conformity: interpersonal,0.08,none,0.0,0.0,none,
empirical_structure,11,deberta-v3-base,standard,Humility,0.01,none,0.0,0.0,none,
empirical_structure,11,deberta-v3-base,standard,Benevolence: caring,0.2,none,0.0,0.0,none,
empirical_structure,11,deberta-v3-base,standard,Benevolence: dependability,0.12,none,0.0,0.0,none,
empirical_structure,11,deberta-v3-base,standard,Universalism: concern,0.22,none,0.0,0.0,none,
empirical_structure,11,deberta-v3-base,standard,Universalism: nature,0.05,none,0.0,0.0,none,
empirical_structure,11,deberta-v3-base,standard,Universalism: tolerance,0.18,none,0.0,0.0,none,
empirical_structure,11,deberta-v3-base,f1,Self-direction: thought,0.06,none,0.0,0.0,none,
empirical_structure,11,deberta-v3-base,f1,Self-direction: action,0.21,none,0.0,0.0,none,
empirical_structure,11,deberta-v3-base,f1,Stimulation,0.15,none,0.0,0.0,none,
empirical_structure,11,deberta-v3-base,f1,Hedonism,0.23,none,0.0,0.0,none,
empirical_structure,11,deberta-v3-base,f1,Achievement,0.14,none,0.0,0.0,none,
empirical_structure,11,deberta-v3-base,f1,Power: dominance,0.28,none,0.0,0.0,none,
empirical_structure,11,deberta-v3-base,f1,Power: resources,0.1,none,0.0,0.0,none,
empirical_structure,11,deberta-v3-base,f1,Face,0.07,none,0.0,0.0,none,
empirical_structure,11,deberta-v3-base,f1,Security: personal,0.1,none,0.0,0.0,none,
empirical_structure,11,deberta-v3-base,f1,Security: societal,0.28,none,0.0,0.0,none,
empirical_structure,11,deberta-v3-base,f1,Tradition,0.23,none,0.0,0.0,none,
empirical_structure,11,deberta-v3-base,f1,Conformity: rules,0.07,none,0.0,0.0,none,
empirical_structure,11,deberta-v3-base,f1,Conformity: interpersonal,0.08,none,0.0,0.0,none,
empirical_structure,11,deberta-v3-base,f1,Humility,0.01,none,0.0,0.0,none,
empirical_structure,11,deberta-v3-base,f1,Benevolence: caring,0.2,none,0.0,0.0,none,
empirical_structure,11,deberta-v3-base,f1,Benevolence: dependability,0.12,none,0.0,0.0,none,
empirical_structure,11,deberta-v3-base,f1,Universalism: concern,0.22,none,0.0,0.0,none,
empirical_structure,11,deberta-v3-base,f1,Universalism: nature,0.05,none,0.0,0.0,none,
empirical_structure,11,deberta-v3-base,f1,Universalism: tolerance,0.18,none,0.0,0.0,none,
empirical_structure,11,deberta-v3-base,pareto_99,Self-direction: thought,0.06,none,0.0,0.0,opposite_margin,0.0
empirical_structure,11,deberta-v3-base,pareto_99,Self-direction: action,0.21,none,0.0,0.0,opposite_margin,0.0
empirical_structure,11,deberta-v3-base,pareto_99,Stimulation,0.15,none,0.0,0.0,opposite_margin,0.0
empirical_structure,11,deberta-v3-base,pareto_99,Hedonism,0.23,none,0.0,0.0,opposite_margin,0.0
empirical_structure,11,deberta-v3-base,pareto_99,Achievement,0.14,none,0.0,0.0,opposite_margin,0.0
empirical_structure,11,deberta-v3-base,pareto_99,Power: dominance,0.28,none,0.0,0.0,opposite_margin,0.0
empirical_structure,11,deberta-v3-base,pareto_99,Power: resources,0.1,none,0.0,0.0,opposite_margin,0.0
empirical_structure,11,deberta-v3-base,pareto_99,Face,0.07,none,0.0,0.0,opposite_margin,0.0
empirical_structure,11,deberta-v3-base,pareto_99,Security: personal,0.1,none,0.0,0.0,opposite_margin,0.0
empirical_structure,11,deberta-v3-base,pareto_99,Security: societal,0.28,none,0.0,0.0,opposite_margin,0.0
empirical_structure,11,deberta-v3-base,pareto_99,Tradition,0.23,none,0.0,0.0,opposite_margin,0.0
empirical_structure,11,deberta-v3-base,pareto_99,Conformity: rules,0.07,none,0.0,0.0,opposite_margin,0.0
empirical_structure,11,deberta-v3-base,pareto_99,Conformity: interpersonal,0.08,none,0.0,0.0,opposite_margin,0.0
empirical_structure,11,deberta-v3-base,pareto_99,Humility,0.01,none,0.0,0.0,opposite_margin,0.0
empirical_structure,11,deberta-v3-base,pareto_99,Benevolence: caring,0.2,none,0.0,0.0,opposite_margin,0.0
empirical_structure,11,deberta-v3-base,pareto_99,Benevolence: dependability,0.12,none,0.0,0.0,opposite_margin,0.0
empirical_structure,11,deberta-v3-base,pareto_99,Universalism: concern,0.22,none,0.0,0.0,opposite_margin,0.0
empirical_structure,11,deberta-v3-base,pareto_99,Universalism: nature,0.05,none,0.0,0.0,opposite_margin,0.0
empirical_structure,11,deberta-v3-base,pareto_99,Universalism: tolerance,0.18,none,0.0,0.0,opposite_margin,0.0
empirical_structure,11,deberta-v3-base,pareto_98,Self-direction: thought,0.06,none,0.0,0.0,opposite_margin,0.0
empirical_structure,11,deberta-v3-base,pareto_98,Self-direction: action,0.21,none,0.0,0.0,opposite_margin,0.0
empirical_structure,11,deberta-v3-base,pareto_98,Stimulation,0.15,none,0.0,0.0,opposite_margin,0.0
empirical_structure,11,deberta-v3-base,pareto_98,Hedonism,0.23,none,0.0,0.0,opposite_margin,0.0
empirical_structure,11,deberta-v3-base,pareto_98,Achievement,0.14,none,0.0,0.0,opposite_margin,0.0
empirical_structure,11,deberta-v3-base,pareto_98,Power: dominance,0.28,none,0.0,0.0,opposite_margin,0.0
empirical_structure,11,deberta-v3-base,pareto_98,Power: resources,0.1,none,0.0,0.0,opposite_margin,0.0
empirical_structure,11,deberta-v3-base,pareto_98,Face,0.07,none,0.0,0.0,opposite_margin,0.0
empirical_structure,11,deberta-v3-base,pareto_98,Security: personal,0.1,none,0.0,0.0,opposite_margin,0.0
empirical_structure,11,deberta-v3-base,pareto_98,Security: societal,0.28,none,0.0,0.0,opposite_margin,0.0
empirical_structure,11,deberta-v3-base,pareto_98,Tradition,0.23,none,0.0,0.0,opposite_margin,0.0
empirical_structure,11,deberta-v3-base,pareto_98,Conformity: rules,0.07,none,0.0,0.0,opposite_margin,0.0
empirical_structure,11,deberta-v3-base,pareto_98,Conformity: interpersonal,0.08,none,0.0,0.0,opposite_margin,0.0
empirical_structure,11,deberta-v3-base,pareto_98,Humility,0.01,none,0.0,0.0,opposite_margin,0.0
empirical_structure,11,deberta-v3-base,pareto_98,Benevolence: caring,0.2,none,0.0,0.0,opposite_margin,0.0
empirical_structure,11,deberta-v3-base,pareto_98,Benevolence: dependability,0.12,none,0.0,0.0,opposite_margin,0.0
empirical_structure,11,deberta-v3-base,pareto_98,Universalism: concern,0.22,none,0.0,0.0,opposite_margin,0.0
empirical_structure,11,deberta-v3-base,pareto_98,Universalism: nature,0.05,none,0.0,0.0,opposite_margin,0.0
empirical_structure,11,deberta-v3-base,pareto_98,Universalism: tolerance,0.18,none,0.0,0.0,opposite_margin,0.0
empirical_structure,11,deberta-v3-base,pareto_95,Self-direction: thought,0.06,opposite_suppression,0.5,0.0,opposite_margin,0.0
empirical_structure,11,deberta-v3-base,pareto_95,Self-direction: action,0.21,opposite_suppression,0.5,0.0,opposite_margin,0.0
empirical_structure,11,deberta-v3-base,pareto_95,Stimulation,0.15,opposite_suppression,0.5,0.0,opposite_margin,0.0
empirical_structure,11,deberta-v3-base,pareto_95,Hedonism,0.23,opposite_suppression,0.5,0.0,opposite_margin,0.0
empirical_structure,11,deberta-v3-base,pareto_95,Achievement,0.14,opposite_suppression,0.5,0.0,opposite_margin,0.0
empirical_structure,11,deberta-v3-base,pareto_95,Power: dominance,0.28,opposite_suppression,0.5,0.0,opposite_margin,0.0
empirical_structure,11,deberta-v3-base,pareto_95,Power: resources,0.1,opposite_suppression,0.5,0.0,opposite_margin,0.0
empirical_structure,11,deberta-v3-base,pareto_95,Face,0.07,opposite_suppression,0.5,0.0,opposite_margin,0.0
empirical_structure,11,deberta-v3-base,pareto_95,Security: personal,0.1,opposite_suppression,0.5,0.0,opposite_margin,0.0
empirical_structure,11,deberta-v3-base,pareto_95,Security: societal,0.28,opposite_suppression,0.5,0.0,opposite_margin,0.0
empirical_structure,11,deberta-v3-base,pareto_95,Tradition,0.23,opposite_suppression,0.5,0.0,opposite_margin,0.0
empirical_structure,11,deberta-v3-base,pareto_95,Conformity: rules,0.07,opposite_suppression,0.5,0.0,opposite_margin,0.0
empirical_structure,11,deberta-v3-base,pareto_95,Conformity: interpersonal,0.08,opposite_suppression,0.5,0.0,opposite_margin,0.0
empirical_structure,11,deberta-v3-base,pareto_95,Humility,0.01,opposite_suppression,0.5,0.0,opposite_margin,0.0
empirical_structure,11,deberta-v3-base,pareto_95,Benevolence: caring,0.2,opposite_suppression,0.5,0.0,opposite_margin,0.0
empirical_structure,11,deberta-v3-base,pareto_95,Benevolence: dependability,0.12,opposite_suppression,0.5,0.0,opposite_margin,0.0
empirical_structure,11,deberta-v3-base,pareto_95,Universalism: concern,0.22,opposite_suppression,0.5,0.0,opposite_margin,0.0
empirical_structure,11,deberta-v3-base,pareto_95,Universalism: nature,0.05,opposite_suppression,0.5,0.0,opposite_margin,0.0
empirical_structure,11,deberta-v3-base,pareto_95,Universalism: tolerance,0.18,opposite_suppression,0.5,0.0,opposite_margin,0.0
empirical_structure,42,deberta-v3-base,standard,Self-direction: thought,0.14,none,0.0,0.0,none,
empirical_structure,42,deberta-v3-base,standard,Self-direction: action,0.33,none,0.0,0.0,none,
empirical_structure,42,deberta-v3-base,standard,Stimulation,0.22,none,0.0,0.0,none,
empirical_structure,42,deberta-v3-base,standard,Hedonism,0.3,none,0.0,0.0,none,
empirical_structure,42,deberta-v3-base,standard,Achievement,0.06,none,0.0,0.0,none,
empirical_structure,42,deberta-v3-base,standard,Power: dominance,0.09,none,0.0,0.0,none,
empirical_structure,42,deberta-v3-base,standard,Power: resources,0.08,none,0.0,0.0,none,
empirical_structure,42,deberta-v3-base,standard,Face,0.22,none,0.0,0.0,none,
empirical_structure,42,deberta-v3-base,standard,Security: personal,0.3,none,0.0,0.0,none,
empirical_structure,42,deberta-v3-base,standard,Security: societal,0.35000000000000003,none,0.0,0.0,none,
empirical_structure,42,deberta-v3-base,standard,Tradition,0.34,none,0.0,0.0,none,
empirical_structure,42,deberta-v3-base,standard,Conformity: rules,0.28,none,0.0,0.0,none,
empirical_structure,42,deberta-v3-base,standard,Conformity: interpersonal,0.16,none,0.0,0.0,none,
empirical_structure,42,deberta-v3-base,standard,Humility,0.03,none,0.0,0.0,none,
empirical_structure,42,deberta-v3-base,standard,Benevolence: caring,0.09,none,0.0,0.0,none,
empirical_structure,42,deberta-v3-base,standard,Benevolence: dependability,0.38,none,0.0,0.0,none,
empirical_structure,42,deberta-v3-base,standard,Universalism: concern,0.13,none,0.0,0.0,none,
empirical_structure,42,deberta-v3-base,standard,Universalism: nature,0.24,none,0.0,0.0,none,
empirical_structure,42,deberta-v3-base,standard,Universalism: tolerance,0.1,none,0.0,0.0,none,
empirical_structure,42,deberta-v3-base,f1,Self-direction: thought,0.14,none,0.0,0.0,none,
empirical_structure,42,deberta-v3-base,f1,Self-direction: action,0.33,none,0.0,0.0,none,
empirical_structure,42,deberta-v3-base,f1,Stimulation,0.22,none,0.0,0.0,none,
empirical_structure,42,deberta-v3-base,f1,Hedonism,0.3,none,0.0,0.0,none,
empirical_structure,42,deberta-v3-base,f1,Achievement,0.06,none,0.0,0.0,none,
empirical_structure,42,deberta-v3-base,f1,Power: dominance,0.09,none,0.0,0.0,none,
empirical_structure,42,deberta-v3-base,f1,Power: resources,0.08,none,0.0,0.0,none,
empirical_structure,42,deberta-v3-base,f1,Face,0.22,none,0.0,0.0,none,
empirical_structure,42,deberta-v3-base,f1,Security: personal,0.3,none,0.0,0.0,none,
empirical_structure,42,deberta-v3-base,f1,Security: societal,0.35000000000000003,none,0.0,0.0,none,
empirical_structure,42,deberta-v3-base,f1,Tradition,0.34,none,0.0,0.0,none,
empirical_structure,42,deberta-v3-base,f1,Conformity: rules,0.28,none,0.0,0.0,none,
empirical_structure,42,deberta-v3-base,f1,Conformity: interpersonal,0.16,none,0.0,0.0,none,
empirical_structure,42,deberta-v3-base,f1,Humility,0.03,none,0.0,0.0,none,
empirical_structure,42,deberta-v3-base,f1,Benevolence: caring,0.09,none,0.0,0.0,none,
empirical_structure,42,deberta-v3-base,f1,Benevolence: dependability,0.38,none,0.0,0.0,none,
empirical_structure,42,deberta-v3-base,f1,Universalism: concern,0.13,none,0.0,0.0,none,
empirical_structure,42,deberta-v3-base,f1,Universalism: nature,0.24,none,0.0,0.0,none,
empirical_structure,42,deberta-v3-base,f1,Universalism: tolerance,0.1,none,0.0,0.0,none,
empirical_structure,42,deberta-v3-base,pareto_99,Self-direction: thought,0.14,none,0.0,0.0,opposite_margin,0.0
empirical_structure,42,deberta-v3-base,pareto_99,Self-direction: action,0.33,none,0.0,0.0,opposite_margin,0.0
empirical_structure,42,deberta-v3-base,pareto_99,Stimulation,0.22,none,0.0,0.0,opposite_margin,0.0
empirical_structure,42,deberta-v3-base,pareto_99,Hedonism,0.3,none,0.0,0.0,opposite_margin,0.0
empirical_structure,42,deberta-v3-base,pareto_99,Achievement,0.06,none,0.0,0.0,opposite_margin,0.0
empirical_structure,42,deberta-v3-base,pareto_99,Power: dominance,0.09,none,0.0,0.0,opposite_margin,0.0
empirical_structure,42,deberta-v3-base,pareto_99,Power: resources,0.08,none,0.0,0.0,opposite_margin,0.0
empirical_structure,42,deberta-v3-base,pareto_99,Face,0.22,none,0.0,0.0,opposite_margin,0.0
empirical_structure,42,deberta-v3-base,pareto_99,Security: personal,0.3,none,0.0,0.0,opposite_margin,0.0
empirical_structure,42,deberta-v3-base,pareto_99,Security: societal,0.35000000000000003,none,0.0,0.0,opposite_margin,0.0
empirical_structure,42,deberta-v3-base,pareto_99,Tradition,0.34,none,0.0,0.0,opposite_margin,0.0
empirical_structure,42,deberta-v3-base,pareto_99,Conformity: rules,0.28,none,0.0,0.0,opposite_margin,0.0
empirical_structure,42,deberta-v3-base,pareto_99,Conformity: interpersonal,0.16,none,0.0,0.0,opposite_margin,0.0
empirical_structure,42,deberta-v3-base,pareto_99,Humility,0.03,none,0.0,0.0,opposite_margin,0.0
empirical_structure,42,deberta-v3-base,pareto_99,Benevolence: caring,0.09,none,0.0,0.0,opposite_margin,0.0
empirical_structure,42,deberta-v3-base,pareto_99,Benevolence: dependability,0.38,none,0.0,0.0,opposite_margin,0.0
empirical_structure,42,deberta-v3-base,pareto_99,Universalism: concern,0.13,none,0.0,0.0,opposite_margin,0.0
empirical_structure,42,deberta-v3-base,pareto_99,Universalism: nature,0.24,none,0.0,0.0,opposite_margin,0.0
empirical_structure,42,deberta-v3-base,pareto_99,Universalism: tolerance,0.1,none,0.0,0.0,opposite_margin,0.0
empirical_structure,42,deberta-v3-base,pareto_98,Self-direction: thought,0.14,none,0.0,0.0,opposite_margin,0.0
empirical_structure,42,deberta-v3-base,pareto_98,Self-direction: action,0.33,none,0.0,0.0,opposite_margin,0.0
empirical_structure,42,deberta-v3-base,pareto_98,Stimulation,0.22,none,0.0,0.0,opposite_margin,0.0
empirical_structure,42,deberta-v3-base,pareto_98,Hedonism,0.3,none,0.0,0.0,opposite_margin,0.0
empirical_structure,42,deberta-v3-base,pareto_98,Achievement,0.06,none,0.0,0.0,opposite_margin,0.0
empirical_structure,42,deberta-v3-base,pareto_98,Power: dominance,0.09,none,0.0,0.0,opposite_margin,0.0
empirical_structure,42,deberta-v3-base,pareto_98,Power: resources,0.08,none,0.0,0.0,opposite_margin,0.0
empirical_structure,42,deberta-v3-base,pareto_98,Face,0.22,none,0.0,0.0,opposite_margin,0.0
empirical_structure,42,deberta-v3-base,pareto_98,Security: personal,0.3,none,0.0,0.0,opposite_margin,0.0
empirical_structure,42,deberta-v3-base,pareto_98,Security: societal,0.35000000000000003,none,0.0,0.0,opposite_margin,0.0
empirical_structure,42,deberta-v3-base,pareto_98,Tradition,0.34,none,0.0,0.0,opposite_margin,0.0
empirical_structure,42,deberta-v3-base,pareto_98,Conformity: rules,0.28,none,0.0,0.0,opposite_margin,0.0
empirical_structure,42,deberta-v3-base,pareto_98,Conformity: interpersonal,0.16,none,0.0,0.0,opposite_margin,0.0
empirical_structure,42,deberta-v3-base,pareto_98,Humility,0.03,none,0.0,0.0,opposite_margin,0.0
empirical_structure,42,deberta-v3-base,pareto_98,Benevolence: caring,0.09,none,0.0,0.0,opposite_margin,0.0
empirical_structure,42,deberta-v3-base,pareto_98,Benevolence: dependability,0.38,none,0.0,0.0,opposite_margin,0.0
empirical_structure,42,deberta-v3-base,pareto_98,Universalism: concern,0.13,none,0.0,0.0,opposite_margin,0.0
empirical_structure,42,deberta-v3-base,pareto_98,Universalism: nature,0.24,none,0.0,0.0,opposite_margin,0.0
empirical_structure,42,deberta-v3-base,pareto_98,Universalism: tolerance,0.1,none,0.0,0.0,opposite_margin,0.0
empirical_structure,42,deberta-v3-base,pareto_95,Self-direction: thought,0.14,opposite_suppression,1.0,0.0,opposite_margin,0.0
empirical_structure,42,deberta-v3-base,pareto_95,Self-direction: action,0.33,opposite_suppression,1.0,0.0,opposite_margin,0.0
empirical_structure,42,deberta-v3-base,pareto_95,Stimulation,0.22,opposite_suppression,1.0,0.0,opposite_margin,0.0
empirical_structure,42,deberta-v3-base,pareto_95,Hedonism,0.3,opposite_suppression,1.0,0.0,opposite_margin,0.0
empirical_structure,42,deberta-v3-base,pareto_95,Achievement,0.06,opposite_suppression,1.0,0.0,opposite_margin,0.0
empirical_structure,42,deberta-v3-base,pareto_95,Power: dominance,0.09,opposite_suppression,1.0,0.0,opposite_margin,0.0
empirical_structure,42,deberta-v3-base,pareto_95,Power: resources,0.08,opposite_suppression,1.0,0.0,opposite_margin,0.0
empirical_structure,42,deberta-v3-base,pareto_95,Face,0.22,opposite_suppression,1.0,0.0,opposite_margin,0.0
empirical_structure,42,deberta-v3-base,pareto_95,Security: personal,0.3,opposite_suppression,1.0,0.0,opposite_margin,0.0
empirical_structure,42,deberta-v3-base,pareto_95,Security: societal,0.35000000000000003,opposite_suppression,1.0,0.0,opposite_margin,0.0
empirical_structure,42,deberta-v3-base,pareto_95,Tradition,0.34,opposite_suppression,1.0,0.0,opposite_margin,0.0
empirical_structure,42,deberta-v3-base,pareto_95,Conformity: rules,0.28,opposite_suppression,1.0,0.0,opposite_margin,0.0
empirical_structure,42,deberta-v3-base,pareto_95,Conformity: interpersonal,0.16,opposite_suppression,1.0,0.0,opposite_margin,0.0
empirical_structure,42,deberta-v3-base,pareto_95,Humility,0.03,opposite_suppression,1.0,0.0,opposite_margin,0.0
empirical_structure,42,deberta-v3-base,pareto_95,Benevolence: caring,0.09,opposite_suppression,1.0,0.0,opposite_margin,0.0
empirical_structure,42,deberta-v3-base,pareto_95,Benevolence: dependability,0.38,opposite_suppression,1.0,0.0,opposite_margin,0.0
empirical_structure,42,deberta-v3-base,pareto_95,Universalism: concern,0.13,opposite_suppression,1.0,0.0,opposite_margin,0.0
empirical_structure,42,deberta-v3-base,pareto_95,Universalism: nature,0.24,opposite_suppression,1.0,0.0,opposite_margin,0.0
empirical_structure,42,deberta-v3-base,pareto_95,Universalism: tolerance,0.1,opposite_suppression,1.0,0.0,opposite_margin,0.0
empirical_structure,1701,deberta-v3-base,standard,Self-direction: thought,0.15,none,0.0,0.0,none,
empirical_structure,1701,deberta-v3-base,standard,Self-direction: action,0.26,none,0.0,0.0,none,
empirical_structure,1701,deberta-v3-base,standard,Stimulation,0.29,none,0.0,0.0,none,
empirical_structure,1701,deberta-v3-base,standard,Hedonism,0.4,none,0.0,0.0,none,
empirical_structure,1701,deberta-v3-base,standard,Achievement,0.2,none,0.0,0.0,none,
empirical_structure,1701,deberta-v3-base,standard,Power: dominance,0.17,none,0.0,0.0,none,
empirical_structure,1701,deberta-v3-base,standard,Power: resources,0.1,none,0.0,0.0,none,
empirical_structure,1701,deberta-v3-base,standard,Face,0.23,none,0.0,0.0,none,
empirical_structure,1701,deberta-v3-base,standard,Security: personal,0.16,none,0.0,0.0,none,
empirical_structure,1701,deberta-v3-base,standard,Security: societal,0.3,none,0.0,0.0,none,
empirical_structure,1701,deberta-v3-base,standard,Tradition,0.27,none,0.0,0.0,none,
empirical_structure,1701,deberta-v3-base,standard,Conformity: rules,0.16,none,0.0,0.0,none,
empirical_structure,1701,deberta-v3-base,standard,Conformity: interpersonal,0.18,none,0.0,0.0,none,
empirical_structure,1701,deberta-v3-base,standard,Humility,0.03,none,0.0,0.0,none,
empirical_structure,1701,deberta-v3-base,standard,Benevolence: caring,0.12,none,0.0,0.0,none,
empirical_structure,1701,deberta-v3-base,standard,Benevolence: dependability,0.2,none,0.0,0.0,none,
empirical_structure,1701,deberta-v3-base,standard,Universalism: concern,0.23,none,0.0,0.0,none,
empirical_structure,1701,deberta-v3-base,standard,Universalism: nature,0.07,none,0.0,0.0,none,
empirical_structure,1701,deberta-v3-base,standard,Universalism: tolerance,0.09,none,0.0,0.0,none,
empirical_structure,1701,deberta-v3-base,f1,Self-direction: thought,0.15,none,0.0,0.0,opposite_margin,0.1
empirical_structure,1701,deberta-v3-base,f1,Self-direction: action,0.26,none,0.0,0.0,opposite_margin,0.1
empirical_structure,1701,deberta-v3-base,f1,Stimulation,0.29,none,0.0,0.0,opposite_margin,0.1
empirical_structure,1701,deberta-v3-base,f1,Hedonism,0.4,none,0.0,0.0,opposite_margin,0.1
empirical_structure,1701,deberta-v3-base,f1,Achievement,0.2,none,0.0,0.0,opposite_margin,0.1
empirical_structure,1701,deberta-v3-base,f1,Power: dominance,0.17,none,0.0,0.0,opposite_margin,0.1
empirical_structure,1701,deberta-v3-base,f1,Power: resources,0.1,none,0.0,0.0,opposite_margin,0.1
empirical_structure,1701,deberta-v3-base,f1,Face,0.23,none,0.0,0.0,opposite_margin,0.1
empirical_structure,1701,deberta-v3-base,f1,Security: personal,0.16,none,0.0,0.0,opposite_margin,0.1
empirical_structure,1701,deberta-v3-base,f1,Security: societal,0.3,none,0.0,0.0,opposite_margin,0.1
empirical_structure,1701,deberta-v3-base,f1,Tradition,0.27,none,0.0,0.0,opposite_margin,0.1
empirical_structure,1701,deberta-v3-base,f1,Conformity: rules,0.16,none,0.0,0.0,opposite_margin,0.1
empirical_structure,1701,deberta-v3-base,f1,Conformity: interpersonal,0.18,none,0.0,0.0,opposite_margin,0.1
empirical_structure,1701,deberta-v3-base,f1,Humility,0.03,none,0.0,0.0,opposite_margin,0.1
empirical_structure,1701,deberta-v3-base,f1,Benevolence: caring,0.12,none,0.0,0.0,opposite_margin,0.1
empirical_structure,1701,deberta-v3-base,f1,Benevolence: dependability,0.2,none,0.0,0.0,opposite_margin,0.1
empirical_structure,1701,deberta-v3-base,f1,Universalism: concern,0.23,none,0.0,0.0,opposite_margin,0.1
empirical_structure,1701,deberta-v3-base,f1,Universalism: nature,0.07,none,0.0,0.0,opposite_margin,0.1
empirical_structure,1701,deberta-v3-base,f1,Universalism: tolerance,0.09,none,0.0,0.0,opposite_margin,0.1
empirical_structure,1701,deberta-v3-base,pareto_99,Self-direction: thought,0.15,none,0.0,0.0,opposite_margin,0.0
empirical_structure,1701,deberta-v3-base,pareto_99,Self-direction: action,0.26,none,0.0,0.0,opposite_margin,0.0
empirical_structure,1701,deberta-v3-base,pareto_99,Stimulation,0.29,none,0.0,0.0,opposite_margin,0.0
empirical_structure,1701,deberta-v3-base,pareto_99,Hedonism,0.4,none,0.0,0.0,opposite_margin,0.0
empirical_structure,1701,deberta-v3-base,pareto_99,Achievement,0.2,none,0.0,0.0,opposite_margin,0.0
empirical_structure,1701,deberta-v3-base,pareto_99,Power: dominance,0.17,none,0.0,0.0,opposite_margin,0.0
empirical_structure,1701,deberta-v3-base,pareto_99,Power: resources,0.1,none,0.0,0.0,opposite_margin,0.0
empirical_structure,1701,deberta-v3-base,pareto_99,Face,0.23,none,0.0,0.0,opposite_margin,0.0
empirical_structure,1701,deberta-v3-base,pareto_99,Security: personal,0.16,none,0.0,0.0,opposite_margin,0.0
empirical_structure,1701,deberta-v3-base,pareto_99,Security: societal,0.3,none,0.0,0.0,opposite_margin,0.0
empirical_structure,1701,deberta-v3-base,pareto_99,Tradition,0.27,none,0.0,0.0,opposite_margin,0.0
empirical_structure,1701,deberta-v3-base,pareto_99,Conformity: rules,0.16,none,0.0,0.0,opposite_margin,0.0
empirical_structure,1701,deberta-v3-base,pareto_99,Conformity: interpersonal,0.18,none,0.0,0.0,opposite_margin,0.0
empirical_structure,1701,deberta-v3-base,pareto_99,Humility,0.03,none,0.0,0.0,opposite_margin,0.0
empirical_structure,1701,deberta-v3-base,pareto_99,Benevolence: caring,0.12,none,0.0,0.0,opposite_margin,0.0
empirical_structure,1701,deberta-v3-base,pareto_99,Benevolence: dependability,0.2,none,0.0,0.0,opposite_margin,0.0
empirical_structure,1701,deberta-v3-base,pareto_99,Universalism: concern,0.23,none,0.0,0.0,opposite_margin,0.0
empirical_structure,1701,deberta-v3-base,pareto_99,Universalism: nature,0.07,none,0.0,0.0,opposite_margin,0.0
empirical_structure,1701,deberta-v3-base,pareto_99,Universalism: tolerance,0.09,none,0.0,0.0,opposite_margin,0.0
empirical_structure,1701,deberta-v3-base,pareto_98,Self-direction: thought,0.15,none,0.0,0.0,opposite_margin,0.0
empirical_structure,1701,deberta-v3-base,pareto_98,Self-direction: action,0.26,none,0.0,0.0,opposite_margin,0.0
empirical_structure,1701,deberta-v3-base,pareto_98,Stimulation,0.29,none,0.0,0.0,opposite_margin,0.0
empirical_structure,1701,deberta-v3-base,pareto_98,Hedonism,0.4,none,0.0,0.0,opposite_margin,0.0
empirical_structure,1701,deberta-v3-base,pareto_98,Achievement,0.2,none,0.0,0.0,opposite_margin,0.0
empirical_structure,1701,deberta-v3-base,pareto_98,Power: dominance,0.17,none,0.0,0.0,opposite_margin,0.0
empirical_structure,1701,deberta-v3-base,pareto_98,Power: resources,0.1,none,0.0,0.0,opposite_margin,0.0
empirical_structure,1701,deberta-v3-base,pareto_98,Face,0.23,none,0.0,0.0,opposite_margin,0.0
empirical_structure,1701,deberta-v3-base,pareto_98,Security: personal,0.16,none,0.0,0.0,opposite_margin,0.0
empirical_structure,1701,deberta-v3-base,pareto_98,Security: societal,0.3,none,0.0,0.0,opposite_margin,0.0
empirical_structure,1701,deberta-v3-base,pareto_98,Tradition,0.27,none,0.0,0.0,opposite_margin,0.0
empirical_structure,1701,deberta-v3-base,pareto_98,Conformity: rules,0.16,none,0.0,0.0,opposite_margin,0.0
empirical_structure,1701,deberta-v3-base,pareto_98,Conformity: interpersonal,0.18,none,0.0,0.0,opposite_margin,0.0
empirical_structure,1701,deberta-v3-base,pareto_98,Humility,0.03,none,0.0,0.0,opposite_margin,0.0
empirical_structure,1701,deberta-v3-base,pareto_98,Benevolence: caring,0.12,none,0.0,0.0,opposite_margin,0.0
empirical_structure,1701,deberta-v3-base,pareto_98,Benevolence: dependability,0.2,none,0.0,0.0,opposite_margin,0.0
empirical_structure,1701,deberta-v3-base,pareto_98,Universalism: concern,0.23,none,0.0,0.0,opposite_margin,0.0
empirical_structure,1701,deberta-v3-base,pareto_98,Universalism: nature,0.07,none,0.0,0.0,opposite_margin,0.0
empirical_structure,1701,deberta-v3-base,pareto_98,Universalism: tolerance,0.09,none,0.0,0.0,opposite_margin,0.0
empirical_structure,1701,deberta-v3-base,pareto_95,Self-direction: thought,0.15,opposite_suppression,0.5,0.0,opposite_margin,0.0
empirical_structure,1701,deberta-v3-base,pareto_95,Self-direction: action,0.26,opposite_suppression,0.5,0.0,opposite_margin,0.0
empirical_structure,1701,deberta-v3-base,pareto_95,Stimulation,0.29,opposite_suppression,0.5,0.0,opposite_margin,0.0
empirical_structure,1701,deberta-v3-base,pareto_95,Hedonism,0.4,opposite_suppression,0.5,0.0,opposite_margin,0.0
empirical_structure,1701,deberta-v3-base,pareto_95,Achievement,0.2,opposite_suppression,0.5,0.0,opposite_margin,0.0
empirical_structure,1701,deberta-v3-base,pareto_95,Power: dominance,0.17,opposite_suppression,0.5,0.0,opposite_margin,0.0
empirical_structure,1701,deberta-v3-base,pareto_95,Power: resources,0.1,opposite_suppression,0.5,0.0,opposite_margin,0.0
empirical_structure,1701,deberta-v3-base,pareto_95,Face,0.23,opposite_suppression,0.5,0.0,opposite_margin,0.0
empirical_structure,1701,deberta-v3-base,pareto_95,Security: personal,0.16,opposite_suppression,0.5,0.0,opposite_margin,0.0
empirical_structure,1701,deberta-v3-base,pareto_95,Security: societal,0.3,opposite_suppression,0.5,0.0,opposite_margin,0.0
empirical_structure,1701,deberta-v3-base,pareto_95,Tradition,0.27,opposite_suppression,0.5,0.0,opposite_margin,0.0
empirical_structure,1701,deberta-v3-base,pareto_95,Conformity: rules,0.16,opposite_suppression,0.5,0.0,opposite_margin,0.0
empirical_structure,1701,deberta-v3-base,pareto_95,Conformity: interpersonal,0.18,opposite_suppression,0.5,0.0,opposite_margin,0.0
empirical_structure,1701,deberta-v3-base,pareto_95,Humility,0.03,opposite_suppression,0.5,0.0,opposite_margin,0.0
empirical_structure,1701,deberta-v3-base,pareto_95,Benevolence: caring,0.12,opposite_suppression,0.5,0.0,opposite_margin,0.0
empirical_structure,1701,deberta-v3-base,pareto_95,Benevolence: dependability,0.2,opposite_suppression,0.5,0.0,opposite_margin,0.0
empirical_structure,1701,deberta-v3-base,pareto_95,Universalism: concern,0.23,opposite_suppression,0.5,0.0,opposite_margin,0.0
empirical_structure,1701,deberta-v3-base,pareto_95,Universalism: nature,0.07,opposite_suppression,0.5,0.0,opposite_margin,0.0
empirical_structure,1701,deberta-v3-base,pareto_95,Universalism: tolerance,0.09,opposite_suppression,0.5,0.0,opposite_margin,0.0
empirical_structure,1984,deberta-v3-base,standard,Self-direction: thought,0.06,none,0.0,0.0,none,
empirical_structure,1984,deberta-v3-base,standard,Self-direction: action,0.11,none,0.0,0.0,none,
empirical_structure,1984,deberta-v3-base,standard,Stimulation,0.23,none,0.0,0.0,none,
empirical_structure,1984,deberta-v3-base,standard,Hedonism,0.21,none,0.0,0.0,none,
empirical_structure,1984,deberta-v3-base,standard,Achievement,0.12,none,0.0,0.0,none,
empirical_structure,1984,deberta-v3-base,standard,Power: dominance,0.31,none,0.0,0.0,none,
empirical_structure,1984,deberta-v3-base,standard,Power: resources,0.08,none,0.0,0.0,none,
empirical_structure,1984,deberta-v3-base,standard,Face,0.1,none,0.0,0.0,none,
empirical_structure,1984,deberta-v3-base,standard,Security: personal,0.13,none,0.0,0.0,none,
empirical_structure,1984,deberta-v3-base,standard,Security: societal,0.28,none,0.0,0.0,none,
empirical_structure,1984,deberta-v3-base,standard,Tradition,0.08,none,0.0,0.0,none,
empirical_structure,1984,deberta-v3-base,standard,Conformity: rules,0.16,none,0.0,0.0,none,
empirical_structure,1984,deberta-v3-base,standard,Conformity: interpersonal,0.09,none,0.0,0.0,none,
empirical_structure,1984,deberta-v3-base,standard,Humility,0.02,none,0.0,0.0,none,
empirical_structure,1984,deberta-v3-base,standard,Benevolence: caring,0.1,none,0.0,0.0,none,
empirical_structure,1984,deberta-v3-base,standard,Benevolence: dependability,0.28,none,0.0,0.0,none,
empirical_structure,1984,deberta-v3-base,standard,Universalism: concern,0.25,none,0.0,0.0,none,
empirical_structure,1984,deberta-v3-base,standard,Universalism: nature,0.15,none,0.0,0.0,none,
empirical_structure,1984,deberta-v3-base,standard,Universalism: tolerance,0.19,none,0.0,0.0,none,
empirical_structure,1984,deberta-v3-base,f1,Self-direction: thought,0.06,none,0.0,0.0,none,
empirical_structure,1984,deberta-v3-base,f1,Self-direction: action,0.11,none,0.0,0.0,none,
empirical_structure,1984,deberta-v3-base,f1,Stimulation,0.23,none,0.0,0.0,none,
empirical_structure,1984,deberta-v3-base,f1,Hedonism,0.21,none,0.0,0.0,none,
empirical_structure,1984,deberta-v3-base,f1,Achievement,0.12,none,0.0,0.0,none,
empirical_structure,1984,deberta-v3-base,f1,Power: dominance,0.31,none,0.0,0.0,none,
empirical_structure,1984,deberta-v3-base,f1,Power: resources,0.08,none,0.0,0.0,none,
empirical_structure,1984,deberta-v3-base,f1,Face,0.1,none,0.0,0.0,none,
empirical_structure,1984,deberta-v3-base,f1,Security: personal,0.13,none,0.0,0.0,none,
empirical_structure,1984,deberta-v3-base,f1,Security: societal,0.28,none,0.0,0.0,none,
empirical_structure,1984,deberta-v3-base,f1,Tradition,0.08,none,0.0,0.0,none,
empirical_structure,1984,deberta-v3-base,f1,Conformity: rules,0.16,none,0.0,0.0,none,
empirical_structure,1984,deberta-v3-base,f1,Conformity: interpersonal,0.09,none,0.0,0.0,none,
empirical_structure,1984,deberta-v3-base,f1,Humility,0.02,none,0.0,0.0,none,
empirical_structure,1984,deberta-v3-base,f1,Benevolence: caring,0.1,none,0.0,0.0,none,
empirical_structure,1984,deberta-v3-base,f1,Benevolence: dependability,0.28,none,0.0,0.0,none,
empirical_structure,1984,deberta-v3-base,f1,Universalism: concern,0.25,none,0.0,0.0,none,
empirical_structure,1984,deberta-v3-base,f1,Universalism: nature,0.15,none,0.0,0.0,none,
empirical_structure,1984,deberta-v3-base,f1,Universalism: tolerance,0.19,none,0.0,0.0,none,
empirical_structure,1984,deberta-v3-base,pareto_99,Self-direction: thought,0.06,none,0.0,0.0,opposite_margin,0.1
empirical_structure,1984,deberta-v3-base,pareto_99,Self-direction: action,0.11,none,0.0,0.0,opposite_margin,0.1
empirical_structure,1984,deberta-v3-base,pareto_99,Stimulation,0.23,none,0.0,0.0,opposite_margin,0.1
empirical_structure,1984,deberta-v3-base,pareto_99,Hedonism,0.21,none,0.0,0.0,opposite_margin,0.1
empirical_structure,1984,deberta-v3-base,pareto_99,Achievement,0.12,none,0.0,0.0,opposite_margin,0.1
empirical_structure,1984,deberta-v3-base,pareto_99,Power: dominance,0.31,none,0.0,0.0,opposite_margin,0.1
empirical_structure,1984,deberta-v3-base,pareto_99,Power: resources,0.08,none,0.0,0.0,opposite_margin,0.1
empirical_structure,1984,deberta-v3-base,pareto_99,Face,0.1,none,0.0,0.0,opposite_margin,0.1
empirical_structure,1984,deberta-v3-base,pareto_99,Security: personal,0.13,none,0.0,0.0,opposite_margin,0.1
empirical_structure,1984,deberta-v3-base,pareto_99,Security: societal,0.28,none,0.0,0.0,opposite_margin,0.1
empirical_structure,1984,deberta-v3-base,pareto_99,Tradition,0.08,none,0.0,0.0,opposite_margin,0.1
empirical_structure,1984,deberta-v3-base,pareto_99,Conformity: rules,0.16,none,0.0,0.0,opposite_margin,0.1
empirical_structure,1984,deberta-v3-base,pareto_99,Conformity: interpersonal,0.09,none,0.0,0.0,opposite_margin,0.1
empirical_structure,1984,deberta-v3-base,pareto_99,Humility,0.02,none,0.0,0.0,opposite_margin,0.1
empirical_structure,1984,deberta-v3-base,pareto_99,Benevolence: caring,0.1,none,0.0,0.0,opposite_margin,0.1
empirical_structure,1984,deberta-v3-base,pareto_99,Benevolence: dependability,0.28,none,0.0,0.0,opposite_margin,0.1
empirical_structure,1984,deberta-v3-base,pareto_99,Universalism: concern,0.25,none,0.0,0.0,opposite_margin,0.1
empirical_structure,1984,deberta-v3-base,pareto_99,Universalism: nature,0.15,none,0.0,0.0,opposite_margin,0.1
empirical_structure,1984,deberta-v3-base,pareto_99,Universalism: tolerance,0.19,none,0.0,0.0,opposite_margin,0.1
empirical_structure,1984,deberta-v3-base,pareto_98,Self-direction: thought,0.06,none,0.0,0.0,opposite_margin,0.1
empirical_structure,1984,deberta-v3-base,pareto_98,Self-direction: action,0.11,none,0.0,0.0,opposite_margin,0.1
empirical_structure,1984,deberta-v3-base,pareto_98,Stimulation,0.23,none,0.0,0.0,opposite_margin,0.1
empirical_structure,1984,deberta-v3-base,pareto_98,Hedonism,0.21,none,0.0,0.0,opposite_margin,0.1
empirical_structure,1984,deberta-v3-base,pareto_98,Achievement,0.12,none,0.0,0.0,opposite_margin,0.1
empirical_structure,1984,deberta-v3-base,pareto_98,Power: dominance,0.31,none,0.0,0.0,opposite_margin,0.1
empirical_structure,1984,deberta-v3-base,pareto_98,Power: resources,0.08,none,0.0,0.0,opposite_margin,0.1
empirical_structure,1984,deberta-v3-base,pareto_98,Face,0.1,none,0.0,0.0,opposite_margin,0.1
empirical_structure,1984,deberta-v3-base,pareto_98,Security: personal,0.13,none,0.0,0.0,opposite_margin,0.1
empirical_structure,1984,deberta-v3-base,pareto_98,Security: societal,0.28,none,0.0,0.0,opposite_margin,0.1
empirical_structure,1984,deberta-v3-base,pareto_98,Tradition,0.08,none,0.0,0.0,opposite_margin,0.1
empirical_structure,1984,deberta-v3-base,pareto_98,Conformity: rules,0.16,none,0.0,0.0,opposite_margin,0.1
empirical_structure,1984,deberta-v3-base,pareto_98,Conformity: interpersonal,0.09,none,0.0,0.0,opposite_margin,0.1
empirical_structure,1984,deberta-v3-base,pareto_98,Humility,0.02,none,0.0,0.0,opposite_margin,0.1
empirical_structure,1984,deberta-v3-base,pareto_98,Benevolence: caring,0.1,none,0.0,0.0,opposite_margin,0.1
empirical_structure,1984,deberta-v3-base,pareto_98,Benevolence: dependability,0.28,none,0.0,0.0,opposite_margin,0.1
empirical_structure,1984,deberta-v3-base,pareto_98,Universalism: concern,0.25,none,0.0,0.0,opposite_margin,0.1
empirical_structure,1984,deberta-v3-base,pareto_98,Universalism: nature,0.15,none,0.0,0.0,opposite_margin,0.1
empirical_structure,1984,deberta-v3-base,pareto_98,Universalism: tolerance,0.19,none,0.0,0.0,opposite_margin,0.1
empirical_structure,1984,deberta-v3-base,pareto_95,Self-direction: thought,0.06,opposite_suppression,1.0,0.0,none,
empirical_structure,1984,deberta-v3-base,pareto_95,Self-direction: action,0.11,opposite_suppression,1.0,0.0,none,
empirical_structure,1984,deberta-v3-base,pareto_95,Stimulation,0.23,opposite_suppression,1.0,0.0,none,
empirical_structure,1984,deberta-v3-base,pareto_95,Hedonism,0.21,opposite_suppression,1.0,0.0,none,
empirical_structure,1984,deberta-v3-base,pareto_95,Achievement,0.12,opposite_suppression,1.0,0.0,none,
empirical_structure,1984,deberta-v3-base,pareto_95,Power: dominance,0.31,opposite_suppression,1.0,0.0,none,
empirical_structure,1984,deberta-v3-base,pareto_95,Power: resources,0.08,opposite_suppression,1.0,0.0,none,
empirical_structure,1984,deberta-v3-base,pareto_95,Face,0.1,opposite_suppression,1.0,0.0,none,
empirical_structure,1984,deberta-v3-base,pareto_95,Security: personal,0.13,opposite_suppression,1.0,0.0,none,
empirical_structure,1984,deberta-v3-base,pareto_95,Security: societal,0.28,opposite_suppression,1.0,0.0,none,
empirical_structure,1984,deberta-v3-base,pareto_95,Tradition,0.08,opposite_suppression,1.0,0.0,none,
empirical_structure,1984,deberta-v3-base,pareto_95,Conformity: rules,0.16,opposite_suppression,1.0,0.0,none,
empirical_structure,1984,deberta-v3-base,pareto_95,Conformity: interpersonal,0.09,opposite_suppression,1.0,0.0,none,
empirical_structure,1984,deberta-v3-base,pareto_95,Humility,0.02,opposite_suppression,1.0,0.0,none,
empirical_structure,1984,deberta-v3-base,pareto_95,Benevolence: caring,0.1,opposite_suppression,1.0,0.0,none,
empirical_structure,1984,deberta-v3-base,pareto_95,Benevolence: dependability,0.28,opposite_suppression,1.0,0.0,none,
empirical_structure,1984,deberta-v3-base,pareto_95,Universalism: concern,0.25,opposite_suppression,1.0,0.0,none,
empirical_structure,1984,deberta-v3-base,pareto_95,Universalism: nature,0.15,opposite_suppression,1.0,0.0,none,
empirical_structure,1984,deberta-v3-base,pareto_95,Universalism: tolerance,0.19,opposite_suppression,1.0,0.0,none,
random_geoloss,7,deberta-v3-base,standard,Self-direction: thought,0.11,none,0.0,0.0,none,
random_geoloss,7,deberta-v3-base,standard,Self-direction: action,0.17,none,0.0,0.0,none,
random_geoloss,7,deberta-v3-base,standard,Stimulation,0.12,none,0.0,0.0,none,
random_geoloss,7,deberta-v3-base,standard,Hedonism,0.43,none,0.0,0.0,none,
random_geoloss,7,deberta-v3-base,standard,Achievement,0.14,none,0.0,0.0,none,
random_geoloss,7,deberta-v3-base,standard,Power: dominance,0.13,none,0.0,0.0,none,
random_geoloss,7,deberta-v3-base,standard,Power: resources,0.34,none,0.0,0.0,none,
random_geoloss,7,deberta-v3-base,standard,Face,0.17,none,0.0,0.0,none,
random_geoloss,7,deberta-v3-base,standard,Security: personal,0.32,none,0.0,0.0,none,
random_geoloss,7,deberta-v3-base,standard,Security: societal,0.22,none,0.0,0.0,none,
random_geoloss,7,deberta-v3-base,standard,Tradition,0.07,none,0.0,0.0,none,
random_geoloss,7,deberta-v3-base,standard,Conformity: rules,0.34,none,0.0,0.0,none,
random_geoloss,7,deberta-v3-base,standard,Conformity: interpersonal,0.27,none,0.0,0.0,none,
random_geoloss,7,deberta-v3-base,standard,Humility,0.05,none,0.0,0.0,none,
random_geoloss,7,deberta-v3-base,standard,Benevolence: caring,0.12,none,0.0,0.0,none,
random_geoloss,7,deberta-v3-base,standard,Benevolence: dependability,0.19,none,0.0,0.0,none,
random_geoloss,7,deberta-v3-base,standard,Universalism: concern,0.11,none,0.0,0.0,none,
random_geoloss,7,deberta-v3-base,standard,Universalism: nature,0.05,none,0.0,0.0,none,
random_geoloss,7,deberta-v3-base,standard,Universalism: tolerance,0.08,none,0.0,0.0,none,
random_geoloss,7,deberta-v3-base,f1,Self-direction: thought,0.11,none,0.0,0.0,none,
random_geoloss,7,deberta-v3-base,f1,Self-direction: action,0.17,none,0.0,0.0,none,
random_geoloss,7,deberta-v3-base,f1,Stimulation,0.12,none,0.0,0.0,none,
random_geoloss,7,deberta-v3-base,f1,Hedonism,0.43,none,0.0,0.0,none,
random_geoloss,7,deberta-v3-base,f1,Achievement,0.14,none,0.0,0.0,none,
random_geoloss,7,deberta-v3-base,f1,Power: dominance,0.13,none,0.0,0.0,none,
random_geoloss,7,deberta-v3-base,f1,Power: resources,0.34,none,0.0,0.0,none,
random_geoloss,7,deberta-v3-base,f1,Face,0.17,none,0.0,0.0,none,
random_geoloss,7,deberta-v3-base,f1,Security: personal,0.32,none,0.0,0.0,none,
random_geoloss,7,deberta-v3-base,f1,Security: societal,0.22,none,0.0,0.0,none,
random_geoloss,7,deberta-v3-base,f1,Tradition,0.07,none,0.0,0.0,none,
random_geoloss,7,deberta-v3-base,f1,Conformity: rules,0.34,none,0.0,0.0,none,
random_geoloss,7,deberta-v3-base,f1,Conformity: interpersonal,0.27,none,0.0,0.0,none,
random_geoloss,7,deberta-v3-base,f1,Humility,0.05,none,0.0,0.0,none,
random_geoloss,7,deberta-v3-base,f1,Benevolence: caring,0.12,none,0.0,0.0,none,
random_geoloss,7,deberta-v3-base,f1,Benevolence: dependability,0.19,none,0.0,0.0,none,
random_geoloss,7,deberta-v3-base,f1,Universalism: concern,0.11,none,0.0,0.0,none,
random_geoloss,7,deberta-v3-base,f1,Universalism: nature,0.05,none,0.0,0.0,none,
random_geoloss,7,deberta-v3-base,f1,Universalism: tolerance,0.08,none,0.0,0.0,none,
random_geoloss,7,deberta-v3-base,pareto_99,Self-direction: thought,0.11,none,0.0,0.0,opposite_margin,0.0
random_geoloss,7,deberta-v3-base,pareto_99,Self-direction: action,0.17,none,0.0,0.0,opposite_margin,0.0
random_geoloss,7,deberta-v3-base,pareto_99,Stimulation,0.12,none,0.0,0.0,opposite_margin,0.0
random_geoloss,7,deberta-v3-base,pareto_99,Hedonism,0.43,none,0.0,0.0,opposite_margin,0.0
random_geoloss,7,deberta-v3-base,pareto_99,Achievement,0.14,none,0.0,0.0,opposite_margin,0.0
random_geoloss,7,deberta-v3-base,pareto_99,Power: dominance,0.13,none,0.0,0.0,opposite_margin,0.0
random_geoloss,7,deberta-v3-base,pareto_99,Power: resources,0.34,none,0.0,0.0,opposite_margin,0.0
random_geoloss,7,deberta-v3-base,pareto_99,Face,0.17,none,0.0,0.0,opposite_margin,0.0
random_geoloss,7,deberta-v3-base,pareto_99,Security: personal,0.32,none,0.0,0.0,opposite_margin,0.0
random_geoloss,7,deberta-v3-base,pareto_99,Security: societal,0.22,none,0.0,0.0,opposite_margin,0.0
random_geoloss,7,deberta-v3-base,pareto_99,Tradition,0.07,none,0.0,0.0,opposite_margin,0.0
random_geoloss,7,deberta-v3-base,pareto_99,Conformity: rules,0.34,none,0.0,0.0,opposite_margin,0.0
random_geoloss,7,deberta-v3-base,pareto_99,Conformity: interpersonal,0.27,none,0.0,0.0,opposite_margin,0.0
random_geoloss,7,deberta-v3-base,pareto_99,Humility,0.05,none,0.0,0.0,opposite_margin,0.0
random_geoloss,7,deberta-v3-base,pareto_99,Benevolence: caring,0.12,none,0.0,0.0,opposite_margin,0.0
random_geoloss,7,deberta-v3-base,pareto_99,Benevolence: dependability,0.19,none,0.0,0.0,opposite_margin,0.0
random_geoloss,7,deberta-v3-base,pareto_99,Universalism: concern,0.11,none,0.0,0.0,opposite_margin,0.0
random_geoloss,7,deberta-v3-base,pareto_99,Universalism: nature,0.05,none,0.0,0.0,opposite_margin,0.0
random_geoloss,7,deberta-v3-base,pareto_99,Universalism: tolerance,0.08,none,0.0,0.0,opposite_margin,0.0
random_geoloss,7,deberta-v3-base,pareto_98,Self-direction: thought,0.11,none,0.0,0.0,opposite_margin,0.0
random_geoloss,7,deberta-v3-base,pareto_98,Self-direction: action,0.17,none,0.0,0.0,opposite_margin,0.0
random_geoloss,7,deberta-v3-base,pareto_98,Stimulation,0.12,none,0.0,0.0,opposite_margin,0.0
random_geoloss,7,deberta-v3-base,pareto_98,Hedonism,0.43,none,0.0,0.0,opposite_margin,0.0
random_geoloss,7,deberta-v3-base,pareto_98,Achievement,0.14,none,0.0,0.0,opposite_margin,0.0
random_geoloss,7,deberta-v3-base,pareto_98,Power: dominance,0.13,none,0.0,0.0,opposite_margin,0.0
random_geoloss,7,deberta-v3-base,pareto_98,Power: resources,0.34,none,0.0,0.0,opposite_margin,0.0
random_geoloss,7,deberta-v3-base,pareto_98,Face,0.17,none,0.0,0.0,opposite_margin,0.0
random_geoloss,7,deberta-v3-base,pareto_98,Security: personal,0.32,none,0.0,0.0,opposite_margin,0.0
random_geoloss,7,deberta-v3-base,pareto_98,Security: societal,0.22,none,0.0,0.0,opposite_margin,0.0
random_geoloss,7,deberta-v3-base,pareto_98,Tradition,0.07,none,0.0,0.0,opposite_margin,0.0
random_geoloss,7,deberta-v3-base,pareto_98,Conformity: rules,0.34,none,0.0,0.0,opposite_margin,0.0
random_geoloss,7,deberta-v3-base,pareto_98,Conformity: interpersonal,0.27,none,0.0,0.0,opposite_margin,0.0
random_geoloss,7,deberta-v3-base,pareto_98,Humility,0.05,none,0.0,0.0,opposite_margin,0.0
random_geoloss,7,deberta-v3-base,pareto_98,Benevolence: caring,0.12,none,0.0,0.0,opposite_margin,0.0
random_geoloss,7,deberta-v3-base,pareto_98,Benevolence: dependability,0.19,none,0.0,0.0,opposite_margin,0.0
random_geoloss,7,deberta-v3-base,pareto_98,Universalism: concern,0.11,none,0.0,0.0,opposite_margin,0.0
random_geoloss,7,deberta-v3-base,pareto_98,Universalism: nature,0.05,none,0.0,0.0,opposite_margin,0.0
random_geoloss,7,deberta-v3-base,pareto_98,Universalism: tolerance,0.08,none,0.0,0.0,opposite_margin,0.0
random_geoloss,7,deberta-v3-base,pareto_95,Self-direction: thought,0.11,opposite_suppression,1.0,0.0,none,
random_geoloss,7,deberta-v3-base,pareto_95,Self-direction: action,0.17,opposite_suppression,1.0,0.0,none,
random_geoloss,7,deberta-v3-base,pareto_95,Stimulation,0.12,opposite_suppression,1.0,0.0,none,
random_geoloss,7,deberta-v3-base,pareto_95,Hedonism,0.43,opposite_suppression,1.0,0.0,none,
random_geoloss,7,deberta-v3-base,pareto_95,Achievement,0.14,opposite_suppression,1.0,0.0,none,
random_geoloss,7,deberta-v3-base,pareto_95,Power: dominance,0.13,opposite_suppression,1.0,0.0,none,
random_geoloss,7,deberta-v3-base,pareto_95,Power: resources,0.34,opposite_suppression,1.0,0.0,none,
random_geoloss,7,deberta-v3-base,pareto_95,Face,0.17,opposite_suppression,1.0,0.0,none,
random_geoloss,7,deberta-v3-base,pareto_95,Security: personal,0.32,opposite_suppression,1.0,0.0,none,
random_geoloss,7,deberta-v3-base,pareto_95,Security: societal,0.22,opposite_suppression,1.0,0.0,none,
random_geoloss,7,deberta-v3-base,pareto_95,Tradition,0.07,opposite_suppression,1.0,0.0,none,
random_geoloss,7,deberta-v3-base,pareto_95,Conformity: rules,0.34,opposite_suppression,1.0,0.0,none,
random_geoloss,7,deberta-v3-base,pareto_95,Conformity: interpersonal,0.27,opposite_suppression,1.0,0.0,none,
random_geoloss,7,deberta-v3-base,pareto_95,Humility,0.05,opposite_suppression,1.0,0.0,none,
random_geoloss,7,deberta-v3-base,pareto_95,Benevolence: caring,0.12,opposite_suppression,1.0,0.0,none,
random_geoloss,7,deberta-v3-base,pareto_95,Benevolence: dependability,0.19,opposite_suppression,1.0,0.0,none,
random_geoloss,7,deberta-v3-base,pareto_95,Universalism: concern,0.11,opposite_suppression,1.0,0.0,none,
random_geoloss,7,deberta-v3-base,pareto_95,Universalism: nature,0.05,opposite_suppression,1.0,0.0,none,
random_geoloss,7,deberta-v3-base,pareto_95,Universalism: tolerance,0.08,opposite_suppression,1.0,0.0,none,
random_geoloss,11,deberta-v3-base,standard,Self-direction: thought,0.06,none,0.0,0.0,none,
random_geoloss,11,deberta-v3-base,standard,Self-direction: action,0.22,none,0.0,0.0,none,
random_geoloss,11,deberta-v3-base,standard,Stimulation,0.16,none,0.0,0.0,none,
random_geoloss,11,deberta-v3-base,standard,Hedonism,0.43,none,0.0,0.0,none,
random_geoloss,11,deberta-v3-base,standard,Achievement,0.15,none,0.0,0.0,none,
random_geoloss,11,deberta-v3-base,standard,Power: dominance,0.16,none,0.0,0.0,none,
random_geoloss,11,deberta-v3-base,standard,Power: resources,0.07,none,0.0,0.0,none,
random_geoloss,11,deberta-v3-base,standard,Face,0.11,none,0.0,0.0,none,
random_geoloss,11,deberta-v3-base,standard,Security: personal,0.29,none,0.0,0.0,none,
random_geoloss,11,deberta-v3-base,standard,Security: societal,0.26,none,0.0,0.0,none,
random_geoloss,11,deberta-v3-base,standard,Tradition,0.17,none,0.0,0.0,none,
random_geoloss,11,deberta-v3-base,standard,Conformity: rules,0.1,none,0.0,0.0,none,
random_geoloss,11,deberta-v3-base,standard,Conformity: interpersonal,0.1,none,0.0,0.0,none,
random_geoloss,11,deberta-v3-base,standard,Humility,0.02,none,0.0,0.0,none,
random_geoloss,11,deberta-v3-base,standard,Benevolence: caring,0.27,none,0.0,0.0,none,
random_geoloss,11,deberta-v3-base,standard,Benevolence: dependability,0.15,none,0.0,0.0,none,
random_geoloss,11,deberta-v3-base,standard,Universalism: concern,0.23,none,0.0,0.0,none,
random_geoloss,11,deberta-v3-base,standard,Universalism: nature,0.03,none,0.0,0.0,none,
random_geoloss,11,deberta-v3-base,standard,Universalism: tolerance,0.16,none,0.0,0.0,none,
random_geoloss,11,deberta-v3-base,f1,Self-direction: thought,0.06,none,0.0,0.0,none,
random_geoloss,11,deberta-v3-base,f1,Self-direction: action,0.22,none,0.0,0.0,none,
random_geoloss,11,deberta-v3-base,f1,Stimulation,0.16,none,0.0,0.0,none,
random_geoloss,11,deberta-v3-base,f1,Hedonism,0.43,none,0.0,0.0,none,
random_geoloss,11,deberta-v3-base,f1,Achievement,0.15,none,0.0,0.0,none,
random_geoloss,11,deberta-v3-base,f1,Power: dominance,0.16,none,0.0,0.0,none,
random_geoloss,11,deberta-v3-base,f1,Power: resources,0.07,none,0.0,0.0,none,
random_geoloss,11,deberta-v3-base,f1,Face,0.11,none,0.0,0.0,none,
random_geoloss,11,deberta-v3-base,f1,Security: personal,0.29,none,0.0,0.0,none,
random_geoloss,11,deberta-v3-base,f1,Security: societal,0.26,none,0.0,0.0,none,
random_geoloss,11,deberta-v3-base,f1,Tradition,0.17,none,0.0,0.0,none,
random_geoloss,11,deberta-v3-base,f1,Conformity: rules,0.1,none,0.0,0.0,none,
random_geoloss,11,deberta-v3-base,f1,Conformity: interpersonal,0.1,none,0.0,0.0,none,
random_geoloss,11,deberta-v3-base,f1,Humility,0.02,none,0.0,0.0,none,
random_geoloss,11,deberta-v3-base,f1,Benevolence: caring,0.27,none,0.0,0.0,none,
random_geoloss,11,deberta-v3-base,f1,Benevolence: dependability,0.15,none,0.0,0.0,none,
random_geoloss,11,deberta-v3-base,f1,Universalism: concern,0.23,none,0.0,0.0,none,
random_geoloss,11,deberta-v3-base,f1,Universalism: nature,0.03,none,0.0,0.0,none,
random_geoloss,11,deberta-v3-base,f1,Universalism: tolerance,0.16,none,0.0,0.0,none,
random_geoloss,11,deberta-v3-base,pareto_99,Self-direction: thought,0.06,none,0.0,0.0,opposite_margin,0.1
random_geoloss,11,deberta-v3-base,pareto_99,Self-direction: action,0.22,none,0.0,0.0,opposite_margin,0.1
random_geoloss,11,deberta-v3-base,pareto_99,Stimulation,0.16,none,0.0,0.0,opposite_margin,0.1
random_geoloss,11,deberta-v3-base,pareto_99,Hedonism,0.43,none,0.0,0.0,opposite_margin,0.1
random_geoloss,11,deberta-v3-base,pareto_99,Achievement,0.15,none,0.0,0.0,opposite_margin,0.1
random_geoloss,11,deberta-v3-base,pareto_99,Power: dominance,0.16,none,0.0,0.0,opposite_margin,0.1
random_geoloss,11,deberta-v3-base,pareto_99,Power: resources,0.07,none,0.0,0.0,opposite_margin,0.1
random_geoloss,11,deberta-v3-base,pareto_99,Face,0.11,none,0.0,0.0,opposite_margin,0.1
random_geoloss,11,deberta-v3-base,pareto_99,Security: personal,0.29,none,0.0,0.0,opposite_margin,0.1
random_geoloss,11,deberta-v3-base,pareto_99,Security: societal,0.26,none,0.0,0.0,opposite_margin,0.1
random_geoloss,11,deberta-v3-base,pareto_99,Tradition,0.17,none,0.0,0.0,opposite_margin,0.1
random_geoloss,11,deberta-v3-base,pareto_99,Conformity: rules,0.1,none,0.0,0.0,opposite_margin,0.1
random_geoloss,11,deberta-v3-base,pareto_99,Conformity: interpersonal,0.1,none,0.0,0.0,opposite_margin,0.1
random_geoloss,11,deberta-v3-base,pareto_99,Humility,0.02,none,0.0,0.0,opposite_margin,0.1
random_geoloss,11,deberta-v3-base,pareto_99,Benevolence: caring,0.27,none,0.0,0.0,opposite_margin,0.1
random_geoloss,11,deberta-v3-base,pareto_99,Benevolence: dependability,0.15,none,0.0,0.0,opposite_margin,0.1
random_geoloss,11,deberta-v3-base,pareto_99,Universalism: concern,0.23,none,0.0,0.0,opposite_margin,0.1
random_geoloss,11,deberta-v3-base,pareto_99,Universalism: nature,0.03,none,0.0,0.0,opposite_margin,0.1
random_geoloss,11,deberta-v3-base,pareto_99,Universalism: tolerance,0.16,none,0.0,0.0,opposite_margin,0.1
random_geoloss,11,deberta-v3-base,pareto_98,Self-direction: thought,0.06,none,0.0,0.0,opposite_margin,0.1
random_geoloss,11,deberta-v3-base,pareto_98,Self-direction: action,0.22,none,0.0,0.0,opposite_margin,0.1
random_geoloss,11,deberta-v3-base,pareto_98,Stimulation,0.16,none,0.0,0.0,opposite_margin,0.1
random_geoloss,11,deberta-v3-base,pareto_98,Hedonism,0.43,none,0.0,0.0,opposite_margin,0.1
random_geoloss,11,deberta-v3-base,pareto_98,Achievement,0.15,none,0.0,0.0,opposite_margin,0.1
random_geoloss,11,deberta-v3-base,pareto_98,Power: dominance,0.16,none,0.0,0.0,opposite_margin,0.1
random_geoloss,11,deberta-v3-base,pareto_98,Power: resources,0.07,none,0.0,0.0,opposite_margin,0.1
random_geoloss,11,deberta-v3-base,pareto_98,Face,0.11,none,0.0,0.0,opposite_margin,0.1
random_geoloss,11,deberta-v3-base,pareto_98,Security: personal,0.29,none,0.0,0.0,opposite_margin,0.1
random_geoloss,11,deberta-v3-base,pareto_98,Security: societal,0.26,none,0.0,0.0,opposite_margin,0.1
random_geoloss,11,deberta-v3-base,pareto_98,Tradition,0.17,none,0.0,0.0,opposite_margin,0.1
random_geoloss,11,deberta-v3-base,pareto_98,Conformity: rules,0.1,none,0.0,0.0,opposite_margin,0.1
random_geoloss,11,deberta-v3-base,pareto_98,Conformity: interpersonal,0.1,none,0.0,0.0,opposite_margin,0.1
random_geoloss,11,deberta-v3-base,pareto_98,Humility,0.02,none,0.0,0.0,opposite_margin,0.1
random_geoloss,11,deberta-v3-base,pareto_98,Benevolence: caring,0.27,none,0.0,0.0,opposite_margin,0.1
random_geoloss,11,deberta-v3-base,pareto_98,Benevolence: dependability,0.15,none,0.0,0.0,opposite_margin,0.1
random_geoloss,11,deberta-v3-base,pareto_98,Universalism: concern,0.23,none,0.0,0.0,opposite_margin,0.1
random_geoloss,11,deberta-v3-base,pareto_98,Universalism: nature,0.03,none,0.0,0.0,opposite_margin,0.1
random_geoloss,11,deberta-v3-base,pareto_98,Universalism: tolerance,0.16,none,0.0,0.0,opposite_margin,0.1
random_geoloss,11,deberta-v3-base,pareto_95,Self-direction: thought,0.06,opposite_suppression,0.5,0.0,opposite_margin,0.1
random_geoloss,11,deberta-v3-base,pareto_95,Self-direction: action,0.22,opposite_suppression,0.5,0.0,opposite_margin,0.1
random_geoloss,11,deberta-v3-base,pareto_95,Stimulation,0.16,opposite_suppression,0.5,0.0,opposite_margin,0.1
random_geoloss,11,deberta-v3-base,pareto_95,Hedonism,0.43,opposite_suppression,0.5,0.0,opposite_margin,0.1
random_geoloss,11,deberta-v3-base,pareto_95,Achievement,0.15,opposite_suppression,0.5,0.0,opposite_margin,0.1
random_geoloss,11,deberta-v3-base,pareto_95,Power: dominance,0.16,opposite_suppression,0.5,0.0,opposite_margin,0.1
random_geoloss,11,deberta-v3-base,pareto_95,Power: resources,0.07,opposite_suppression,0.5,0.0,opposite_margin,0.1
random_geoloss,11,deberta-v3-base,pareto_95,Face,0.11,opposite_suppression,0.5,0.0,opposite_margin,0.1
random_geoloss,11,deberta-v3-base,pareto_95,Security: personal,0.29,opposite_suppression,0.5,0.0,opposite_margin,0.1
random_geoloss,11,deberta-v3-base,pareto_95,Security: societal,0.26,opposite_suppression,0.5,0.0,opposite_margin,0.1
random_geoloss,11,deberta-v3-base,pareto_95,Tradition,0.17,opposite_suppression,0.5,0.0,opposite_margin,0.1
random_geoloss,11,deberta-v3-base,pareto_95,Conformity: rules,0.1,opposite_suppression,0.5,0.0,opposite_margin,0.1
random_geoloss,11,deberta-v3-base,pareto_95,Conformity: interpersonal,0.1,opposite_suppression,0.5,0.0,opposite_margin,0.1
random_geoloss,11,deberta-v3-base,pareto_95,Humility,0.02,opposite_suppression,0.5,0.0,opposite_margin,0.1
random_geoloss,11,deberta-v3-base,pareto_95,Benevolence: caring,0.27,opposite_suppression,0.5,0.0,opposite_margin,0.1
random_geoloss,11,deberta-v3-base,pareto_95,Benevolence: dependability,0.15,opposite_suppression,0.5,0.0,opposite_margin,0.1
random_geoloss,11,deberta-v3-base,pareto_95,Universalism: concern,0.23,opposite_suppression,0.5,0.0,opposite_margin,0.1
random_geoloss,11,deberta-v3-base,pareto_95,Universalism: nature,0.03,opposite_suppression,0.5,0.0,opposite_margin,0.1
random_geoloss,11,deberta-v3-base,pareto_95,Universalism: tolerance,0.16,opposite_suppression,0.5,0.0,opposite_margin,0.1
random_geoloss,42,deberta-v3-base,standard,Self-direction: thought,0.05,none,0.0,0.0,none,
random_geoloss,42,deberta-v3-base,standard,Self-direction: action,0.23,none,0.0,0.0,none,
random_geoloss,42,deberta-v3-base,standard,Stimulation,0.2,none,0.0,0.0,none,
random_geoloss,42,deberta-v3-base,standard,Hedonism,0.25,none,0.0,0.0,none,
random_geoloss,42,deberta-v3-base,standard,Achievement,0.21,none,0.0,0.0,none,
random_geoloss,42,deberta-v3-base,standard,Power: dominance,0.23,none,0.0,0.0,none,
random_geoloss,42,deberta-v3-base,standard,Power: resources,0.19,none,0.0,0.0,none,
random_geoloss,42,deberta-v3-base,standard,Face,0.08,none,0.0,0.0,none,
random_geoloss,42,deberta-v3-base,standard,Security: personal,0.09,none,0.0,0.0,none,
random_geoloss,42,deberta-v3-base,standard,Security: societal,0.21,none,0.0,0.0,none,
random_geoloss,42,deberta-v3-base,standard,Tradition,0.24,none,0.0,0.0,none,
random_geoloss,42,deberta-v3-base,standard,Conformity: rules,0.15,none,0.0,0.0,none,
random_geoloss,42,deberta-v3-base,standard,Conformity: interpersonal,0.09,none,0.0,0.0,none,
random_geoloss,42,deberta-v3-base,standard,Humility,0.03,none,0.0,0.0,none,
random_geoloss,42,deberta-v3-base,standard,Benevolence: caring,0.21,none,0.0,0.0,none,
random_geoloss,42,deberta-v3-base,standard,Benevolence: dependability,0.11,none,0.0,0.0,none,
random_geoloss,42,deberta-v3-base,standard,Universalism: concern,0.16,none,0.0,0.0,none,
random_geoloss,42,deberta-v3-base,standard,Universalism: nature,0.18,none,0.0,0.0,none,
random_geoloss,42,deberta-v3-base,standard,Universalism: tolerance,0.13,none,0.0,0.0,none,
random_geoloss,42,deberta-v3-base,f1,Self-direction: thought,0.05,none,0.0,0.0,none,
random_geoloss,42,deberta-v3-base,f1,Self-direction: action,0.23,none,0.0,0.0,none,
random_geoloss,42,deberta-v3-base,f1,Stimulation,0.2,none,0.0,0.0,none,
random_geoloss,42,deberta-v3-base,f1,Hedonism,0.25,none,0.0,0.0,none,
random_geoloss,42,deberta-v3-base,f1,Achievement,0.21,none,0.0,0.0,none,
random_geoloss,42,deberta-v3-base,f1,Power: dominance,0.23,none,0.0,0.0,none,
random_geoloss,42,deberta-v3-base,f1,Power: resources,0.19,none,0.0,0.0,none,
random_geoloss,42,deberta-v3-base,f1,Face,0.08,none,0.0,0.0,none,
random_geoloss,42,deberta-v3-base,f1,Security: personal,0.09,none,0.0,0.0,none,
random_geoloss,42,deberta-v3-base,f1,Security: societal,0.21,none,0.0,0.0,none,
random_geoloss,42,deberta-v3-base,f1,Tradition,0.24,none,0.0,0.0,none,
random_geoloss,42,deberta-v3-base,f1,Conformity: rules,0.15,none,0.0,0.0,none,
random_geoloss,42,deberta-v3-base,f1,Conformity: interpersonal,0.09,none,0.0,0.0,none,
random_geoloss,42,deberta-v3-base,f1,Humility,0.03,none,0.0,0.0,none,
random_geoloss,42,deberta-v3-base,f1,Benevolence: caring,0.21,none,0.0,0.0,none,
random_geoloss,42,deberta-v3-base,f1,Benevolence: dependability,0.11,none,0.0,0.0,none,
random_geoloss,42,deberta-v3-base,f1,Universalism: concern,0.16,none,0.0,0.0,none,
random_geoloss,42,deberta-v3-base,f1,Universalism: nature,0.18,none,0.0,0.0,none,
random_geoloss,42,deberta-v3-base,f1,Universalism: tolerance,0.13,none,0.0,0.0,none,
random_geoloss,42,deberta-v3-base,pareto_99,Self-direction: thought,0.05,none,0.0,0.0,none,
random_geoloss,42,deberta-v3-base,pareto_99,Self-direction: action,0.23,none,0.0,0.0,none,
random_geoloss,42,deberta-v3-base,pareto_99,Stimulation,0.2,none,0.0,0.0,none,
random_geoloss,42,deberta-v3-base,pareto_99,Hedonism,0.25,none,0.0,0.0,none,
random_geoloss,42,deberta-v3-base,pareto_99,Achievement,0.21,none,0.0,0.0,none,
random_geoloss,42,deberta-v3-base,pareto_99,Power: dominance,0.23,none,0.0,0.0,none,
random_geoloss,42,deberta-v3-base,pareto_99,Power: resources,0.19,none,0.0,0.0,none,
random_geoloss,42,deberta-v3-base,pareto_99,Face,0.08,none,0.0,0.0,none,
random_geoloss,42,deberta-v3-base,pareto_99,Security: personal,0.09,none,0.0,0.0,none,
random_geoloss,42,deberta-v3-base,pareto_99,Security: societal,0.21,none,0.0,0.0,none,
random_geoloss,42,deberta-v3-base,pareto_99,Tradition,0.24,none,0.0,0.0,none,
random_geoloss,42,deberta-v3-base,pareto_99,Conformity: rules,0.15,none,0.0,0.0,none,
random_geoloss,42,deberta-v3-base,pareto_99,Conformity: interpersonal,0.09,none,0.0,0.0,none,
random_geoloss,42,deberta-v3-base,pareto_99,Humility,0.03,none,0.0,0.0,none,
random_geoloss,42,deberta-v3-base,pareto_99,Benevolence: caring,0.21,none,0.0,0.0,none,
random_geoloss,42,deberta-v3-base,pareto_99,Benevolence: dependability,0.11,none,0.0,0.0,none,
random_geoloss,42,deberta-v3-base,pareto_99,Universalism: concern,0.16,none,0.0,0.0,none,
random_geoloss,42,deberta-v3-base,pareto_99,Universalism: nature,0.18,none,0.0,0.0,none,
random_geoloss,42,deberta-v3-base,pareto_99,Universalism: tolerance,0.13,none,0.0,0.0,none,
random_geoloss,42,deberta-v3-base,pareto_98,Self-direction: thought,0.05,none,0.0,0.0,opposite_margin,0.0
random_geoloss,42,deberta-v3-base,pareto_98,Self-direction: action,0.23,none,0.0,0.0,opposite_margin,0.0
random_geoloss,42,deberta-v3-base,pareto_98,Stimulation,0.2,none,0.0,0.0,opposite_margin,0.0
random_geoloss,42,deberta-v3-base,pareto_98,Hedonism,0.25,none,0.0,0.0,opposite_margin,0.0
random_geoloss,42,deberta-v3-base,pareto_98,Achievement,0.21,none,0.0,0.0,opposite_margin,0.0
random_geoloss,42,deberta-v3-base,pareto_98,Power: dominance,0.23,none,0.0,0.0,opposite_margin,0.0
random_geoloss,42,deberta-v3-base,pareto_98,Power: resources,0.19,none,0.0,0.0,opposite_margin,0.0
random_geoloss,42,deberta-v3-base,pareto_98,Face,0.08,none,0.0,0.0,opposite_margin,0.0
random_geoloss,42,deberta-v3-base,pareto_98,Security: personal,0.09,none,0.0,0.0,opposite_margin,0.0
random_geoloss,42,deberta-v3-base,pareto_98,Security: societal,0.21,none,0.0,0.0,opposite_margin,0.0
random_geoloss,42,deberta-v3-base,pareto_98,Tradition,0.24,none,0.0,0.0,opposite_margin,0.0
random_geoloss,42,deberta-v3-base,pareto_98,Conformity: rules,0.15,none,0.0,0.0,opposite_margin,0.0
random_geoloss,42,deberta-v3-base,pareto_98,Conformity: interpersonal,0.09,none,0.0,0.0,opposite_margin,0.0
random_geoloss,42,deberta-v3-base,pareto_98,Humility,0.03,none,0.0,0.0,opposite_margin,0.0
random_geoloss,42,deberta-v3-base,pareto_98,Benevolence: caring,0.21,none,0.0,0.0,opposite_margin,0.0
random_geoloss,42,deberta-v3-base,pareto_98,Benevolence: dependability,0.11,none,0.0,0.0,opposite_margin,0.0
random_geoloss,42,deberta-v3-base,pareto_98,Universalism: concern,0.16,none,0.0,0.0,opposite_margin,0.0
random_geoloss,42,deberta-v3-base,pareto_98,Universalism: nature,0.18,none,0.0,0.0,opposite_margin,0.0
random_geoloss,42,deberta-v3-base,pareto_98,Universalism: tolerance,0.13,none,0.0,0.0,opposite_margin,0.0
random_geoloss,42,deberta-v3-base,pareto_95,Self-direction: thought,0.05,opposite_suppression,0.5,0.0,none,
random_geoloss,42,deberta-v3-base,pareto_95,Self-direction: action,0.23,opposite_suppression,0.5,0.0,none,
random_geoloss,42,deberta-v3-base,pareto_95,Stimulation,0.2,opposite_suppression,0.5,0.0,none,
random_geoloss,42,deberta-v3-base,pareto_95,Hedonism,0.25,opposite_suppression,0.5,0.0,none,
random_geoloss,42,deberta-v3-base,pareto_95,Achievement,0.21,opposite_suppression,0.5,0.0,none,
random_geoloss,42,deberta-v3-base,pareto_95,Power: dominance,0.23,opposite_suppression,0.5,0.0,none,
random_geoloss,42,deberta-v3-base,pareto_95,Power: resources,0.19,opposite_suppression,0.5,0.0,none,
random_geoloss,42,deberta-v3-base,pareto_95,Face,0.08,opposite_suppression,0.5,0.0,none,
random_geoloss,42,deberta-v3-base,pareto_95,Security: personal,0.09,opposite_suppression,0.5,0.0,none,
random_geoloss,42,deberta-v3-base,pareto_95,Security: societal,0.21,opposite_suppression,0.5,0.0,none,
random_geoloss,42,deberta-v3-base,pareto_95,Tradition,0.24,opposite_suppression,0.5,0.0,none,
random_geoloss,42,deberta-v3-base,pareto_95,Conformity: rules,0.15,opposite_suppression,0.5,0.0,none,
random_geoloss,42,deberta-v3-base,pareto_95,Conformity: interpersonal,0.09,opposite_suppression,0.5,0.0,none,
random_geoloss,42,deberta-v3-base,pareto_95,Humility,0.03,opposite_suppression,0.5,0.0,none,
random_geoloss,42,deberta-v3-base,pareto_95,Benevolence: caring,0.21,opposite_suppression,0.5,0.0,none,
random_geoloss,42,deberta-v3-base,pareto_95,Benevolence: dependability,0.11,opposite_suppression,0.5,0.0,none,
random_geoloss,42,deberta-v3-base,pareto_95,Universalism: concern,0.16,opposite_suppression,0.5,0.0,none,
random_geoloss,42,deberta-v3-base,pareto_95,Universalism: nature,0.18,opposite_suppression,0.5,0.0,none,
random_geoloss,42,deberta-v3-base,pareto_95,Universalism: tolerance,0.13,opposite_suppression,0.5,0.0,none,
random_geoloss,1701,deberta-v3-base,standard,Self-direction: thought,0.12,none,0.0,0.0,none,
random_geoloss,1701,deberta-v3-base,standard,Self-direction: action,0.21,none,0.0,0.0,none,
random_geoloss,1701,deberta-v3-base,standard,Stimulation,0.3,none,0.0,0.0,none,
random_geoloss,1701,deberta-v3-base,standard,Hedonism,0.48,none,0.0,0.0,none,
random_geoloss,1701,deberta-v3-base,standard,Achievement,0.15,none,0.0,0.0,none,
random_geoloss,1701,deberta-v3-base,standard,Power: dominance,0.19,none,0.0,0.0,none,
random_geoloss,1701,deberta-v3-base,standard,Power: resources,0.05,none,0.0,0.0,none,
random_geoloss,1701,deberta-v3-base,standard,Face,0.19,none,0.0,0.0,none,
random_geoloss,1701,deberta-v3-base,standard,Security: personal,0.23,none,0.0,0.0,none,
random_geoloss,1701,deberta-v3-base,standard,Security: societal,0.4,none,0.0,0.0,none,
random_geoloss,1701,deberta-v3-base,standard,Tradition,0.38,none,0.0,0.0,none,
random_geoloss,1701,deberta-v3-base,standard,Conformity: rules,0.19,none,0.0,0.0,none,
random_geoloss,1701,deberta-v3-base,standard,Conformity: interpersonal,0.24,none,0.0,0.0,none,
random_geoloss,1701,deberta-v3-base,standard,Humility,0.03,none,0.0,0.0,none,
random_geoloss,1701,deberta-v3-base,standard,Benevolence: caring,0.19,none,0.0,0.0,none,
random_geoloss,1701,deberta-v3-base,standard,Benevolence: dependability,0.12,none,0.0,0.0,none,
random_geoloss,1701,deberta-v3-base,standard,Universalism: concern,0.42,none,0.0,0.0,none,
random_geoloss,1701,deberta-v3-base,standard,Universalism: nature,0.13,none,0.0,0.0,none,
random_geoloss,1701,deberta-v3-base,standard,Universalism: tolerance,0.13,none,0.0,0.0,none,
random_geoloss,1701,deberta-v3-base,f1,Self-direction: thought,0.12,none,0.0,0.0,none,
random_geoloss,1701,deberta-v3-base,f1,Self-direction: action,0.21,none,0.0,0.0,none,
random_geoloss,1701,deberta-v3-base,f1,Stimulation,0.3,none,0.0,0.0,none,
random_geoloss,1701,deberta-v3-base,f1,Hedonism,0.48,none,0.0,0.0,none,
random_geoloss,1701,deberta-v3-base,f1,Achievement,0.15,none,0.0,0.0,none,
random_geoloss,1701,deberta-v3-base,f1,Power: dominance,0.19,none,0.0,0.0,none,
random_geoloss,1701,deberta-v3-base,f1,Power: resources,0.05,none,0.0,0.0,none,
random_geoloss,1701,deberta-v3-base,f1,Face,0.19,none,0.0,0.0,none,
random_geoloss,1701,deberta-v3-base,f1,Security: personal,0.23,none,0.0,0.0,none,
random_geoloss,1701,deberta-v3-base,f1,Security: societal,0.4,none,0.0,0.0,none,
random_geoloss,1701,deberta-v3-base,f1,Tradition,0.38,none,0.0,0.0,none,
random_geoloss,1701,deberta-v3-base,f1,Conformity: rules,0.19,none,0.0,0.0,none,
random_geoloss,1701,deberta-v3-base,f1,Conformity: interpersonal,0.24,none,0.0,0.0,none,
random_geoloss,1701,deberta-v3-base,f1,Humility,0.03,none,0.0,0.0,none,
random_geoloss,1701,deberta-v3-base,f1,Benevolence: caring,0.19,none,0.0,0.0,none,
random_geoloss,1701,deberta-v3-base,f1,Benevolence: dependability,0.12,none,0.0,0.0,none,
random_geoloss,1701,deberta-v3-base,f1,Universalism: concern,0.42,none,0.0,0.0,none,
random_geoloss,1701,deberta-v3-base,f1,Universalism: nature,0.13,none,0.0,0.0,none,
random_geoloss,1701,deberta-v3-base,f1,Universalism: tolerance,0.13,none,0.0,0.0,none,
random_geoloss,1701,deberta-v3-base,pareto_99,Self-direction: thought,0.12,none,0.0,0.0,opposite_margin,0.0
random_geoloss,1701,deberta-v3-base,pareto_99,Self-direction: action,0.21,none,0.0,0.0,opposite_margin,0.0
random_geoloss,1701,deberta-v3-base,pareto_99,Stimulation,0.3,none,0.0,0.0,opposite_margin,0.0
random_geoloss,1701,deberta-v3-base,pareto_99,Hedonism,0.48,none,0.0,0.0,opposite_margin,0.0
random_geoloss,1701,deberta-v3-base,pareto_99,Achievement,0.15,none,0.0,0.0,opposite_margin,0.0
random_geoloss,1701,deberta-v3-base,pareto_99,Power: dominance,0.19,none,0.0,0.0,opposite_margin,0.0
random_geoloss,1701,deberta-v3-base,pareto_99,Power: resources,0.05,none,0.0,0.0,opposite_margin,0.0
random_geoloss,1701,deberta-v3-base,pareto_99,Face,0.19,none,0.0,0.0,opposite_margin,0.0
random_geoloss,1701,deberta-v3-base,pareto_99,Security: personal,0.23,none,0.0,0.0,opposite_margin,0.0
random_geoloss,1701,deberta-v3-base,pareto_99,Security: societal,0.4,none,0.0,0.0,opposite_margin,0.0
random_geoloss,1701,deberta-v3-base,pareto_99,Tradition,0.38,none,0.0,0.0,opposite_margin,0.0
random_geoloss,1701,deberta-v3-base,pareto_99,Conformity: rules,0.19,none,0.0,0.0,opposite_margin,0.0
random_geoloss,1701,deberta-v3-base,pareto_99,Conformity: interpersonal,0.24,none,0.0,0.0,opposite_margin,0.0
random_geoloss,1701,deberta-v3-base,pareto_99,Humility,0.03,none,0.0,0.0,opposite_margin,0.0
random_geoloss,1701,deberta-v3-base,pareto_99,Benevolence: caring,0.19,none,0.0,0.0,opposite_margin,0.0
random_geoloss,1701,deberta-v3-base,pareto_99,Benevolence: dependability,0.12,none,0.0,0.0,opposite_margin,0.0
random_geoloss,1701,deberta-v3-base,pareto_99,Universalism: concern,0.42,none,0.0,0.0,opposite_margin,0.0
random_geoloss,1701,deberta-v3-base,pareto_99,Universalism: nature,0.13,none,0.0,0.0,opposite_margin,0.0
random_geoloss,1701,deberta-v3-base,pareto_99,Universalism: tolerance,0.13,none,0.0,0.0,opposite_margin,0.0
random_geoloss,1701,deberta-v3-base,pareto_98,Self-direction: thought,0.12,none,0.0,0.0,opposite_margin,0.0
random_geoloss,1701,deberta-v3-base,pareto_98,Self-direction: action,0.21,none,0.0,0.0,opposite_margin,0.0
random_geoloss,1701,deberta-v3-base,pareto_98,Stimulation,0.3,none,0.0,0.0,opposite_margin,0.0
random_geoloss,1701,deberta-v3-base,pareto_98,Hedonism,0.48,none,0.0,0.0,opposite_margin,0.0
random_geoloss,1701,deberta-v3-base,pareto_98,Achievement,0.15,none,0.0,0.0,opposite_margin,0.0
random_geoloss,1701,deberta-v3-base,pareto_98,Power: dominance,0.19,none,0.0,0.0,opposite_margin,0.0
random_geoloss,1701,deberta-v3-base,pareto_98,Power: resources,0.05,none,0.0,0.0,opposite_margin,0.0
random_geoloss,1701,deberta-v3-base,pareto_98,Face,0.19,none,0.0,0.0,opposite_margin,0.0
random_geoloss,1701,deberta-v3-base,pareto_98,Security: personal,0.23,none,0.0,0.0,opposite_margin,0.0
random_geoloss,1701,deberta-v3-base,pareto_98,Security: societal,0.4,none,0.0,0.0,opposite_margin,0.0
random_geoloss,1701,deberta-v3-base,pareto_98,Tradition,0.38,none,0.0,0.0,opposite_margin,0.0
random_geoloss,1701,deberta-v3-base,pareto_98,Conformity: rules,0.19,none,0.0,0.0,opposite_margin,0.0
random_geoloss,1701,deberta-v3-base,pareto_98,Conformity: interpersonal,0.24,none,0.0,0.0,opposite_margin,0.0
random_geoloss,1701,deberta-v3-base,pareto_98,Humility,0.03,none,0.0,0.0,opposite_margin,0.0
random_geoloss,1701,deberta-v3-base,pareto_98,Benevolence: caring,0.19,none,0.0,0.0,opposite_margin,0.0
random_geoloss,1701,deberta-v3-base,pareto_98,Benevolence: dependability,0.12,none,0.0,0.0,opposite_margin,0.0
random_geoloss,1701,deberta-v3-base,pareto_98,Universalism: concern,0.42,none,0.0,0.0,opposite_margin,0.0
random_geoloss,1701,deberta-v3-base,pareto_98,Universalism: nature,0.13,none,0.0,0.0,opposite_margin,0.0
random_geoloss,1701,deberta-v3-base,pareto_98,Universalism: tolerance,0.13,none,0.0,0.0,opposite_margin,0.0
random_geoloss,1701,deberta-v3-base,pareto_95,Self-direction: thought,0.12,opposite_suppression,0.5,0.0,opposite_margin,0.0
random_geoloss,1701,deberta-v3-base,pareto_95,Self-direction: action,0.21,opposite_suppression,0.5,0.0,opposite_margin,0.0
random_geoloss,1701,deberta-v3-base,pareto_95,Stimulation,0.3,opposite_suppression,0.5,0.0,opposite_margin,0.0
random_geoloss,1701,deberta-v3-base,pareto_95,Hedonism,0.48,opposite_suppression,0.5,0.0,opposite_margin,0.0
random_geoloss,1701,deberta-v3-base,pareto_95,Achievement,0.15,opposite_suppression,0.5,0.0,opposite_margin,0.0
random_geoloss,1701,deberta-v3-base,pareto_95,Power: dominance,0.19,opposite_suppression,0.5,0.0,opposite_margin,0.0
random_geoloss,1701,deberta-v3-base,pareto_95,Power: resources,0.05,opposite_suppression,0.5,0.0,opposite_margin,0.0
random_geoloss,1701,deberta-v3-base,pareto_95,Face,0.19,opposite_suppression,0.5,0.0,opposite_margin,0.0
random_geoloss,1701,deberta-v3-base,pareto_95,Security: personal,0.23,opposite_suppression,0.5,0.0,opposite_margin,0.0
random_geoloss,1701,deberta-v3-base,pareto_95,Security: societal,0.4,opposite_suppression,0.5,0.0,opposite_margin,0.0
random_geoloss,1701,deberta-v3-base,pareto_95,Tradition,0.38,opposite_suppression,0.5,0.0,opposite_margin,0.0
random_geoloss,1701,deberta-v3-base,pareto_95,Conformity: rules,0.19,opposite_suppression,0.5,0.0,opposite_margin,0.0
random_geoloss,1701,deberta-v3-base,pareto_95,Conformity: interpersonal,0.24,opposite_suppression,0.5,0.0,opposite_margin,0.0
random_geoloss,1701,deberta-v3-base,pareto_95,Humility,0.03,opposite_suppression,0.5,0.0,opposite_margin,0.0
random_geoloss,1701,deberta-v3-base,pareto_95,Benevolence: caring,0.19,opposite_suppression,0.5,0.0,opposite_margin,0.0
random_geoloss,1701,deberta-v3-base,pareto_95,Benevolence: dependability,0.12,opposite_suppression,0.5,0.0,opposite_margin,0.0
random_geoloss,1701,deberta-v3-base,pareto_95,Universalism: concern,0.42,opposite_suppression,0.5,0.0,opposite_margin,0.0
random_geoloss,1701,deberta-v3-base,pareto_95,Universalism: nature,0.13,opposite_suppression,0.5,0.0,opposite_margin,0.0
random_geoloss,1701,deberta-v3-base,pareto_95,Universalism: tolerance,0.13,opposite_suppression,0.5,0.0,opposite_margin,0.0
random_geoloss,1984,deberta-v3-base,standard,Self-direction: thought,0.1,none,0.0,0.0,none,
random_geoloss,1984,deberta-v3-base,standard,Self-direction: action,0.18,none,0.0,0.0,none,
random_geoloss,1984,deberta-v3-base,standard,Stimulation,0.28,none,0.0,0.0,none,
random_geoloss,1984,deberta-v3-base,standard,Hedonism,0.27,none,0.0,0.0,none,
random_geoloss,1984,deberta-v3-base,standard,Achievement,0.15,none,0.0,0.0,none,
random_geoloss,1984,deberta-v3-base,standard,Power: dominance,0.11,none,0.0,0.0,none,
random_geoloss,1984,deberta-v3-base,standard,Power: resources,0.16,none,0.0,0.0,none,
random_geoloss,1984,deberta-v3-base,standard,Face,0.15,none,0.0,0.0,none,
random_geoloss,1984,deberta-v3-base,standard,Security: personal,0.22,none,0.0,0.0,none,
random_geoloss,1984,deberta-v3-base,standard,Security: societal,0.38,none,0.0,0.0,none,
random_geoloss,1984,deberta-v3-base,standard,Tradition,0.11,none,0.0,0.0,none,
random_geoloss,1984,deberta-v3-base,standard,Conformity: rules,0.17,none,0.0,0.0,none,
random_geoloss,1984,deberta-v3-base,standard,Conformity: interpersonal,0.13,none,0.0,0.0,none,
random_geoloss,1984,deberta-v3-base,standard,Humility,0.02,none,0.0,0.0,none,
random_geoloss,1984,deberta-v3-base,standard,Benevolence: caring,0.13,none,0.0,0.0,none,
random_geoloss,1984,deberta-v3-base,standard,Benevolence: dependability,0.12,none,0.0,0.0,none,
random_geoloss,1984,deberta-v3-base,standard,Universalism: concern,0.4,none,0.0,0.0,none,
random_geoloss,1984,deberta-v3-base,standard,Universalism: nature,0.15,none,0.0,0.0,none,
random_geoloss,1984,deberta-v3-base,standard,Universalism: tolerance,0.12,none,0.0,0.0,none,
random_geoloss,1984,deberta-v3-base,f1,Self-direction: thought,0.1,none,0.0,0.0,none,
random_geoloss,1984,deberta-v3-base,f1,Self-direction: action,0.18,none,0.0,0.0,none,
random_geoloss,1984,deberta-v3-base,f1,Stimulation,0.28,none,0.0,0.0,none,
random_geoloss,1984,deberta-v3-base,f1,Hedonism,0.27,none,0.0,0.0,none,
random_geoloss,1984,deberta-v3-base,f1,Achievement,0.15,none,0.0,0.0,none,
random_geoloss,1984,deberta-v3-base,f1,Power: dominance,0.11,none,0.0,0.0,none,
random_geoloss,1984,deberta-v3-base,f1,Power: resources,0.16,none,0.0,0.0,none,
random_geoloss,1984,deberta-v3-base,f1,Face,0.15,none,0.0,0.0,none,
random_geoloss,1984,deberta-v3-base,f1,Security: personal,0.22,none,0.0,0.0,none,
random_geoloss,1984,deberta-v3-base,f1,Security: societal,0.38,none,0.0,0.0,none,
random_geoloss,1984,deberta-v3-base,f1,Tradition,0.11,none,0.0,0.0,none,
random_geoloss,1984,deberta-v3-base,f1,Conformity: rules,0.17,none,0.0,0.0,none,
random_geoloss,1984,deberta-v3-base,f1,Conformity: interpersonal,0.13,none,0.0,0.0,none,
random_geoloss,1984,deberta-v3-base,f1,Humility,0.02,none,0.0,0.0,none,
random_geoloss,1984,deberta-v3-base,f1,Benevolence: caring,0.13,none,0.0,0.0,none,
random_geoloss,1984,deberta-v3-base,f1,Benevolence: dependability,0.12,none,0.0,0.0,none,
random_geoloss,1984,deberta-v3-base,f1,Universalism: concern,0.4,none,0.0,0.0,none,
random_geoloss,1984,deberta-v3-base,f1,Universalism: nature,0.15,none,0.0,0.0,none,
random_geoloss,1984,deberta-v3-base,f1,Universalism: tolerance,0.12,none,0.0,0.0,none,
random_geoloss,1984,deberta-v3-base,pareto_99,Self-direction: thought,0.1,none,0.0,0.0,opposite_margin,0.0
random_geoloss,1984,deberta-v3-base,pareto_99,Self-direction: action,0.18,none,0.0,0.0,opposite_margin,0.0
random_geoloss,1984,deberta-v3-base,pareto_99,Stimulation,0.28,none,0.0,0.0,opposite_margin,0.0
random_geoloss,1984,deberta-v3-base,pareto_99,Hedonism,0.27,none,0.0,0.0,opposite_margin,0.0
random_geoloss,1984,deberta-v3-base,pareto_99,Achievement,0.15,none,0.0,0.0,opposite_margin,0.0
random_geoloss,1984,deberta-v3-base,pareto_99,Power: dominance,0.11,none,0.0,0.0,opposite_margin,0.0
random_geoloss,1984,deberta-v3-base,pareto_99,Power: resources,0.16,none,0.0,0.0,opposite_margin,0.0
random_geoloss,1984,deberta-v3-base,pareto_99,Face,0.15,none,0.0,0.0,opposite_margin,0.0
random_geoloss,1984,deberta-v3-base,pareto_99,Security: personal,0.22,none,0.0,0.0,opposite_margin,0.0
random_geoloss,1984,deberta-v3-base,pareto_99,Security: societal,0.38,none,0.0,0.0,opposite_margin,0.0
random_geoloss,1984,deberta-v3-base,pareto_99,Tradition,0.11,none,0.0,0.0,opposite_margin,0.0
random_geoloss,1984,deberta-v3-base,pareto_99,Conformity: rules,0.17,none,0.0,0.0,opposite_margin,0.0
random_geoloss,1984,deberta-v3-base,pareto_99,Conformity: interpersonal,0.13,none,0.0,0.0,opposite_margin,0.0
random_geoloss,1984,deberta-v3-base,pareto_99,Humility,0.02,none,0.0,0.0,opposite_margin,0.0
random_geoloss,1984,deberta-v3-base,pareto_99,Benevolence: caring,0.13,none,0.0,0.0,opposite_margin,0.0
random_geoloss,1984,deberta-v3-base,pareto_99,Benevolence: dependability,0.12,none,0.0,0.0,opposite_margin,0.0
random_geoloss,1984,deberta-v3-base,pareto_99,Universalism: concern,0.4,none,0.0,0.0,opposite_margin,0.0
random_geoloss,1984,deberta-v3-base,pareto_99,Universalism: nature,0.15,none,0.0,0.0,opposite_margin,0.0
random_geoloss,1984,deberta-v3-base,pareto_99,Universalism: tolerance,0.12,none,0.0,0.0,opposite_margin,0.0
random_geoloss,1984,deberta-v3-base,pareto_98,Self-direction: thought,0.1,none,0.0,0.0,opposite_margin,0.0
random_geoloss,1984,deberta-v3-base,pareto_98,Self-direction: action,0.18,none,0.0,0.0,opposite_margin,0.0
random_geoloss,1984,deberta-v3-base,pareto_98,Stimulation,0.28,none,0.0,0.0,opposite_margin,0.0
random_geoloss,1984,deberta-v3-base,pareto_98,Hedonism,0.27,none,0.0,0.0,opposite_margin,0.0
random_geoloss,1984,deberta-v3-base,pareto_98,Achievement,0.15,none,0.0,0.0,opposite_margin,0.0
random_geoloss,1984,deberta-v3-base,pareto_98,Power: dominance,0.11,none,0.0,0.0,opposite_margin,0.0
random_geoloss,1984,deberta-v3-base,pareto_98,Power: resources,0.16,none,0.0,0.0,opposite_margin,0.0
random_geoloss,1984,deberta-v3-base,pareto_98,Face,0.15,none,0.0,0.0,opposite_margin,0.0
random_geoloss,1984,deberta-v3-base,pareto_98,Security: personal,0.22,none,0.0,0.0,opposite_margin,0.0
random_geoloss,1984,deberta-v3-base,pareto_98,Security: societal,0.38,none,0.0,0.0,opposite_margin,0.0
random_geoloss,1984,deberta-v3-base,pareto_98,Tradition,0.11,none,0.0,0.0,opposite_margin,0.0
random_geoloss,1984,deberta-v3-base,pareto_98,Conformity: rules,0.17,none,0.0,0.0,opposite_margin,0.0
random_geoloss,1984,deberta-v3-base,pareto_98,Conformity: interpersonal,0.13,none,0.0,0.0,opposite_margin,0.0
random_geoloss,1984,deberta-v3-base,pareto_98,Humility,0.02,none,0.0,0.0,opposite_margin,0.0
random_geoloss,1984,deberta-v3-base,pareto_98,Benevolence: caring,0.13,none,0.0,0.0,opposite_margin,0.0
random_geoloss,1984,deberta-v3-base,pareto_98,Benevolence: dependability,0.12,none,0.0,0.0,opposite_margin,0.0
random_geoloss,1984,deberta-v3-base,pareto_98,Universalism: concern,0.4,none,0.0,0.0,opposite_margin,0.0
random_geoloss,1984,deberta-v3-base,pareto_98,Universalism: nature,0.15,none,0.0,0.0,opposite_margin,0.0
random_geoloss,1984,deberta-v3-base,pareto_98,Universalism: tolerance,0.12,none,0.0,0.0,opposite_margin,0.0
random_geoloss,1984,deberta-v3-base,pareto_95,Self-direction: thought,0.1,opposite_suppression,1.0,0.0,none,
random_geoloss,1984,deberta-v3-base,pareto_95,Self-direction: action,0.18,opposite_suppression,1.0,0.0,none,
random_geoloss,1984,deberta-v3-base,pareto_95,Stimulation,0.28,opposite_suppression,1.0,0.0,none,
random_geoloss,1984,deberta-v3-base,pareto_95,Hedonism,0.27,opposite_suppression,1.0,0.0,none,
random_geoloss,1984,deberta-v3-base,pareto_95,Achievement,0.15,opposite_suppression,1.0,0.0,none,
random_geoloss,1984,deberta-v3-base,pareto_95,Power: dominance,0.11,opposite_suppression,1.0,0.0,none,
random_geoloss,1984,deberta-v3-base,pareto_95,Power: resources,0.16,opposite_suppression,1.0,0.0,none,
random_geoloss,1984,deberta-v3-base,pareto_95,Face,0.15,opposite_suppression,1.0,0.0,none,
random_geoloss,1984,deberta-v3-base,pareto_95,Security: personal,0.22,opposite_suppression,1.0,0.0,none,
random_geoloss,1984,deberta-v3-base,pareto_95,Security: societal,0.38,opposite_suppression,1.0,0.0,none,
random_geoloss,1984,deberta-v3-base,pareto_95,Tradition,0.11,opposite_suppression,1.0,0.0,none,
random_geoloss,1984,deberta-v3-base,pareto_95,Conformity: rules,0.17,opposite_suppression,1.0,0.0,none,
random_geoloss,1984,deberta-v3-base,pareto_95,Conformity: interpersonal,0.13,opposite_suppression,1.0,0.0,none,
random_geoloss,1984,deberta-v3-base,pareto_95,Humility,0.02,opposite_suppression,1.0,0.0,none,
random_geoloss,1984,deberta-v3-base,pareto_95,Benevolence: caring,0.13,opposite_suppression,1.0,0.0,none,
random_geoloss,1984,deberta-v3-base,pareto_95,Benevolence: dependability,0.12,opposite_suppression,1.0,0.0,none,
random_geoloss,1984,deberta-v3-base,pareto_95,Universalism: concern,0.4,opposite_suppression,1.0,0.0,none,
random_geoloss,1984,deberta-v3-base,pareto_95,Universalism: nature,0.15,opposite_suppression,1.0,0.0,none,
random_geoloss,1984,deberta-v3-base,pareto_95,Universalism: tolerance,0.12,opposite_suppression,1.0,0.0,none,
schwartz_geoloss,7,deberta-v3-base,standard,Self-direction: thought,0.14,none,0.0,0.0,none,
schwartz_geoloss,7,deberta-v3-base,standard,Self-direction: action,0.3,none,0.0,0.0,none,
schwartz_geoloss,7,deberta-v3-base,standard,Stimulation,0.36,none,0.0,0.0,none,
schwartz_geoloss,7,deberta-v3-base,standard,Hedonism,0.43,none,0.0,0.0,none,
schwartz_geoloss,7,deberta-v3-base,standard,Achievement,0.27,none,0.0,0.0,none,
schwartz_geoloss,7,deberta-v3-base,standard,Power: dominance,0.24,none,0.0,0.0,none,
schwartz_geoloss,7,deberta-v3-base,standard,Power: resources,0.17,none,0.0,0.0,none,
schwartz_geoloss,7,deberta-v3-base,standard,Face,0.17,none,0.0,0.0,none,
schwartz_geoloss,7,deberta-v3-base,standard,Security: personal,0.17,none,0.0,0.0,none,
schwartz_geoloss,7,deberta-v3-base,standard,Security: societal,0.34,none,0.0,0.0,none,
schwartz_geoloss,7,deberta-v3-base,standard,Tradition,0.34,none,0.0,0.0,none,
schwartz_geoloss,7,deberta-v3-base,standard,Conformity: rules,0.27,none,0.0,0.0,none,
schwartz_geoloss,7,deberta-v3-base,standard,Conformity: interpersonal,0.08,none,0.0,0.0,none,
schwartz_geoloss,7,deberta-v3-base,standard,Humility,0.02,none,0.0,0.0,none,
schwartz_geoloss,7,deberta-v3-base,standard,Benevolence: caring,0.07,none,0.0,0.0,none,
schwartz_geoloss,7,deberta-v3-base,standard,Benevolence: dependability,0.16,none,0.0,0.0,none,
schwartz_geoloss,7,deberta-v3-base,standard,Universalism: concern,0.22,none,0.0,0.0,none,
schwartz_geoloss,7,deberta-v3-base,standard,Universalism: nature,0.11,none,0.0,0.0,none,
schwartz_geoloss,7,deberta-v3-base,standard,Universalism: tolerance,0.12,none,0.0,0.0,none,
schwartz_geoloss,7,deberta-v3-base,f1,Self-direction: thought,0.14,none,0.0,0.0,none,
schwartz_geoloss,7,deberta-v3-base,f1,Self-direction: action,0.3,none,0.0,0.0,none,
schwartz_geoloss,7,deberta-v3-base,f1,Stimulation,0.36,none,0.0,0.0,none,
schwartz_geoloss,7,deberta-v3-base,f1,Hedonism,0.43,none,0.0,0.0,none,
schwartz_geoloss,7,deberta-v3-base,f1,Achievement,0.27,none,0.0,0.0,none,
schwartz_geoloss,7,deberta-v3-base,f1,Power: dominance,0.24,none,0.0,0.0,none,
schwartz_geoloss,7,deberta-v3-base,f1,Power: resources,0.17,none,0.0,0.0,none,
schwartz_geoloss,7,deberta-v3-base,f1,Face,0.17,none,0.0,0.0,none,
schwartz_geoloss,7,deberta-v3-base,f1,Security: personal,0.17,none,0.0,0.0,none,
schwartz_geoloss,7,deberta-v3-base,f1,Security: societal,0.34,none,0.0,0.0,none,
schwartz_geoloss,7,deberta-v3-base,f1,Tradition,0.34,none,0.0,0.0,none,
schwartz_geoloss,7,deberta-v3-base,f1,Conformity: rules,0.27,none,0.0,0.0,none,
schwartz_geoloss,7,deberta-v3-base,f1,Conformity: interpersonal,0.08,none,0.0,0.0,none,
schwartz_geoloss,7,deberta-v3-base,f1,Humility,0.02,none,0.0,0.0,none,
schwartz_geoloss,7,deberta-v3-base,f1,Benevolence: caring,0.07,none,0.0,0.0,none,
schwartz_geoloss,7,deberta-v3-base,f1,Benevolence: dependability,0.16,none,0.0,0.0,none,
schwartz_geoloss,7,deberta-v3-base,f1,Universalism: concern,0.22,none,0.0,0.0,none,
schwartz_geoloss,7,deberta-v3-base,f1,Universalism: nature,0.11,none,0.0,0.0,none,
schwartz_geoloss,7,deberta-v3-base,f1,Universalism: tolerance,0.12,none,0.0,0.0,none,
schwartz_geoloss,7,deberta-v3-base,pareto_99,Self-direction: thought,0.14,none,0.0,0.0,none,
schwartz_geoloss,7,deberta-v3-base,pareto_99,Self-direction: action,0.3,none,0.0,0.0,none,
schwartz_geoloss,7,deberta-v3-base,pareto_99,Stimulation,0.36,none,0.0,0.0,none,
schwartz_geoloss,7,deberta-v3-base,pareto_99,Hedonism,0.43,none,0.0,0.0,none,
schwartz_geoloss,7,deberta-v3-base,pareto_99,Achievement,0.27,none,0.0,0.0,none,
schwartz_geoloss,7,deberta-v3-base,pareto_99,Power: dominance,0.24,none,0.0,0.0,none,
schwartz_geoloss,7,deberta-v3-base,pareto_99,Power: resources,0.17,none,0.0,0.0,none,
schwartz_geoloss,7,deberta-v3-base,pareto_99,Face,0.17,none,0.0,0.0,none,
schwartz_geoloss,7,deberta-v3-base,pareto_99,Security: personal,0.17,none,0.0,0.0,none,
schwartz_geoloss,7,deberta-v3-base,pareto_99,Security: societal,0.34,none,0.0,0.0,none,
schwartz_geoloss,7,deberta-v3-base,pareto_99,Tradition,0.34,none,0.0,0.0,none,
schwartz_geoloss,7,deberta-v3-base,pareto_99,Conformity: rules,0.27,none,0.0,0.0,none,
schwartz_geoloss,7,deberta-v3-base,pareto_99,Conformity: interpersonal,0.08,none,0.0,0.0,none,
schwartz_geoloss,7,deberta-v3-base,pareto_99,Humility,0.02,none,0.0,0.0,none,
schwartz_geoloss,7,deberta-v3-base,pareto_99,Benevolence: caring,0.07,none,0.0,0.0,none,
schwartz_geoloss,7,deberta-v3-base,pareto_99,Benevolence: dependability,0.16,none,0.0,0.0,none,
schwartz_geoloss,7,deberta-v3-base,pareto_99,Universalism: concern,0.22,none,0.0,0.0,none,
schwartz_geoloss,7,deberta-v3-base,pareto_99,Universalism: nature,0.11,none,0.0,0.0,none,
schwartz_geoloss,7,deberta-v3-base,pareto_99,Universalism: tolerance,0.12,none,0.0,0.0,none,
schwartz_geoloss,7,deberta-v3-base,pareto_98,Self-direction: thought,0.14,none,0.0,0.0,opposite_margin,0.0
schwartz_geoloss,7,deberta-v3-base,pareto_98,Self-direction: action,0.3,none,0.0,0.0,opposite_margin,0.0
schwartz_geoloss,7,deberta-v3-base,pareto_98,Stimulation,0.36,none,0.0,0.0,opposite_margin,0.0
schwartz_geoloss,7,deberta-v3-base,pareto_98,Hedonism,0.43,none,0.0,0.0,opposite_margin,0.0
schwartz_geoloss,7,deberta-v3-base,pareto_98,Achievement,0.27,none,0.0,0.0,opposite_margin,0.0
schwartz_geoloss,7,deberta-v3-base,pareto_98,Power: dominance,0.24,none,0.0,0.0,opposite_margin,0.0
schwartz_geoloss,7,deberta-v3-base,pareto_98,Power: resources,0.17,none,0.0,0.0,opposite_margin,0.0
schwartz_geoloss,7,deberta-v3-base,pareto_98,Face,0.17,none,0.0,0.0,opposite_margin,0.0
schwartz_geoloss,7,deberta-v3-base,pareto_98,Security: personal,0.17,none,0.0,0.0,opposite_margin,0.0
schwartz_geoloss,7,deberta-v3-base,pareto_98,Security: societal,0.34,none,0.0,0.0,opposite_margin,0.0
schwartz_geoloss,7,deberta-v3-base,pareto_98,Tradition,0.34,none,0.0,0.0,opposite_margin,0.0
schwartz_geoloss,7,deberta-v3-base,pareto_98,Conformity: rules,0.27,none,0.0,0.0,opposite_margin,0.0
schwartz_geoloss,7,deberta-v3-base,pareto_98,Conformity: interpersonal,0.08,none,0.0,0.0,opposite_margin,0.0
schwartz_geoloss,7,deberta-v3-base,pareto_98,Humility,0.02,none,0.0,0.0,opposite_margin,0.0
schwartz_geoloss,7,deberta-v3-base,pareto_98,Benevolence: caring,0.07,none,0.0,0.0,opposite_margin,0.0
schwartz_geoloss,7,deberta-v3-base,pareto_98,Benevolence: dependability,0.16,none,0.0,0.0,opposite_margin,0.0
schwartz_geoloss,7,deberta-v3-base,pareto_98,Universalism: concern,0.22,none,0.0,0.0,opposite_margin,0.0
schwartz_geoloss,7,deberta-v3-base,pareto_98,Universalism: nature,0.11,none,0.0,0.0,opposite_margin,0.0
schwartz_geoloss,7,deberta-v3-base,pareto_98,Universalism: tolerance,0.12,none,0.0,0.0,opposite_margin,0.0
schwartz_geoloss,7,deberta-v3-base,pareto_95,Self-direction: thought,0.09000000000000001,opposite_suppression,1.0,-0.05,opposite_margin,0.0
schwartz_geoloss,7,deberta-v3-base,pareto_95,Self-direction: action,0.25,opposite_suppression,1.0,-0.05,opposite_margin,0.0
schwartz_geoloss,7,deberta-v3-base,pareto_95,Stimulation,0.31,opposite_suppression,1.0,-0.05,opposite_margin,0.0
schwartz_geoloss,7,deberta-v3-base,pareto_95,Hedonism,0.38,opposite_suppression,1.0,-0.05,opposite_margin,0.0
schwartz_geoloss,7,deberta-v3-base,pareto_95,Achievement,0.22000000000000003,opposite_suppression,1.0,-0.05,opposite_margin,0.0
schwartz_geoloss,7,deberta-v3-base,pareto_95,Power: dominance,0.19,opposite_suppression,1.0,-0.05,opposite_margin,0.0
schwartz_geoloss,7,deberta-v3-base,pareto_95,Power: resources,0.12000000000000001,opposite_suppression,1.0,-0.05,opposite_margin,0.0
schwartz_geoloss,7,deberta-v3-base,pareto_95,Face,0.12000000000000001,opposite_suppression,1.0,-0.05,opposite_margin,0.0
schwartz_geoloss,7,deberta-v3-base,pareto_95,Security: personal,0.12000000000000001,opposite_suppression,1.0,-0.05,opposite_margin,0.0
schwartz_geoloss,7,deberta-v3-base,pareto_95,Security: societal,0.29000000000000004,opposite_suppression,1.0,-0.05,opposite_margin,0.0
schwartz_geoloss,7,deberta-v3-base,pareto_95,Tradition,0.29000000000000004,opposite_suppression,1.0,-0.05,opposite_margin,0.0
schwartz_geoloss,7,deberta-v3-base,pareto_95,Conformity: rules,0.22000000000000003,opposite_suppression,1.0,-0.05,opposite_margin,0.0
schwartz_geoloss,7,deberta-v3-base,pareto_95,Conformity: interpersonal,0.03,opposite_suppression,1.0,-0.05,opposite_margin,0.0
schwartz_geoloss,7,deberta-v3-base,pareto_95,Humility,0.0,opposite_suppression,1.0,-0.05,opposite_margin,0.0
schwartz_geoloss,7,deberta-v3-base,pareto_95,Benevolence: caring,0.020000000000000004,opposite_suppression,1.0,-0.05,opposite_margin,0.0
schwartz_geoloss,7,deberta-v3-base,pareto_95,Benevolence: dependability,0.11,opposite_suppression,1.0,-0.05,opposite_margin,0.0
schwartz_geoloss,7,deberta-v3-base,pareto_95,Universalism: concern,0.16999999999999998,opposite_suppression,1.0,-0.05,opposite_margin,0.0
schwartz_geoloss,7,deberta-v3-base,pareto_95,Universalism: nature,0.06,opposite_suppression,1.0,-0.05,opposite_margin,0.0
schwartz_geoloss,7,deberta-v3-base,pareto_95,Universalism: tolerance,0.06999999999999999,opposite_suppression,1.0,-0.05,opposite_margin,0.0
schwartz_geoloss,11,deberta-v3-base,standard,Self-direction: thought,0.08,none,0.0,0.0,none,
schwartz_geoloss,11,deberta-v3-base,standard,Self-direction: action,0.18,none,0.0,0.0,none,
schwartz_geoloss,11,deberta-v3-base,standard,Stimulation,0.12,none,0.0,0.0,none,
schwartz_geoloss,11,deberta-v3-base,standard,Hedonism,0.31,none,0.0,0.0,none,
schwartz_geoloss,11,deberta-v3-base,standard,Achievement,0.11,none,0.0,0.0,none,
schwartz_geoloss,11,deberta-v3-base,standard,Power: dominance,0.3,none,0.0,0.0,none,
schwartz_geoloss,11,deberta-v3-base,standard,Power: resources,0.12,none,0.0,0.0,none,
schwartz_geoloss,11,deberta-v3-base,standard,Face,0.14,none,0.0,0.0,none,
schwartz_geoloss,11,deberta-v3-base,standard,Security: personal,0.22,none,0.0,0.0,none,
schwartz_geoloss,11,deberta-v3-base,standard,Security: societal,0.29,none,0.0,0.0,none,
schwartz_geoloss,11,deberta-v3-base,standard,Tradition,0.15,none,0.0,0.0,none,
schwartz_geoloss,11,deberta-v3-base,standard,Conformity: rules,0.07,none,0.0,0.0,none,
schwartz_geoloss,11,deberta-v3-base,standard,Conformity: interpersonal,0.1,none,0.0,0.0,none,
schwartz_geoloss,11,deberta-v3-base,standard,Humility,0.02,none,0.0,0.0,none,
schwartz_geoloss,11,deberta-v3-base,standard,Benevolence: caring,0.18,none,0.0,0.0,none,
schwartz_geoloss,11,deberta-v3-base,standard,Benevolence: dependability,0.21,none,0.0,0.0,none,
schwartz_geoloss,11,deberta-v3-base,standard,Universalism: concern,0.22,none,0.0,0.0,none,
schwartz_geoloss,11,deberta-v3-base,standard,Universalism: nature,0.03,none,0.0,0.0,none,
schwartz_geoloss,11,deberta-v3-base,standard,Universalism: tolerance,0.14,none,0.0,0.0,none,
schwartz_geoloss,11,deberta-v3-base,f1,Self-direction: thought,0.08,none,0.0,0.0,none,
schwartz_geoloss,11,deberta-v3-base,f1,Self-direction: action,0.18,none,0.0,0.0,none,
schwartz_geoloss,11,deberta-v3-base,f1,Stimulation,0.12,none,0.0,0.0,none,
schwartz_geoloss,11,deberta-v3-base,f1,Hedonism,0.31,none,0.0,0.0,none,
schwartz_geoloss,11,deberta-v3-base,f1,Achievement,0.11,none,0.0,0.0,none,
schwartz_geoloss,11,deberta-v3-base,f1,Power: dominance,0.3,none,0.0,0.0,none,
schwartz_geoloss,11,deberta-v3-base,f1,Power: resources,0.12,none,0.0,0.0,none,
schwartz_geoloss,11,deberta-v3-base,f1,Face,0.14,none,0.0,0.0,none,
schwartz_geoloss,11,deberta-v3-base,f1,Security: personal,0.22,none,0.0,0.0,none,
schwartz_geoloss,11,deberta-v3-base,f1,Security: societal,0.29,none,0.0,0.0,none,
schwartz_geoloss,11,deberta-v3-base,f1,Tradition,0.15,none,0.0,0.0,none,
schwartz_geoloss,11,deberta-v3-base,f1,Conformity: rules,0.07,none,0.0,0.0,none,
schwartz_geoloss,11,deberta-v3-base,f1,Conformity: interpersonal,0.1,none,0.0,0.0,none,
schwartz_geoloss,11,deberta-v3-base,f1,Humility,0.02,none,0.0,0.0,none,
schwartz_geoloss,11,deberta-v3-base,f1,Benevolence: caring,0.18,none,0.0,0.0,none,
schwartz_geoloss,11,deberta-v3-base,f1,Benevolence: dependability,0.21,none,0.0,0.0,none,
schwartz_geoloss,11,deberta-v3-base,f1,Universalism: concern,0.22,none,0.0,0.0,none,
schwartz_geoloss,11,deberta-v3-base,f1,Universalism: nature,0.03,none,0.0,0.0,none,
schwartz_geoloss,11,deberta-v3-base,f1,Universalism: tolerance,0.14,none,0.0,0.0,none,
schwartz_geoloss,11,deberta-v3-base,pareto_99,Self-direction: thought,0.08,none,0.0,0.0,opposite_margin,0.1
schwartz_geoloss,11,deberta-v3-base,pareto_99,Self-direction: action,0.18,none,0.0,0.0,opposite_margin,0.1
schwartz_geoloss,11,deberta-v3-base,pareto_99,Stimulation,0.12,none,0.0,0.0,opposite_margin,0.1
schwartz_geoloss,11,deberta-v3-base,pareto_99,Hedonism,0.31,none,0.0,0.0,opposite_margin,0.1
schwartz_geoloss,11,deberta-v3-base,pareto_99,Achievement,0.11,none,0.0,0.0,opposite_margin,0.1
schwartz_geoloss,11,deberta-v3-base,pareto_99,Power: dominance,0.3,none,0.0,0.0,opposite_margin,0.1
schwartz_geoloss,11,deberta-v3-base,pareto_99,Power: resources,0.12,none,0.0,0.0,opposite_margin,0.1
schwartz_geoloss,11,deberta-v3-base,pareto_99,Face,0.14,none,0.0,0.0,opposite_margin,0.1
schwartz_geoloss,11,deberta-v3-base,pareto_99,Security: personal,0.22,none,0.0,0.0,opposite_margin,0.1
schwartz_geoloss,11,deberta-v3-base,pareto_99,Security: societal,0.29,none,0.0,0.0,opposite_margin,0.1
schwartz_geoloss,11,deberta-v3-base,pareto_99,Tradition,0.15,none,0.0,0.0,opposite_margin,0.1
schwartz_geoloss,11,deberta-v3-base,pareto_99,Conformity: rules,0.07,none,0.0,0.0,opposite_margin,0.1
schwartz_geoloss,11,deberta-v3-base,pareto_99,Conformity: interpersonal,0.1,none,0.0,0.0,opposite_margin,0.1
schwartz_geoloss,11,deberta-v3-base,pareto_99,Humility,0.02,none,0.0,0.0,opposite_margin,0.1
schwartz_geoloss,11,deberta-v3-base,pareto_99,Benevolence: caring,0.18,none,0.0,0.0,opposite_margin,0.1
schwartz_geoloss,11,deberta-v3-base,pareto_99,Benevolence: dependability,0.21,none,0.0,0.0,opposite_margin,0.1
schwartz_geoloss,11,deberta-v3-base,pareto_99,Universalism: concern,0.22,none,0.0,0.0,opposite_margin,0.1
schwartz_geoloss,11,deberta-v3-base,pareto_99,Universalism: nature,0.03,none,0.0,0.0,opposite_margin,0.1
schwartz_geoloss,11,deberta-v3-base,pareto_99,Universalism: tolerance,0.14,none,0.0,0.0,opposite_margin,0.1
schwartz_geoloss,11,deberta-v3-base,pareto_98,Self-direction: thought,0.08,none,0.0,0.0,opposite_margin,0.1
schwartz_geoloss,11,deberta-v3-base,pareto_98,Self-direction: action,0.18,none,0.0,0.0,opposite_margin,0.1
schwartz_geoloss,11,deberta-v3-base,pareto_98,Stimulation,0.12,none,0.0,0.0,opposite_margin,0.1
schwartz_geoloss,11,deberta-v3-base,pareto_98,Hedonism,0.31,none,0.0,0.0,opposite_margin,0.1
schwartz_geoloss,11,deberta-v3-base,pareto_98,Achievement,0.11,none,0.0,0.0,opposite_margin,0.1
schwartz_geoloss,11,deberta-v3-base,pareto_98,Power: dominance,0.3,none,0.0,0.0,opposite_margin,0.1
schwartz_geoloss,11,deberta-v3-base,pareto_98,Power: resources,0.12,none,0.0,0.0,opposite_margin,0.1
schwartz_geoloss,11,deberta-v3-base,pareto_98,Face,0.14,none,0.0,0.0,opposite_margin,0.1
schwartz_geoloss,11,deberta-v3-base,pareto_98,Security: personal,0.22,none,0.0,0.0,opposite_margin,0.1
schwartz_geoloss,11,deberta-v3-base,pareto_98,Security: societal,0.29,none,0.0,0.0,opposite_margin,0.1
schwartz_geoloss,11,deberta-v3-base,pareto_98,Tradition,0.15,none,0.0,0.0,opposite_margin,0.1
schwartz_geoloss,11,deberta-v3-base,pareto_98,Conformity: rules,0.07,none,0.0,0.0,opposite_margin,0.1
schwartz_geoloss,11,deberta-v3-base,pareto_98,Conformity: interpersonal,0.1,none,0.0,0.0,opposite_margin,0.1
schwartz_geoloss,11,deberta-v3-base,pareto_98,Humility,0.02,none,0.0,0.0,opposite_margin,0.1
schwartz_geoloss,11,deberta-v3-base,pareto_98,Benevolence: caring,0.18,none,0.0,0.0,opposite_margin,0.1
schwartz_geoloss,11,deberta-v3-base,pareto_98,Benevolence: dependability,0.21,none,0.0,0.0,opposite_margin,0.1
schwartz_geoloss,11,deberta-v3-base,pareto_98,Universalism: concern,0.22,none,0.0,0.0,opposite_margin,0.1
schwartz_geoloss,11,deberta-v3-base,pareto_98,Universalism: nature,0.03,none,0.0,0.0,opposite_margin,0.1
schwartz_geoloss,11,deberta-v3-base,pareto_98,Universalism: tolerance,0.14,none,0.0,0.0,opposite_margin,0.1
schwartz_geoloss,11,deberta-v3-base,pareto_95,Self-direction: thought,0.08,opposite_suppression,1.0,0.0,none,
schwartz_geoloss,11,deberta-v3-base,pareto_95,Self-direction: action,0.18,opposite_suppression,1.0,0.0,none,
schwartz_geoloss,11,deberta-v3-base,pareto_95,Stimulation,0.12,opposite_suppression,1.0,0.0,none,
schwartz_geoloss,11,deberta-v3-base,pareto_95,Hedonism,0.31,opposite_suppression,1.0,0.0,none,
schwartz_geoloss,11,deberta-v3-base,pareto_95,Achievement,0.11,opposite_suppression,1.0,0.0,none,
schwartz_geoloss,11,deberta-v3-base,pareto_95,Power: dominance,0.3,opposite_suppression,1.0,0.0,none,
schwartz_geoloss,11,deberta-v3-base,pareto_95,Power: resources,0.12,opposite_suppression,1.0,0.0,none,
schwartz_geoloss,11,deberta-v3-base,pareto_95,Face,0.14,opposite_suppression,1.0,0.0,none,
schwartz_geoloss,11,deberta-v3-base,pareto_95,Security: personal,0.22,opposite_suppression,1.0,0.0,none,
schwartz_geoloss,11,deberta-v3-base,pareto_95,Security: societal,0.29,opposite_suppression,1.0,0.0,none,
schwartz_geoloss,11,deberta-v3-base,pareto_95,Tradition,0.15,opposite_suppression,1.0,0.0,none,
schwartz_geoloss,11,deberta-v3-base,pareto_95,Conformity: rules,0.07,opposite_suppression,1.0,0.0,none,
schwartz_geoloss,11,deberta-v3-base,pareto_95,Conformity: interpersonal,0.1,opposite_suppression,1.0,0.0,none,
schwartz_geoloss,11,deberta-v3-base,pareto_95,Humility,0.02,opposite_suppression,1.0,0.0,none,
schwartz_geoloss,11,deberta-v3-base,pareto_95,Benevolence: caring,0.18,opposite_suppression,1.0,0.0,none,
schwartz_geoloss,11,deberta-v3-base,pareto_95,Benevolence: dependability,0.21,opposite_suppression,1.0,0.0,none,
schwartz_geoloss,11,deberta-v3-base,pareto_95,Universalism: concern,0.22,opposite_suppression,1.0,0.0,none,
schwartz_geoloss,11,deberta-v3-base,pareto_95,Universalism: nature,0.03,opposite_suppression,1.0,0.0,none,
schwartz_geoloss,11,deberta-v3-base,pareto_95,Universalism: tolerance,0.14,opposite_suppression,1.0,0.0,none,
schwartz_geoloss,42,deberta-v3-base,standard,Self-direction: thought,0.04,none,0.0,0.0,none,
schwartz_geoloss,42,deberta-v3-base,standard,Self-direction: action,0.14,none,0.0,0.0,none,
schwartz_geoloss,42,deberta-v3-base,standard,Stimulation,0.22,none,0.0,0.0,none,
schwartz_geoloss,42,deberta-v3-base,standard,Hedonism,0.35000000000000003,none,0.0,0.0,none,
schwartz_geoloss,42,deberta-v3-base,standard,Achievement,0.24,none,0.0,0.0,none,
schwartz_geoloss,42,deberta-v3-base,standard,Power: dominance,0.14,none,0.0,0.0,none,
schwartz_geoloss,42,deberta-v3-base,standard,Power: resources,0.15,none,0.0,0.0,none,
schwartz_geoloss,42,deberta-v3-base,standard,Face,0.05,none,0.0,0.0,none,
schwartz_geoloss,42,deberta-v3-base,standard,Security: personal,0.11,none,0.0,0.0,none,
schwartz_geoloss,42,deberta-v3-base,standard,Security: societal,0.24,none,0.0,0.0,none,
schwartz_geoloss,42,deberta-v3-base,standard,Tradition,0.35000000000000003,none,0.0,0.0,none,
schwartz_geoloss,42,deberta-v3-base,standard,Conformity: rules,0.21,none,0.0,0.0,none,
schwartz_geoloss,42,deberta-v3-base,standard,Conformity: interpersonal,0.15,none,0.0,0.0,none,
schwartz_geoloss,42,deberta-v3-base,standard,Humility,0.01,none,0.0,0.0,none,
schwartz_geoloss,42,deberta-v3-base,standard,Benevolence: caring,0.25,none,0.0,0.0,none,
schwartz_geoloss,42,deberta-v3-base,standard,Benevolence: dependability,0.12,none,0.0,0.0,none,
schwartz_geoloss,42,deberta-v3-base,standard,Universalism: concern,0.2,none,0.0,0.0,none,
schwartz_geoloss,42,deberta-v3-base,standard,Universalism: nature,0.07,none,0.0,0.0,none,
schwartz_geoloss,42,deberta-v3-base,standard,Universalism: tolerance,0.08,none,0.0,0.0,none,
schwartz_geoloss,42,deberta-v3-base,f1,Self-direction: thought,0.04,none,0.0,0.0,none,
schwartz_geoloss,42,deberta-v3-base,f1,Self-direction: action,0.14,none,0.0,0.0,none,
schwartz_geoloss,42,deberta-v3-base,f1,Stimulation,0.22,none,0.0,0.0,none,
schwartz_geoloss,42,deberta-v3-base,f1,Hedonism,0.35000000000000003,none,0.0,0.0,none,
schwartz_geoloss,42,deberta-v3-base,f1,Achievement,0.24,none,0.0,0.0,none,
schwartz_geoloss,42,deberta-v3-base,f1,Power: dominance,0.14,none,0.0,0.0,none,
schwartz_geoloss,42,deberta-v3-base,f1,Power: resources,0.15,none,0.0,0.0,none,
schwartz_geoloss,42,deberta-v3-base,f1,Face,0.05,none,0.0,0.0,none,
schwartz_geoloss,42,deberta-v3-base,f1,Security: personal,0.11,none,0.0,0.0,none,
schwartz_geoloss,42,deberta-v3-base,f1,Security: societal,0.24,none,0.0,0.0,none,
schwartz_geoloss,42,deberta-v3-base,f1,Tradition,0.35000000000000003,none,0.0,0.0,none,
schwartz_geoloss,42,deberta-v3-base,f1,Conformity: rules,0.21,none,0.0,0.0,none,
schwartz_geoloss,42,deberta-v3-base,f1,Conformity: interpersonal,0.15,none,0.0,0.0,none,
schwartz_geoloss,42,deberta-v3-base,f1,Humility,0.01,none,0.0,0.0,none,
schwartz_geoloss,42,deberta-v3-base,f1,Benevolence: caring,0.25,none,0.0,0.0,none,
schwartz_geoloss,42,deberta-v3-base,f1,Benevolence: dependability,0.12,none,0.0,0.0,none,
schwartz_geoloss,42,deberta-v3-base,f1,Universalism: concern,0.2,none,0.0,0.0,none,
schwartz_geoloss,42,deberta-v3-base,f1,Universalism: nature,0.07,none,0.0,0.0,none,
schwartz_geoloss,42,deberta-v3-base,f1,Universalism: tolerance,0.08,none,0.0,0.0,none,
schwartz_geoloss,42,deberta-v3-base,pareto_99,Self-direction: thought,0.04,none,0.0,0.0,none,
schwartz_geoloss,42,deberta-v3-base,pareto_99,Self-direction: action,0.14,none,0.0,0.0,none,
schwartz_geoloss,42,deberta-v3-base,pareto_99,Stimulation,0.22,none,0.0,0.0,none,
schwartz_geoloss,42,deberta-v3-base,pareto_99,Hedonism,0.35000000000000003,none,0.0,0.0,none,
schwartz_geoloss,42,deberta-v3-base,pareto_99,Achievement,0.24,none,0.0,0.0,none,
schwartz_geoloss,42,deberta-v3-base,pareto_99,Power: dominance,0.14,none,0.0,0.0,none,
schwartz_geoloss,42,deberta-v3-base,pareto_99,Power: resources,0.15,none,0.0,0.0,none,
schwartz_geoloss,42,deberta-v3-base,pareto_99,Face,0.05,none,0.0,0.0,none,
schwartz_geoloss,42,deberta-v3-base,pareto_99,Security: personal,0.11,none,0.0,0.0,none,
schwartz_geoloss,42,deberta-v3-base,pareto_99,Security: societal,0.24,none,0.0,0.0,none,
schwartz_geoloss,42,deberta-v3-base,pareto_99,Tradition,0.35000000000000003,none,0.0,0.0,none,
schwartz_geoloss,42,deberta-v3-base,pareto_99,Conformity: rules,0.21,none,0.0,0.0,none,
schwartz_geoloss,42,deberta-v3-base,pareto_99,Conformity: interpersonal,0.15,none,0.0,0.0,none,
schwartz_geoloss,42,deberta-v3-base,pareto_99,Humility,0.01,none,0.0,0.0,none,
schwartz_geoloss,42,deberta-v3-base,pareto_99,Benevolence: caring,0.25,none,0.0,0.0,none,
schwartz_geoloss,42,deberta-v3-base,pareto_99,Benevolence: dependability,0.12,none,0.0,0.0,none,
schwartz_geoloss,42,deberta-v3-base,pareto_99,Universalism: concern,0.2,none,0.0,0.0,none,
schwartz_geoloss,42,deberta-v3-base,pareto_99,Universalism: nature,0.07,none,0.0,0.0,none,
schwartz_geoloss,42,deberta-v3-base,pareto_99,Universalism: tolerance,0.08,none,0.0,0.0,none,
schwartz_geoloss,42,deberta-v3-base,pareto_98,Self-direction: thought,0.04,none,0.0,0.0,opposite_margin,0.1
schwartz_geoloss,42,deberta-v3-base,pareto_98,Self-direction: action,0.14,none,0.0,0.0,opposite_margin,0.1
schwartz_geoloss,42,deberta-v3-base,pareto_98,Stimulation,0.22,none,0.0,0.0,opposite_margin,0.1
schwartz_geoloss,42,deberta-v3-base,pareto_98,Hedonism,0.35000000000000003,none,0.0,0.0,opposite_margin,0.1
schwartz_geoloss,42,deberta-v3-base,pareto_98,Achievement,0.24,none,0.0,0.0,opposite_margin,0.1
schwartz_geoloss,42,deberta-v3-base,pareto_98,Power: dominance,0.14,none,0.0,0.0,opposite_margin,0.1
schwartz_geoloss,42,deberta-v3-base,pareto_98,Power: resources,0.15,none,0.0,0.0,opposite_margin,0.1
schwartz_geoloss,42,deberta-v3-base,pareto_98,Face,0.05,none,0.0,0.0,opposite_margin,0.1
schwartz_geoloss,42,deberta-v3-base,pareto_98,Security: personal,0.11,none,0.0,0.0,opposite_margin,0.1
schwartz_geoloss,42,deberta-v3-base,pareto_98,Security: societal,0.24,none,0.0,0.0,opposite_margin,0.1
schwartz_geoloss,42,deberta-v3-base,pareto_98,Tradition,0.35000000000000003,none,0.0,0.0,opposite_margin,0.1
schwartz_geoloss,42,deberta-v3-base,pareto_98,Conformity: rules,0.21,none,0.0,0.0,opposite_margin,0.1
schwartz_geoloss,42,deberta-v3-base,pareto_98,Conformity: interpersonal,0.15,none,0.0,0.0,opposite_margin,0.1
schwartz_geoloss,42,deberta-v3-base,pareto_98,Humility,0.01,none,0.0,0.0,opposite_margin,0.1
schwartz_geoloss,42,deberta-v3-base,pareto_98,Benevolence: caring,0.25,none,0.0,0.0,opposite_margin,0.1
schwartz_geoloss,42,deberta-v3-base,pareto_98,Benevolence: dependability,0.12,none,0.0,0.0,opposite_margin,0.1
schwartz_geoloss,42,deberta-v3-base,pareto_98,Universalism: concern,0.2,none,0.0,0.0,opposite_margin,0.1
schwartz_geoloss,42,deberta-v3-base,pareto_98,Universalism: nature,0.07,none,0.0,0.0,opposite_margin,0.1
schwartz_geoloss,42,deberta-v3-base,pareto_98,Universalism: tolerance,0.08,none,0.0,0.0,opposite_margin,0.1
schwartz_geoloss,42,deberta-v3-base,pareto_95,Self-direction: thought,0.04,opposite_suppression,1.0,0.0,opposite_margin,0.1
schwartz_geoloss,42,deberta-v3-base,pareto_95,Self-direction: action,0.14,opposite_suppression,1.0,0.0,opposite_margin,0.1
schwartz_geoloss,42,deberta-v3-base,pareto_95,Stimulation,0.22,opposite_suppression,1.0,0.0,opposite_margin,0.1
schwartz_geoloss,42,deberta-v3-base,pareto_95,Hedonism,0.35000000000000003,opposite_suppression,1.0,0.0,opposite_margin,0.1
schwartz_geoloss,42,deberta-v3-base,pareto_95,Achievement,0.24,opposite_suppression,1.0,0.0,opposite_margin,0.1
schwartz_geoloss,42,deberta-v3-base,pareto_95,Power: dominance,0.14,opposite_suppression,1.0,0.0,opposite_margin,0.1
schwartz_geoloss,42,deberta-v3-base,pareto_95,Power: resources,0.15,opposite_suppression,1.0,0.0,opposite_margin,0.1
schwartz_geoloss,42,deberta-v3-base,pareto_95,Face,0.05,opposite_suppression,1.0,0.0,opposite_margin,0.1
schwartz_geoloss,42,deberta-v3-base,pareto_95,Security: personal,0.11,opposite_suppression,1.0,0.0,opposite_margin,0.1
schwartz_geoloss,42,deberta-v3-base,pareto_95,Security: societal,0.24,opposite_suppression,1.0,0.0,opposite_margin,0.1
schwartz_geoloss,42,deberta-v3-base,pareto_95,Tradition,0.35000000000000003,opposite_suppression,1.0,0.0,opposite_margin,0.1
schwartz_geoloss,42,deberta-v3-base,pareto_95,Conformity: rules,0.21,opposite_suppression,1.0,0.0,opposite_margin,0.1
schwartz_geoloss,42,deberta-v3-base,pareto_95,Conformity: interpersonal,0.15,opposite_suppression,1.0,0.0,opposite_margin,0.1
schwartz_geoloss,42,deberta-v3-base,pareto_95,Humility,0.01,opposite_suppression,1.0,0.0,opposite_margin,0.1
schwartz_geoloss,42,deberta-v3-base,pareto_95,Benevolence: caring,0.25,opposite_suppression,1.0,0.0,opposite_margin,0.1
schwartz_geoloss,42,deberta-v3-base,pareto_95,Benevolence: dependability,0.12,opposite_suppression,1.0,0.0,opposite_margin,0.1
schwartz_geoloss,42,deberta-v3-base,pareto_95,Universalism: concern,0.2,opposite_suppression,1.0,0.0,opposite_margin,0.1
schwartz_geoloss,42,deberta-v3-base,pareto_95,Universalism: nature,0.07,opposite_suppression,1.0,0.0,opposite_margin,0.1
schwartz_geoloss,42,deberta-v3-base,pareto_95,Universalism: tolerance,0.08,opposite_suppression,1.0,0.0,opposite_margin,0.1
schwartz_geoloss,1701,deberta-v3-base,standard,Self-direction: thought,0.1,none,0.0,0.0,none,
schwartz_geoloss,1701,deberta-v3-base,standard,Self-direction: action,0.14,none,0.0,0.0,none,
schwartz_geoloss,1701,deberta-v3-base,standard,Stimulation,0.27,none,0.0,0.0,none,
schwartz_geoloss,1701,deberta-v3-base,standard,Hedonism,0.32,none,0.0,0.0,none,
schwartz_geoloss,1701,deberta-v3-base,standard,Achievement,0.13,none,0.0,0.0,none,
schwartz_geoloss,1701,deberta-v3-base,standard,Power: dominance,0.25,none,0.0,0.0,none,
schwartz_geoloss,1701,deberta-v3-base,standard,Power: resources,0.07,none,0.0,0.0,none,
schwartz_geoloss,1701,deberta-v3-base,standard,Face,0.37,none,0.0,0.0,none,
schwartz_geoloss,1701,deberta-v3-base,standard,Security: personal,0.16,none,0.0,0.0,none,
schwartz_geoloss,1701,deberta-v3-base,standard,Security: societal,0.44,none,0.0,0.0,none,
schwartz_geoloss,1701,deberta-v3-base,standard,Tradition,0.12,none,0.0,0.0,none,
schwartz_geoloss,1701,deberta-v3-base,standard,Conformity: rules,0.17,none,0.0,0.0,none,
schwartz_geoloss,1701,deberta-v3-base,standard,Conformity: interpersonal,0.19,none,0.0,0.0,none,
schwartz_geoloss,1701,deberta-v3-base,standard,Humility,0.02,none,0.0,0.0,none,
schwartz_geoloss,1701,deberta-v3-base,standard,Benevolence: caring,0.22,none,0.0,0.0,none,
schwartz_geoloss,1701,deberta-v3-base,standard,Benevolence: dependability,0.13,none,0.0,0.0,none,
schwartz_geoloss,1701,deberta-v3-base,standard,Universalism: concern,0.39,none,0.0,0.0,none,
schwartz_geoloss,1701,deberta-v3-base,standard,Universalism: nature,0.09,none,0.0,0.0,none,
schwartz_geoloss,1701,deberta-v3-base,standard,Universalism: tolerance,0.14,none,0.0,0.0,none,
schwartz_geoloss,1701,deberta-v3-base,f1,Self-direction: thought,0.1,none,0.0,0.0,opposite_margin,0.1
schwartz_geoloss,1701,deberta-v3-base,f1,Self-direction: action,0.14,none,0.0,0.0,opposite_margin,0.1
schwartz_geoloss,1701,deberta-v3-base,f1,Stimulation,0.27,none,0.0,0.0,opposite_margin,0.1
schwartz_geoloss,1701,deberta-v3-base,f1,Hedonism,0.32,none,0.0,0.0,opposite_margin,0.1
schwartz_geoloss,1701,deberta-v3-base,f1,Achievement,0.13,none,0.0,0.0,opposite_margin,0.1
schwartz_geoloss,1701,deberta-v3-base,f1,Power: dominance,0.25,none,0.0,0.0,opposite_margin,0.1
schwartz_geoloss,1701,deberta-v3-base,f1,Power: resources,0.07,none,0.0,0.0,opposite_margin,0.1
schwartz_geoloss,1701,deberta-v3-base,f1,Face,0.37,none,0.0,0.0,opposite_margin,0.1
schwartz_geoloss,1701,deberta-v3-base,f1,Security: personal,0.16,none,0.0,0.0,opposite_margin,0.1
schwartz_geoloss,1701,deberta-v3-base,f1,Security: societal,0.44,none,0.0,0.0,opposite_margin,0.1
schwartz_geoloss,1701,deberta-v3-base,f1,Tradition,0.12,none,0.0,0.0,opposite_margin,0.1
schwartz_geoloss,1701,deberta-v3-base,f1,Conformity: rules,0.17,none,0.0,0.0,opposite_margin,0.1
schwartz_geoloss,1701,deberta-v3-base,f1,Conformity: interpersonal,0.19,none,0.0,0.0,opposite_margin,0.1
schwartz_geoloss,1701,deberta-v3-base,f1,Humility,0.02,none,0.0,0.0,opposite_margin,0.1
schwartz_geoloss,1701,deberta-v3-base,f1,Benevolence: caring,0.22,none,0.0,0.0,opposite_margin,0.1
schwartz_geoloss,1701,deberta-v3-base,f1,Benevolence: dependability,0.13,none,0.0,0.0,opposite_margin,0.1
schwartz_geoloss,1701,deberta-v3-base,f1,Universalism: concern,0.39,none,0.0,0.0,opposite_margin,0.1
schwartz_geoloss,1701,deberta-v3-base,f1,Universalism: nature,0.09,none,0.0,0.0,opposite_margin,0.1
schwartz_geoloss,1701,deberta-v3-base,f1,Universalism: tolerance,0.14,none,0.0,0.0,opposite_margin,0.1
schwartz_geoloss,1701,deberta-v3-base,pareto_99,Self-direction: thought,0.1,none,0.0,0.0,opposite_margin,0.1
schwartz_geoloss,1701,deberta-v3-base,pareto_99,Self-direction: action,0.14,none,0.0,0.0,opposite_margin,0.1
schwartz_geoloss,1701,deberta-v3-base,pareto_99,Stimulation,0.27,none,0.0,0.0,opposite_margin,0.1
schwartz_geoloss,1701,deberta-v3-base,pareto_99,Hedonism,0.32,none,0.0,0.0,opposite_margin,0.1
schwartz_geoloss,1701,deberta-v3-base,pareto_99,Achievement,0.13,none,0.0,0.0,opposite_margin,0.1
schwartz_geoloss,1701,deberta-v3-base,pareto_99,Power: dominance,0.25,none,0.0,0.0,opposite_margin,0.1
schwartz_geoloss,1701,deberta-v3-base,pareto_99,Power: resources,0.07,none,0.0,0.0,opposite_margin,0.1
schwartz_geoloss,1701,deberta-v3-base,pareto_99,Face,0.37,none,0.0,0.0,opposite_margin,0.1
schwartz_geoloss,1701,deberta-v3-base,pareto_99,Security: personal,0.16,none,0.0,0.0,opposite_margin,0.1
schwartz_geoloss,1701,deberta-v3-base,pareto_99,Security: societal,0.44,none,0.0,0.0,opposite_margin,0.1
schwartz_geoloss,1701,deberta-v3-base,pareto_99,Tradition,0.12,none,0.0,0.0,opposite_margin,0.1
schwartz_geoloss,1701,deberta-v3-base,pareto_99,Conformity: rules,0.17,none,0.0,0.0,opposite_margin,0.1
schwartz_geoloss,1701,deberta-v3-base,pareto_99,Conformity: interpersonal,0.19,none,0.0,0.0,opposite_margin,0.1
schwartz_geoloss,1701,deberta-v3-base,pareto_99,Humility,0.02,none,0.0,0.0,opposite_margin,0.1
schwartz_geoloss,1701,deberta-v3-base,pareto_99,Benevolence: caring,0.22,none,0.0,0.0,opposite_margin,0.1
schwartz_geoloss,1701,deberta-v3-base,pareto_99,Benevolence: dependability,0.13,none,0.0,0.0,opposite_margin,0.1
schwartz_geoloss,1701,deberta-v3-base,pareto_99,Universalism: concern,0.39,none,0.0,0.0,opposite_margin,0.1
schwartz_geoloss,1701,deberta-v3-base,pareto_99,Universalism: nature,0.09,none,0.0,0.0,opposite_margin,0.1
schwartz_geoloss,1701,deberta-v3-base,pareto_99,Universalism: tolerance,0.14,none,0.0,0.0,opposite_margin,0.1
schwartz_geoloss,1701,deberta-v3-base,pareto_98,Self-direction: thought,0.1,opposite_suppression,0.5,0.0,opposite_margin,0.1
schwartz_geoloss,1701,deberta-v3-base,pareto_98,Self-direction: action,0.14,opposite_suppression,0.5,0.0,opposite_margin,0.1
schwartz_geoloss,1701,deberta-v3-base,pareto_98,Stimulation,0.27,opposite_suppression,0.5,0.0,opposite_margin,0.1
schwartz_geoloss,1701,deberta-v3-base,pareto_98,Hedonism,0.32,opposite_suppression,0.5,0.0,opposite_margin,0.1
schwartz_geoloss,1701,deberta-v3-base,pareto_98,Achievement,0.13,opposite_suppression,0.5,0.0,opposite_margin,0.1
schwartz_geoloss,1701,deberta-v3-base,pareto_98,Power: dominance,0.25,opposite_suppression,0.5,0.0,opposite_margin,0.1
schwartz_geoloss,1701,deberta-v3-base,pareto_98,Power: resources,0.07,opposite_suppression,0.5,0.0,opposite_margin,0.1
schwartz_geoloss,1701,deberta-v3-base,pareto_98,Face,0.37,opposite_suppression,0.5,0.0,opposite_margin,0.1
schwartz_geoloss,1701,deberta-v3-base,pareto_98,Security: personal,0.16,opposite_suppression,0.5,0.0,opposite_margin,0.1
schwartz_geoloss,1701,deberta-v3-base,pareto_98,Security: societal,0.44,opposite_suppression,0.5,0.0,opposite_margin,0.1
schwartz_geoloss,1701,deberta-v3-base,pareto_98,Tradition,0.12,opposite_suppression,0.5,0.0,opposite_margin,0.1
schwartz_geoloss,1701,deberta-v3-base,pareto_98,Conformity: rules,0.17,opposite_suppression,0.5,0.0,opposite_margin,0.1
schwartz_geoloss,1701,deberta-v3-base,pareto_98,Conformity: interpersonal,0.19,opposite_suppression,0.5,0.0,opposite_margin,0.1
schwartz_geoloss,1701,deberta-v3-base,pareto_98,Humility,0.02,opposite_suppression,0.5,0.0,opposite_margin,0.1
schwartz_geoloss,1701,deberta-v3-base,pareto_98,Benevolence: caring,0.22,opposite_suppression,0.5,0.0,opposite_margin,0.1
schwartz_geoloss,1701,deberta-v3-base,pareto_98,Benevolence: dependability,0.13,opposite_suppression,0.5,0.0,opposite_margin,0.1
schwartz_geoloss,1701,deberta-v3-base,pareto_98,Universalism: concern,0.39,opposite_suppression,0.5,0.0,opposite_margin,0.1
schwartz_geoloss,1701,deberta-v3-base,pareto_98,Universalism: nature,0.09,opposite_suppression,0.5,0.0,opposite_margin,0.1
schwartz_geoloss,1701,deberta-v3-base,pareto_98,Universalism: tolerance,0.14,opposite_suppression,0.5,0.0,opposite_margin,0.1
schwartz_geoloss,1701,deberta-v3-base,pareto_95,Self-direction: thought,0.1,opposite_suppression,1.0,0.0,opposite_margin,0.0
schwartz_geoloss,1701,deberta-v3-base,pareto_95,Self-direction: action,0.14,opposite_suppression,1.0,0.0,opposite_margin,0.0
schwartz_geoloss,1701,deberta-v3-base,pareto_95,Stimulation,0.27,opposite_suppression,1.0,0.0,opposite_margin,0.0
schwartz_geoloss,1701,deberta-v3-base,pareto_95,Hedonism,0.32,opposite_suppression,1.0,0.0,opposite_margin,0.0
schwartz_geoloss,1701,deberta-v3-base,pareto_95,Achievement,0.13,opposite_suppression,1.0,0.0,opposite_margin,0.0
schwartz_geoloss,1701,deberta-v3-base,pareto_95,Power: dominance,0.25,opposite_suppression,1.0,0.0,opposite_margin,0.0
schwartz_geoloss,1701,deberta-v3-base,pareto_95,Power: resources,0.07,opposite_suppression,1.0,0.0,opposite_margin,0.0
schwartz_geoloss,1701,deberta-v3-base,pareto_95,Face,0.37,opposite_suppression,1.0,0.0,opposite_margin,0.0
schwartz_geoloss,1701,deberta-v3-base,pareto_95,Security: personal,0.16,opposite_suppression,1.0,0.0,opposite_margin,0.0
schwartz_geoloss,1701,deberta-v3-base,pareto_95,Security: societal,0.44,opposite_suppression,1.0,0.0,opposite_margin,0.0
schwartz_geoloss,1701,deberta-v3-base,pareto_95,Tradition,0.12,opposite_suppression,1.0,0.0,opposite_margin,0.0
schwartz_geoloss,1701,deberta-v3-base,pareto_95,Conformity: rules,0.17,opposite_suppression,1.0,0.0,opposite_margin,0.0
schwartz_geoloss,1701,deberta-v3-base,pareto_95,Conformity: interpersonal,0.19,opposite_suppression,1.0,0.0,opposite_margin,0.0
schwartz_geoloss,1701,deberta-v3-base,pareto_95,Humility,0.02,opposite_suppression,1.0,0.0,opposite_margin,0.0
schwartz_geoloss,1701,deberta-v3-base,pareto_95,Benevolence: caring,0.22,opposite_suppression,1.0,0.0,opposite_margin,0.0
schwartz_geoloss,1701,deberta-v3-base,pareto_95,Benevolence: dependability,0.13,opposite_suppression,1.0,0.0,opposite_margin,0.0
schwartz_geoloss,1701,deberta-v3-base,pareto_95,Universalism: concern,0.39,opposite_suppression,1.0,0.0,opposite_margin,0.0
schwartz_geoloss,1701,deberta-v3-base,pareto_95,Universalism: nature,0.09,opposite_suppression,1.0,0.0,opposite_margin,0.0
schwartz_geoloss,1701,deberta-v3-base,pareto_95,Universalism: tolerance,0.14,opposite_suppression,1.0,0.0,opposite_margin,0.0
schwartz_geoloss,1984,deberta-v3-base,standard,Self-direction: thought,0.06,none,0.0,0.0,none,
schwartz_geoloss,1984,deberta-v3-base,standard,Self-direction: action,0.13,none,0.0,0.0,none,
schwartz_geoloss,1984,deberta-v3-base,standard,Stimulation,0.19,none,0.0,0.0,none,
schwartz_geoloss,1984,deberta-v3-base,standard,Hedonism,0.5700000000000001,none,0.0,0.0,none,
schwartz_geoloss,1984,deberta-v3-base,standard,Achievement,0.16,none,0.0,0.0,none,
schwartz_geoloss,1984,deberta-v3-base,standard,Power: dominance,0.31,none,0.0,0.0,none,
schwartz_geoloss,1984,deberta-v3-base,standard,Power: resources,0.18,none,0.0,0.0,none,
schwartz_geoloss,1984,deberta-v3-base,standard,Face,0.17,none,0.0,0.0,none,
schwartz_geoloss,1984,deberta-v3-base,standard,Security: personal,0.11,none,0.0,0.0,none,
schwartz_geoloss,1984,deberta-v3-base,standard,Security: societal,0.38,none,0.0,0.0,none,
schwartz_geoloss,1984,deberta-v3-base,standard,Tradition,0.16,none,0.0,0.0,none,
schwartz_geoloss,1984,deberta-v3-base,standard,Conformity: rules,0.29,none,0.0,0.0,none,
schwartz_geoloss,1984,deberta-v3-base,standard,Conformity: interpersonal,0.1,none,0.0,0.0,none,
schwartz_geoloss,1984,deberta-v3-base,standard,Humility,0.04,none,0.0,0.0,none,
schwartz_geoloss,1984,deberta-v3-base,standard,Benevolence: caring,0.15,none,0.0,0.0,none,
schwartz_geoloss,1984,deberta-v3-base,standard,Benevolence: dependability,0.18,none,0.0,0.0,none,
schwartz_geoloss,1984,deberta-v3-base,standard,Universalism: concern,0.27,none,0.0,0.0,none,
schwartz_geoloss,1984,deberta-v3-base,standard,Universalism: nature,0.08,none,0.0,0.0,none,
schwartz_geoloss,1984,deberta-v3-base,standard,Universalism: tolerance,0.14,none,0.0,0.0,none,
schwartz_geoloss,1984,deberta-v3-base,f1,Self-direction: thought,0.06,none,0.0,0.0,none,
schwartz_geoloss,1984,deberta-v3-base,f1,Self-direction: action,0.13,none,0.0,0.0,none,
schwartz_geoloss,1984,deberta-v3-base,f1,Stimulation,0.19,none,0.0,0.0,none,
schwartz_geoloss,1984,deberta-v3-base,f1,Hedonism,0.5700000000000001,none,0.0,0.0,none,
schwartz_geoloss,1984,deberta-v3-base,f1,Achievement,0.16,none,0.0,0.0,none,
schwartz_geoloss,1984,deberta-v3-base,f1,Power: dominance,0.31,none,0.0,0.0,none,
schwartz_geoloss,1984,deberta-v3-base,f1,Power: resources,0.18,none,0.0,0.0,none,
schwartz_geoloss,1984,deberta-v3-base,f1,Face,0.17,none,0.0,0.0,none,
schwartz_geoloss,1984,deberta-v3-base,f1,Security: personal,0.11,none,0.0,0.0,none,
schwartz_geoloss,1984,deberta-v3-base,f1,Security: societal,0.38,none,0.0,0.0,none,
schwartz_geoloss,1984,deberta-v3-base,f1,Tradition,0.16,none,0.0,0.0,none,
schwartz_geoloss,1984,deberta-v3-base,f1,Conformity: rules,0.29,none,0.0,0.0,none,
schwartz_geoloss,1984,deberta-v3-base,f1,Conformity: interpersonal,0.1,none,0.0,0.0,none,
schwartz_geoloss,1984,deberta-v3-base,f1,Humility,0.04,none,0.0,0.0,none,
schwartz_geoloss,1984,deberta-v3-base,f1,Benevolence: caring,0.15,none,0.0,0.0,none,
schwartz_geoloss,1984,deberta-v3-base,f1,Benevolence: dependability,0.18,none,0.0,0.0,none,
schwartz_geoloss,1984,deberta-v3-base,f1,Universalism: concern,0.27,none,0.0,0.0,none,
schwartz_geoloss,1984,deberta-v3-base,f1,Universalism: nature,0.08,none,0.0,0.0,none,
schwartz_geoloss,1984,deberta-v3-base,f1,Universalism: tolerance,0.14,none,0.0,0.0,none,
schwartz_geoloss,1984,deberta-v3-base,pareto_99,Self-direction: thought,0.06,none,0.0,0.0,none,
schwartz_geoloss,1984,deberta-v3-base,pareto_99,Self-direction: action,0.13,none,0.0,0.0,none,
schwartz_geoloss,1984,deberta-v3-base,pareto_99,Stimulation,0.19,none,0.0,0.0,none,
schwartz_geoloss,1984,deberta-v3-base,pareto_99,Hedonism,0.5700000000000001,none,0.0,0.0,none,
schwartz_geoloss,1984,deberta-v3-base,pareto_99,Achievement,0.16,none,0.0,0.0,none,
schwartz_geoloss,1984,deberta-v3-base,pareto_99,Power: dominance,0.31,none,0.0,0.0,none,
schwartz_geoloss,1984,deberta-v3-base,pareto_99,Power: resources,0.18,none,0.0,0.0,none,
schwartz_geoloss,1984,deberta-v3-base,pareto_99,Face,0.17,none,0.0,0.0,none,
schwartz_geoloss,1984,deberta-v3-base,pareto_99,Security: personal,0.11,none,0.0,0.0,none,
schwartz_geoloss,1984,deberta-v3-base,pareto_99,Security: societal,0.38,none,0.0,0.0,none,
schwartz_geoloss,1984,deberta-v3-base,pareto_99,Tradition,0.16,none,0.0,0.0,none,
schwartz_geoloss,1984,deberta-v3-base,pareto_99,Conformity: rules,0.29,none,0.0,0.0,none,
schwartz_geoloss,1984,deberta-v3-base,pareto_99,Conformity: interpersonal,0.1,none,0.0,0.0,none,
schwartz_geoloss,1984,deberta-v3-base,pareto_99,Humility,0.04,none,0.0,0.0,none,
schwartz_geoloss,1984,deberta-v3-base,pareto_99,Benevolence: caring,0.15,none,0.0,0.0,none,
schwartz_geoloss,1984,deberta-v3-base,pareto_99,Benevolence: dependability,0.18,none,0.0,0.0,none,
schwartz_geoloss,1984,deberta-v3-base,pareto_99,Universalism: concern,0.27,none,0.0,0.0,none,
schwartz_geoloss,1984,deberta-v3-base,pareto_99,Universalism: nature,0.08,none,0.0,0.0,none,
schwartz_geoloss,1984,deberta-v3-base,pareto_99,Universalism: tolerance,0.14,none,0.0,0.0,none,
schwartz_geoloss,1984,deberta-v3-base,pareto_98,Self-direction: thought,0.06,none,0.0,0.0,none,
schwartz_geoloss,1984,deberta-v3-base,pareto_98,Self-direction: action,0.13,none,0.0,0.0,none,
schwartz_geoloss,1984,deberta-v3-base,pareto_98,Stimulation,0.19,none,0.0,0.0,none,
schwartz_geoloss,1984,deberta-v3-base,pareto_98,Hedonism,0.5700000000000001,none,0.0,0.0,none,
schwartz_geoloss,1984,deberta-v3-base,pareto_98,Achievement,0.16,none,0.0,0.0,none,
schwartz_geoloss,1984,deberta-v3-base,pareto_98,Power: dominance,0.31,none,0.0,0.0,none,
schwartz_geoloss,1984,deberta-v3-base,pareto_98,Power: resources,0.18,none,0.0,0.0,none,
schwartz_geoloss,1984,deberta-v3-base,pareto_98,Face,0.17,none,0.0,0.0,none,
schwartz_geoloss,1984,deberta-v3-base,pareto_98,Security: personal,0.11,none,0.0,0.0,none,
schwartz_geoloss,1984,deberta-v3-base,pareto_98,Security: societal,0.38,none,0.0,0.0,none,
schwartz_geoloss,1984,deberta-v3-base,pareto_98,Tradition,0.16,none,0.0,0.0,none,
schwartz_geoloss,1984,deberta-v3-base,pareto_98,Conformity: rules,0.29,none,0.0,0.0,none,
schwartz_geoloss,1984,deberta-v3-base,pareto_98,Conformity: interpersonal,0.1,none,0.0,0.0,none,
schwartz_geoloss,1984,deberta-v3-base,pareto_98,Humility,0.04,none,0.0,0.0,none,
schwartz_geoloss,1984,deberta-v3-base,pareto_98,Benevolence: caring,0.15,none,0.0,0.0,none,
schwartz_geoloss,1984,deberta-v3-base,pareto_98,Benevolence: dependability,0.18,none,0.0,0.0,none,
schwartz_geoloss,1984,deberta-v3-base,pareto_98,Universalism: concern,0.27,none,0.0,0.0,none,
schwartz_geoloss,1984,deberta-v3-base,pareto_98,Universalism: nature,0.08,none,0.0,0.0,none,
schwartz_geoloss,1984,deberta-v3-base,pareto_98,Universalism: tolerance,0.14,none,0.0,0.0,none,
schwartz_geoloss,1984,deberta-v3-base,pareto_95,Self-direction: thought,0.06,opposite_suppression,1.0,0.0,none,
schwartz_geoloss,1984,deberta-v3-base,pareto_95,Self-direction: action,0.13,opposite_suppression,1.0,0.0,none,
schwartz_geoloss,1984,deberta-v3-base,pareto_95,Stimulation,0.19,opposite_suppression,1.0,0.0,none,
schwartz_geoloss,1984,deberta-v3-base,pareto_95,Hedonism,0.5700000000000001,opposite_suppression,1.0,0.0,none,
schwartz_geoloss,1984,deberta-v3-base,pareto_95,Achievement,0.16,opposite_suppression,1.0,0.0,none,
schwartz_geoloss,1984,deberta-v3-base,pareto_95,Power: dominance,0.31,opposite_suppression,1.0,0.0,none,
schwartz_geoloss,1984,deberta-v3-base,pareto_95,Power: resources,0.18,opposite_suppression,1.0,0.0,none,
schwartz_geoloss,1984,deberta-v3-base,pareto_95,Face,0.17,opposite_suppression,1.0,0.0,none,
schwartz_geoloss,1984,deberta-v3-base,pareto_95,Security: personal,0.11,opposite_suppression,1.0,0.0,none,
schwartz_geoloss,1984,deberta-v3-base,pareto_95,Security: societal,0.38,opposite_suppression,1.0,0.0,none,
schwartz_geoloss,1984,deberta-v3-base,pareto_95,Tradition,0.16,opposite_suppression,1.0,0.0,none,
schwartz_geoloss,1984,deberta-v3-base,pareto_95,Conformity: rules,0.29,opposite_suppression,1.0,0.0,none,
schwartz_geoloss,1984,deberta-v3-base,pareto_95,Conformity: interpersonal,0.1,opposite_suppression,1.0,0.0,none,
schwartz_geoloss,1984,deberta-v3-base,pareto_95,Humility,0.04,opposite_suppression,1.0,0.0,none,
schwartz_geoloss,1984,deberta-v3-base,pareto_95,Benevolence: caring,0.15,opposite_suppression,1.0,0.0,none,
schwartz_geoloss,1984,deberta-v3-base,pareto_95,Benevolence: dependability,0.18,opposite_suppression,1.0,0.0,none,
schwartz_geoloss,1984,deberta-v3-base,pareto_95,Universalism: concern,0.27,opposite_suppression,1.0,0.0,none,
schwartz_geoloss,1984,deberta-v3-base,pareto_95,Universalism: nature,0.08,opposite_suppression,1.0,0.0,none,
schwartz_geoloss,1984,deberta-v3-base,pareto_95,Universalism: tolerance,0.14,opposite_suppression,1.0,0.0,none,
schwartz_geosmooth,7,deberta-v3-base,standard,Self-direction: thought,0.44,none,0.0,0.0,none,
schwartz_geosmooth,7,deberta-v3-base,standard,Self-direction: action,0.24,none,0.0,0.0,none,
schwartz_geosmooth,7,deberta-v3-base,standard,Stimulation,0.42,none,0.0,0.0,none,
schwartz_geosmooth,7,deberta-v3-base,standard,Hedonism,0.5,none,0.0,0.0,none,
schwartz_geosmooth,7,deberta-v3-base,standard,Achievement,0.33,none,0.0,0.0,none,
schwartz_geosmooth,7,deberta-v3-base,standard,Power: dominance,0.26,none,0.0,0.0,none,
schwartz_geosmooth,7,deberta-v3-base,standard,Power: resources,0.43,none,0.0,0.0,none,
schwartz_geosmooth,7,deberta-v3-base,standard,Face,0.14,none,0.0,0.0,none,
schwartz_geosmooth,7,deberta-v3-base,standard,Security: personal,0.33,none,0.0,0.0,none,
schwartz_geosmooth,7,deberta-v3-base,standard,Security: societal,0.42,none,0.0,0.0,none,
schwartz_geosmooth,7,deberta-v3-base,standard,Tradition,0.35000000000000003,none,0.0,0.0,none,
schwartz_geosmooth,7,deberta-v3-base,standard,Conformity: rules,0.55,none,0.0,0.0,none,
schwartz_geosmooth,7,deberta-v3-base,standard,Conformity: interpersonal,0.15,none,0.0,0.0,none,
schwartz_geosmooth,7,deberta-v3-base,standard,Humility,0.56,none,0.0,0.0,none,
schwartz_geosmooth,7,deberta-v3-base,standard,Benevolence: caring,0.47000000000000003,none,0.0,0.0,none,
schwartz_geosmooth,7,deberta-v3-base,standard,Benevolence: dependability,0.42,none,0.0,0.0,none,
schwartz_geosmooth,7,deberta-v3-base,standard,Universalism: concern,0.61,none,0.0,0.0,none,
schwartz_geosmooth,7,deberta-v3-base,standard,Universalism: nature,0.62,none,0.0,0.0,none,
schwartz_geosmooth,7,deberta-v3-base,standard,Universalism: tolerance,0.6900000000000001,none,0.0,0.0,none,
schwartz_geosmooth,7,deberta-v3-base,f1,Self-direction: thought,0.44,none,0.0,0.0,none,
schwartz_geosmooth,7,deberta-v3-base,f1,Self-direction: action,0.24,none,0.0,0.0,none,
schwartz_geosmooth,7,deberta-v3-base,f1,Stimulation,0.42,none,0.0,0.0,none,
schwartz_geosmooth,7,deberta-v3-base,f1,Hedonism,0.5,none,0.0,0.0,none,
schwartz_geosmooth,7,deberta-v3-base,f1,Achievement,0.33,none,0.0,0.0,none,
schwartz_geosmooth,7,deberta-v3-base,f1,Power: dominance,0.26,none,0.0,0.0,none,
schwartz_geosmooth,7,deberta-v3-base,f1,Power: resources,0.43,none,0.0,0.0,none,
schwartz_geosmooth,7,deberta-v3-base,f1,Face,0.14,none,0.0,0.0,none,
schwartz_geosmooth,7,deberta-v3-base,f1,Security: personal,0.33,none,0.0,0.0,none,
schwartz_geosmooth,7,deberta-v3-base,f1,Security: societal,0.42,none,0.0,0.0,none,
schwartz_geosmooth,7,deberta-v3-base,f1,Tradition,0.35000000000000003,none,0.0,0.0,none,
schwartz_geosmooth,7,deberta-v3-base,f1,Conformity: rules,0.55,none,0.0,0.0,none,
schwartz_geosmooth,7,deberta-v3-base,f1,Conformity: interpersonal,0.15,none,0.0,0.0,none,
schwartz_geosmooth,7,deberta-v3-base,f1,Humility,0.56,none,0.0,0.0,none,
schwartz_geosmooth,7,deberta-v3-base,f1,Benevolence: caring,0.47000000000000003,none,0.0,0.0,none,
schwartz_geosmooth,7,deberta-v3-base,f1,Benevolence: dependability,0.42,none,0.0,0.0,none,
schwartz_geosmooth,7,deberta-v3-base,f1,Universalism: concern,0.61,none,0.0,0.0,none,
schwartz_geosmooth,7,deberta-v3-base,f1,Universalism: nature,0.62,none,0.0,0.0,none,
schwartz_geosmooth,7,deberta-v3-base,f1,Universalism: tolerance,0.6900000000000001,none,0.0,0.0,none,
schwartz_geosmooth,7,deberta-v3-base,pareto_99,Self-direction: thought,0.44,none,0.0,0.0,none,
schwartz_geosmooth,7,deberta-v3-base,pareto_99,Self-direction: action,0.24,none,0.0,0.0,none,
schwartz_geosmooth,7,deberta-v3-base,pareto_99,Stimulation,0.42,none,0.0,0.0,none,
schwartz_geosmooth,7,deberta-v3-base,pareto_99,Hedonism,0.5,none,0.0,0.0,none,
schwartz_geosmooth,7,deberta-v3-base,pareto_99,Achievement,0.33,none,0.0,0.0,none,
schwartz_geosmooth,7,deberta-v3-base,pareto_99,Power: dominance,0.26,none,0.0,0.0,none,
schwartz_geosmooth,7,deberta-v3-base,pareto_99,Power: resources,0.43,none,0.0,0.0,none,
schwartz_geosmooth,7,deberta-v3-base,pareto_99,Face,0.14,none,0.0,0.0,none,
schwartz_geosmooth,7,deberta-v3-base,pareto_99,Security: personal,0.33,none,0.0,0.0,none,
schwartz_geosmooth,7,deberta-v3-base,pareto_99,Security: societal,0.42,none,0.0,0.0,none,
schwartz_geosmooth,7,deberta-v3-base,pareto_99,Tradition,0.35000000000000003,none,0.0,0.0,none,
schwartz_geosmooth,7,deberta-v3-base,pareto_99,Conformity: rules,0.55,none,0.0,0.0,none,
schwartz_geosmooth,7,deberta-v3-base,pareto_99,Conformity: interpersonal,0.15,none,0.0,0.0,none,
schwartz_geosmooth,7,deberta-v3-base,pareto_99,Humility,0.56,none,0.0,0.0,none,
schwartz_geosmooth,7,deberta-v3-base,pareto_99,Benevolence: caring,0.47000000000000003,none,0.0,0.0,none,
schwartz_geosmooth,7,deberta-v3-base,pareto_99,Benevolence: dependability,0.42,none,0.0,0.0,none,
schwartz_geosmooth,7,deberta-v3-base,pareto_99,Universalism: concern,0.61,none,0.0,0.0,none,
schwartz_geosmooth,7,deberta-v3-base,pareto_99,Universalism: nature,0.62,none,0.0,0.0,none,
schwartz_geosmooth,7,deberta-v3-base,pareto_99,Universalism: tolerance,0.6900000000000001,none,0.0,0.0,none,
schwartz_geosmooth,7,deberta-v3-base,pareto_98,Self-direction: thought,0.44,none,0.0,0.0,none,
schwartz_geosmooth,7,deberta-v3-base,pareto_98,Self-direction: action,0.24,none,0.0,0.0,none,
schwartz_geosmooth,7,deberta-v3-base,pareto_98,Stimulation,0.42,none,0.0,0.0,none,
schwartz_geosmooth,7,deberta-v3-base,pareto_98,Hedonism,0.5,none,0.0,0.0,none,
schwartz_geosmooth,7,deberta-v3-base,pareto_98,Achievement,0.33,none,0.0,0.0,none,
schwartz_geosmooth,7,deberta-v3-base,pareto_98,Power: dominance,0.26,none,0.0,0.0,none,
schwartz_geosmooth,7,deberta-v3-base,pareto_98,Power: resources,0.43,none,0.0,0.0,none,
schwartz_geosmooth,7,deberta-v3-base,pareto_98,Face,0.14,none,0.0,0.0,none,
schwartz_geosmooth,7,deberta-v3-base,pareto_98,Security: personal,0.33,none,0.0,0.0,none,
schwartz_geosmooth,7,deberta-v3-base,pareto_98,Security: societal,0.42,none,0.0,0.0,none,
schwartz_geosmooth,7,deberta-v3-base,pareto_98,Tradition,0.35000000000000003,none,0.0,0.0,none,
schwartz_geosmooth,7,deberta-v3-base,pareto_98,Conformity: rules,0.55,none,0.0,0.0,none,
schwartz_geosmooth,7,deberta-v3-base,pareto_98,Conformity: interpersonal,0.15,none,0.0,0.0,none,
schwartz_geosmooth,7,deberta-v3-base,pareto_98,Humility,0.56,none,0.0,0.0,none,
schwartz_geosmooth,7,deberta-v3-base,pareto_98,Benevolence: caring,0.47000000000000003,none,0.0,0.0,none,
schwartz_geosmooth,7,deberta-v3-base,pareto_98,Benevolence: dependability,0.42,none,0.0,0.0,none,
schwartz_geosmooth,7,deberta-v3-base,pareto_98,Universalism: concern,0.61,none,0.0,0.0,none,
schwartz_geosmooth,7,deberta-v3-base,pareto_98,Universalism: nature,0.62,none,0.0,0.0,none,
schwartz_geosmooth,7,deberta-v3-base,pareto_98,Universalism: tolerance,0.6900000000000001,none,0.0,0.0,none,
schwartz_geosmooth,7,deberta-v3-base,pareto_95,Self-direction: thought,0.44,none,0.0,0.0,none,
schwartz_geosmooth,7,deberta-v3-base,pareto_95,Self-direction: action,0.24,none,0.0,0.0,none,
schwartz_geosmooth,7,deberta-v3-base,pareto_95,Stimulation,0.42,none,0.0,0.0,none,
schwartz_geosmooth,7,deberta-v3-base,pareto_95,Hedonism,0.5,none,0.0,0.0,none,
schwartz_geosmooth,7,deberta-v3-base,pareto_95,Achievement,0.33,none,0.0,0.0,none,
schwartz_geosmooth,7,deberta-v3-base,pareto_95,Power: dominance,0.26,none,0.0,0.0,none,
schwartz_geosmooth,7,deberta-v3-base,pareto_95,Power: resources,0.43,none,0.0,0.0,none,
schwartz_geosmooth,7,deberta-v3-base,pareto_95,Face,0.14,none,0.0,0.0,none,
schwartz_geosmooth,7,deberta-v3-base,pareto_95,Security: personal,0.33,none,0.0,0.0,none,
schwartz_geosmooth,7,deberta-v3-base,pareto_95,Security: societal,0.42,none,0.0,0.0,none,
schwartz_geosmooth,7,deberta-v3-base,pareto_95,Tradition,0.35000000000000003,none,0.0,0.0,none,
schwartz_geosmooth,7,deberta-v3-base,pareto_95,Conformity: rules,0.55,none,0.0,0.0,none,
schwartz_geosmooth,7,deberta-v3-base,pareto_95,Conformity: interpersonal,0.15,none,0.0,0.0,none,
schwartz_geosmooth,7,deberta-v3-base,pareto_95,Humility,0.56,none,0.0,0.0,none,
schwartz_geosmooth,7,deberta-v3-base,pareto_95,Benevolence: caring,0.47000000000000003,none,0.0,0.0,none,
schwartz_geosmooth,7,deberta-v3-base,pareto_95,Benevolence: dependability,0.42,none,0.0,0.0,none,
schwartz_geosmooth,7,deberta-v3-base,pareto_95,Universalism: concern,0.61,none,0.0,0.0,none,
schwartz_geosmooth,7,deberta-v3-base,pareto_95,Universalism: nature,0.62,none,0.0,0.0,none,
schwartz_geosmooth,7,deberta-v3-base,pareto_95,Universalism: tolerance,0.6900000000000001,none,0.0,0.0,none,
schwartz_geosmooth,11,deberta-v3-base,standard,Self-direction: thought,0.27,none,0.0,0.0,none,
schwartz_geosmooth,11,deberta-v3-base,standard,Self-direction: action,0.25,none,0.0,0.0,none,
schwartz_geosmooth,11,deberta-v3-base,standard,Stimulation,0.39,none,0.0,0.0,none,
schwartz_geosmooth,11,deberta-v3-base,standard,Hedonism,0.22,none,0.0,0.0,none,
schwartz_geosmooth,11,deberta-v3-base,standard,Achievement,0.38,none,0.0,0.0,none,
schwartz_geosmooth,11,deberta-v3-base,standard,Power: dominance,0.28,none,0.0,0.0,none,
schwartz_geosmooth,11,deberta-v3-base,standard,Power: resources,0.34,none,0.0,0.0,none,
schwartz_geosmooth,11,deberta-v3-base,standard,Face,0.27,none,0.0,0.0,none,
schwartz_geosmooth,11,deberta-v3-base,standard,Security: personal,0.3,none,0.0,0.0,none,
schwartz_geosmooth,11,deberta-v3-base,standard,Security: societal,0.43,none,0.0,0.0,none,
schwartz_geosmooth,11,deberta-v3-base,standard,Tradition,0.2,none,0.0,0.0,none,
schwartz_geosmooth,11,deberta-v3-base,standard,Conformity: rules,0.34,none,0.0,0.0,none,
schwartz_geosmooth,11,deberta-v3-base,standard,Conformity: interpersonal,0.22,none,0.0,0.0,none,
schwartz_geosmooth,11,deberta-v3-base,standard,Humility,0.35000000000000003,none,0.0,0.0,none,
schwartz_geosmooth,11,deberta-v3-base,standard,Benevolence: caring,0.3,none,0.0,0.0,none,
schwartz_geosmooth,11,deberta-v3-base,standard,Benevolence: dependability,0.3,none,0.0,0.0,none,
schwartz_geosmooth,11,deberta-v3-base,standard,Universalism: concern,0.4,none,0.0,0.0,none,
schwartz_geosmooth,11,deberta-v3-base,standard,Universalism: nature,0.53,none,0.0,0.0,none,
schwartz_geosmooth,11,deberta-v3-base,standard,Universalism: tolerance,0.49,none,0.0,0.0,none,
schwartz_geosmooth,11,deberta-v3-base,f1,Self-direction: thought,0.27,none,0.0,0.0,none,
schwartz_geosmooth,11,deberta-v3-base,f1,Self-direction: action,0.25,none,0.0,0.0,none,
schwartz_geosmooth,11,deberta-v3-base,f1,Stimulation,0.39,none,0.0,0.0,none,
schwartz_geosmooth,11,deberta-v3-base,f1,Hedonism,0.22,none,0.0,0.0,none,
schwartz_geosmooth,11,deberta-v3-base,f1,Achievement,0.38,none,0.0,0.0,none,
schwartz_geosmooth,11,deberta-v3-base,f1,Power: dominance,0.28,none,0.0,0.0,none,
schwartz_geosmooth,11,deberta-v3-base,f1,Power: resources,0.34,none,0.0,0.0,none,
schwartz_geosmooth,11,deberta-v3-base,f1,Face,0.27,none,0.0,0.0,none,
schwartz_geosmooth,11,deberta-v3-base,f1,Security: personal,0.3,none,0.0,0.0,none,
schwartz_geosmooth,11,deberta-v3-base,f1,Security: societal,0.43,none,0.0,0.0,none,
schwartz_geosmooth,11,deberta-v3-base,f1,Tradition,0.2,none,0.0,0.0,none,
schwartz_geosmooth,11,deberta-v3-base,f1,Conformity: rules,0.34,none,0.0,0.0,none,
schwartz_geosmooth,11,deberta-v3-base,f1,Conformity: interpersonal,0.22,none,0.0,0.0,none,
schwartz_geosmooth,11,deberta-v3-base,f1,Humility,0.35000000000000003,none,0.0,0.0,none,
schwartz_geosmooth,11,deberta-v3-base,f1,Benevolence: caring,0.3,none,0.0,0.0,none,
schwartz_geosmooth,11,deberta-v3-base,f1,Benevolence: dependability,0.3,none,0.0,0.0,none,
schwartz_geosmooth,11,deberta-v3-base,f1,Universalism: concern,0.4,none,0.0,0.0,none,
schwartz_geosmooth,11,deberta-v3-base,f1,Universalism: nature,0.53,none,0.0,0.0,none,
schwartz_geosmooth,11,deberta-v3-base,f1,Universalism: tolerance,0.49,none,0.0,0.0,none,
schwartz_geosmooth,11,deberta-v3-base,pareto_99,Self-direction: thought,0.27,none,0.0,0.0,none,
schwartz_geosmooth,11,deberta-v3-base,pareto_99,Self-direction: action,0.25,none,0.0,0.0,none,
schwartz_geosmooth,11,deberta-v3-base,pareto_99,Stimulation,0.39,none,0.0,0.0,none,
schwartz_geosmooth,11,deberta-v3-base,pareto_99,Hedonism,0.22,none,0.0,0.0,none,
schwartz_geosmooth,11,deberta-v3-base,pareto_99,Achievement,0.38,none,0.0,0.0,none,
schwartz_geosmooth,11,deberta-v3-base,pareto_99,Power: dominance,0.28,none,0.0,0.0,none,
schwartz_geosmooth,11,deberta-v3-base,pareto_99,Power: resources,0.34,none,0.0,0.0,none,
schwartz_geosmooth,11,deberta-v3-base,pareto_99,Face,0.27,none,0.0,0.0,none,
schwartz_geosmooth,11,deberta-v3-base,pareto_99,Security: personal,0.3,none,0.0,0.0,none,
schwartz_geosmooth,11,deberta-v3-base,pareto_99,Security: societal,0.43,none,0.0,0.0,none,
schwartz_geosmooth,11,deberta-v3-base,pareto_99,Tradition,0.2,none,0.0,0.0,none,
schwartz_geosmooth,11,deberta-v3-base,pareto_99,Conformity: rules,0.34,none,0.0,0.0,none,
schwartz_geosmooth,11,deberta-v3-base,pareto_99,Conformity: interpersonal,0.22,none,0.0,0.0,none,
schwartz_geosmooth,11,deberta-v3-base,pareto_99,Humility,0.35000000000000003,none,0.0,0.0,none,
schwartz_geosmooth,11,deberta-v3-base,pareto_99,Benevolence: caring,0.3,none,0.0,0.0,none,
schwartz_geosmooth,11,deberta-v3-base,pareto_99,Benevolence: dependability,0.3,none,0.0,0.0,none,
schwartz_geosmooth,11,deberta-v3-base,pareto_99,Universalism: concern,0.4,none,0.0,0.0,none,
schwartz_geosmooth,11,deberta-v3-base,pareto_99,Universalism: nature,0.53,none,0.0,0.0,none,
schwartz_geosmooth,11,deberta-v3-base,pareto_99,Universalism: tolerance,0.49,none,0.0,0.0,none,
schwartz_geosmooth,11,deberta-v3-base,pareto_98,Self-direction: thought,0.27,none,0.0,0.0,none,
schwartz_geosmooth,11,deberta-v3-base,pareto_98,Self-direction: action,0.25,none,0.0,0.0,none,
schwartz_geosmooth,11,deberta-v3-base,pareto_98,Stimulation,0.39,none,0.0,0.0,none,
schwartz_geosmooth,11,deberta-v3-base,pareto_98,Hedonism,0.22,none,0.0,0.0,none,
schwartz_geosmooth,11,deberta-v3-base,pareto_98,Achievement,0.38,none,0.0,0.0,none,
schwartz_geosmooth,11,deberta-v3-base,pareto_98,Power: dominance,0.28,none,0.0,0.0,none,
schwartz_geosmooth,11,deberta-v3-base,pareto_98,Power: resources,0.34,none,0.0,0.0,none,
schwartz_geosmooth,11,deberta-v3-base,pareto_98,Face,0.27,none,0.0,0.0,none,
schwartz_geosmooth,11,deberta-v3-base,pareto_98,Security: personal,0.3,none,0.0,0.0,none,
schwartz_geosmooth,11,deberta-v3-base,pareto_98,Security: societal,0.43,none,0.0,0.0,none,
schwartz_geosmooth,11,deberta-v3-base,pareto_98,Tradition,0.2,none,0.0,0.0,none,
schwartz_geosmooth,11,deberta-v3-base,pareto_98,Conformity: rules,0.34,none,0.0,0.0,none,
schwartz_geosmooth,11,deberta-v3-base,pareto_98,Conformity: interpersonal,0.22,none,0.0,0.0,none,
schwartz_geosmooth,11,deberta-v3-base,pareto_98,Humility,0.35000000000000003,none,0.0,0.0,none,
schwartz_geosmooth,11,deberta-v3-base,pareto_98,Benevolence: caring,0.3,none,0.0,0.0,none,
schwartz_geosmooth,11,deberta-v3-base,pareto_98,Benevolence: dependability,0.3,none,0.0,0.0,none,
schwartz_geosmooth,11,deberta-v3-base,pareto_98,Universalism: concern,0.4,none,0.0,0.0,none,
schwartz_geosmooth,11,deberta-v3-base,pareto_98,Universalism: nature,0.53,none,0.0,0.0,none,
schwartz_geosmooth,11,deberta-v3-base,pareto_98,Universalism: tolerance,0.49,none,0.0,0.0,none,
schwartz_geosmooth,11,deberta-v3-base,pareto_95,Self-direction: thought,0.22000000000000003,opposite_suppression,0.5,-0.05,none,
schwartz_geosmooth,11,deberta-v3-base,pareto_95,Self-direction: action,0.2,opposite_suppression,0.5,-0.05,none,
schwartz_geosmooth,11,deberta-v3-base,pareto_95,Stimulation,0.34,opposite_suppression,0.5,-0.05,none,
schwartz_geosmooth,11,deberta-v3-base,pareto_95,Hedonism,0.16999999999999998,opposite_suppression,0.5,-0.05,none,
schwartz_geosmooth,11,deberta-v3-base,pareto_95,Achievement,0.33,opposite_suppression,0.5,-0.05,none,
schwartz_geosmooth,11,deberta-v3-base,pareto_95,Power: dominance,0.23000000000000004,opposite_suppression,0.5,-0.05,none,
schwartz_geosmooth,11,deberta-v3-base,pareto_95,Power: resources,0.29000000000000004,opposite_suppression,0.5,-0.05,none,
schwartz_geosmooth,11,deberta-v3-base,pareto_95,Face,0.22000000000000003,opposite_suppression,0.5,-0.05,none,
schwartz_geosmooth,11,deberta-v3-base,pareto_95,Security: personal,0.25,opposite_suppression,0.5,-0.05,none,
schwartz_geosmooth,11,deberta-v3-base,pareto_95,Security: societal,0.38,opposite_suppression,0.5,-0.05,none,
schwartz_geosmooth,11,deberta-v3-base,pareto_95,Tradition,0.15000000000000002,opposite_suppression,0.5,-0.05,none,
schwartz_geosmooth,11,deberta-v3-base,pareto_95,Conformity: rules,0.29000000000000004,opposite_suppression,0.5,-0.05,none,
schwartz_geosmooth,11,deberta-v3-base,pareto_95,Conformity: interpersonal,0.16999999999999998,opposite_suppression,0.5,-0.05,none,
schwartz_geosmooth,11,deberta-v3-base,pareto_95,Humility,0.30000000000000004,opposite_suppression,0.5,-0.05,none,
schwartz_geosmooth,11,deberta-v3-base,pareto_95,Benevolence: caring,0.25,opposite_suppression,0.5,-0.05,none,
schwartz_geosmooth,11,deberta-v3-base,pareto_95,Benevolence: dependability,0.25,opposite_suppression,0.5,-0.05,none,
schwartz_geosmooth,11,deberta-v3-base,pareto_95,Universalism: concern,0.35000000000000003,opposite_suppression,0.5,-0.05,none,
schwartz_geosmooth,11,deberta-v3-base,pareto_95,Universalism: nature,0.48000000000000004,opposite_suppression,0.5,-0.05,none,
schwartz_geosmooth,11,deberta-v3-base,pareto_95,Universalism: tolerance,0.44,opposite_suppression,0.5,-0.05,none,
schwartz_geosmooth,42,deberta-v3-base,standard,Self-direction: thought,0.36,none,0.0,0.0,none,
schwartz_geosmooth,42,deberta-v3-base,standard,Self-direction: action,0.29,none,0.0,0.0,none,
schwartz_geosmooth,42,deberta-v3-base,standard,Stimulation,0.42,none,0.0,0.0,none,
schwartz_geosmooth,42,deberta-v3-base,standard,Hedonism,0.38,none,0.0,0.0,none,
schwartz_geosmooth,42,deberta-v3-base,standard,Achievement,0.41000000000000003,none,0.0,0.0,none,
schwartz_geosmooth,42,deberta-v3-base,standard,Power: dominance,0.3,none,0.0,0.0,none,
schwartz_geosmooth,42,deberta-v3-base,standard,Power: resources,0.35000000000000003,none,0.0,0.0,none,
schwartz_geosmooth,42,deberta-v3-base,standard,Face,0.13,none,0.0,0.0,none,
schwartz_geosmooth,42,deberta-v3-base,standard,Security: personal,0.37,none,0.0,0.0,none,
schwartz_geosmooth,42,deberta-v3-base,standard,Security: societal,0.53,none,0.0,0.0,none,
schwartz_geosmooth,42,deberta-v3-base,standard,Tradition,0.19,none,0.0,0.0,none,
schwartz_geosmooth,42,deberta-v3-base,standard,Conformity: rules,0.44,none,0.0,0.0,none,
schwartz_geosmooth,42,deberta-v3-base,standard,Conformity: interpersonal,0.27,none,0.0,0.0,none,
schwartz_geosmooth,42,deberta-v3-base,standard,Humility,0.43,none,0.0,0.0,none,
schwartz_geosmooth,42,deberta-v3-base,standard,Benevolence: caring,0.34,none,0.0,0.0,none,
schwartz_geosmooth,42,deberta-v3-base,standard,Benevolence: dependability,0.38,none,0.0,0.0,none,
schwartz_geosmooth,42,deberta-v3-base,standard,Universalism: concern,0.43,none,0.0,0.0,none,
schwartz_geosmooth,42,deberta-v3-base,standard,Universalism: nature,0.5,none,0.0,0.0,none,
schwartz_geosmooth,42,deberta-v3-base,standard,Universalism: tolerance,0.42,none,0.0,0.0,none,
schwartz_geosmooth,42,deberta-v3-base,f1,Self-direction: thought,0.36,none,0.0,0.0,none,
schwartz_geosmooth,42,deberta-v3-base,f1,Self-direction: action,0.29,none,0.0,0.0,none,
schwartz_geosmooth,42,deberta-v3-base,f1,Stimulation,0.42,none,0.0,0.0,none,
schwartz_geosmooth,42,deberta-v3-base,f1,Hedonism,0.38,none,0.0,0.0,none,
schwartz_geosmooth,42,deberta-v3-base,f1,Achievement,0.41000000000000003,none,0.0,0.0,none,
schwartz_geosmooth,42,deberta-v3-base,f1,Power: dominance,0.3,none,0.0,0.0,none,
schwartz_geosmooth,42,deberta-v3-base,f1,Power: resources,0.35000000000000003,none,0.0,0.0,none,
schwartz_geosmooth,42,deberta-v3-base,f1,Face,0.13,none,0.0,0.0,none,
schwartz_geosmooth,42,deberta-v3-base,f1,Security: personal,0.37,none,0.0,0.0,none,
schwartz_geosmooth,42,deberta-v3-base,f1,Security: societal,0.53,none,0.0,0.0,none,
schwartz_geosmooth,42,deberta-v3-base,f1,Tradition,0.19,none,0.0,0.0,none,
schwartz_geosmooth,42,deberta-v3-base,f1,Conformity: rules,0.44,none,0.0,0.0,none,
schwartz_geosmooth,42,deberta-v3-base,f1,Conformity: interpersonal,0.27,none,0.0,0.0,none,
schwartz_geosmooth,42,deberta-v3-base,f1,Humility,0.43,none,0.0,0.0,none,
schwartz_geosmooth,42,deberta-v3-base,f1,Benevolence: caring,0.34,none,0.0,0.0,none,
schwartz_geosmooth,42,deberta-v3-base,f1,Benevolence: dependability,0.38,none,0.0,0.0,none,
schwartz_geosmooth,42,deberta-v3-base,f1,Universalism: concern,0.43,none,0.0,0.0,none,
schwartz_geosmooth,42,deberta-v3-base,f1,Universalism: nature,0.5,none,0.0,0.0,none,
schwartz_geosmooth,42,deberta-v3-base,f1,Universalism: tolerance,0.42,none,0.0,0.0,none,
schwartz_geosmooth,42,deberta-v3-base,pareto_99,Self-direction: thought,0.36,none,0.0,0.0,none,
schwartz_geosmooth,42,deberta-v3-base,pareto_99,Self-direction: action,0.29,none,0.0,0.0,none,
schwartz_geosmooth,42,deberta-v3-base,pareto_99,Stimulation,0.42,none,0.0,0.0,none,
schwartz_geosmooth,42,deberta-v3-base,pareto_99,Hedonism,0.38,none,0.0,0.0,none,
schwartz_geosmooth,42,deberta-v3-base,pareto_99,Achievement,0.41000000000000003,none,0.0,0.0,none,
schwartz_geosmooth,42,deberta-v3-base,pareto_99,Power: dominance,0.3,none,0.0,0.0,none,
schwartz_geosmooth,42,deberta-v3-base,pareto_99,Power: resources,0.35000000000000003,none,0.0,0.0,none,
schwartz_geosmooth,42,deberta-v3-base,pareto_99,Face,0.13,none,0.0,0.0,none,
schwartz_geosmooth,42,deberta-v3-base,pareto_99,Security: personal,0.37,none,0.0,0.0,none,
schwartz_geosmooth,42,deberta-v3-base,pareto_99,Security: societal,0.53,none,0.0,0.0,none,
schwartz_geosmooth,42,deberta-v3-base,pareto_99,Tradition,0.19,none,0.0,0.0,none,
schwartz_geosmooth,42,deberta-v3-base,pareto_99,Conformity: rules,0.44,none,0.0,0.0,none,
schwartz_geosmooth,42,deberta-v3-base,pareto_99,Conformity: interpersonal,0.27,none,0.0,0.0,none,
schwartz_geosmooth,42,deberta-v3-base,pareto_99,Humility,0.43,none,0.0,0.0,none,
schwartz_geosmooth,42,deberta-v3-base,pareto_99,Benevolence: caring,0.34,none,0.0,0.0,none,
schwartz_geosmooth,42,deberta-v3-base,pareto_99,Benevolence: dependability,0.38,none,0.0,0.0,none,
schwartz_geosmooth,42,deberta-v3-base,pareto_99,Universalism: concern,0.43,none,0.0,0.0,none,
schwartz_geosmooth,42,deberta-v3-base,pareto_99,Universalism: nature,0.5,none,0.0,0.0,none,
schwartz_geosmooth,42,deberta-v3-base,pareto_99,Universalism: tolerance,0.42,none,0.0,0.0,none,
schwartz_geosmooth,42,deberta-v3-base,pareto_98,Self-direction: thought,0.31,opposite_suppression,0.5,-0.05,opposite_margin,0.1
schwartz_geosmooth,42,deberta-v3-base,pareto_98,Self-direction: action,0.24,opposite_suppression,0.5,-0.05,opposite_margin,0.1
schwartz_geosmooth,42,deberta-v3-base,pareto_98,Stimulation,0.37,opposite_suppression,0.5,-0.05,opposite_margin,0.1
schwartz_geosmooth,42,deberta-v3-base,pareto_98,Hedonism,0.33,opposite_suppression,0.5,-0.05,opposite_margin,0.1
schwartz_geosmooth,42,deberta-v3-base,pareto_98,Achievement,0.36000000000000004,opposite_suppression,0.5,-0.05,opposite_margin,0.1
schwartz_geosmooth,42,deberta-v3-base,pareto_98,Power: dominance,0.25,opposite_suppression,0.5,-0.05,opposite_margin,0.1
schwartz_geosmooth,42,deberta-v3-base,pareto_98,Power: resources,0.30000000000000004,opposite_suppression,0.5,-0.05,opposite_margin,0.1
schwartz_geosmooth,42,deberta-v3-base,pareto_98,Face,0.08,opposite_suppression,0.5,-0.05,opposite_margin,0.1
schwartz_geosmooth,42,deberta-v3-base,pareto_98,Security: personal,0.32,opposite_suppression,0.5,-0.05,opposite_margin,0.1
schwartz_geosmooth,42,deberta-v3-base,pareto_98,Security: societal,0.48000000000000004,opposite_suppression,0.5,-0.05,opposite_margin,0.1
schwartz_geosmooth,42,deberta-v3-base,pareto_98,Tradition,0.14,opposite_suppression,0.5,-0.05,opposite_margin,0.1
schwartz_geosmooth,42,deberta-v3-base,pareto_98,Conformity: rules,0.39,opposite_suppression,0.5,-0.05,opposite_margin,0.1
schwartz_geosmooth,42,deberta-v3-base,pareto_98,Conformity: interpersonal,0.22000000000000003,opposite_suppression,0.5,-0.05,opposite_margin,0.1
schwartz_geosmooth,42,deberta-v3-base,pareto_98,Humility,0.38,opposite_suppression,0.5,-0.05,opposite_margin,0.1
schwartz_geosmooth,42,deberta-v3-base,pareto_98,Benevolence: caring,0.29000000000000004,opposite_suppression,0.5,-0.05,opposite_margin,0.1
schwartz_geosmooth,42,deberta-v3-base,pareto_98,Benevolence: dependability,0.33,opposite_suppression,0.5,-0.05,opposite_margin,0.1
schwartz_geosmooth,42,deberta-v3-base,pareto_98,Universalism: concern,0.38,opposite_suppression,0.5,-0.05,opposite_margin,0.1
schwartz_geosmooth,42,deberta-v3-base,pareto_98,Universalism: nature,0.45,opposite_suppression,0.5,-0.05,opposite_margin,0.1
schwartz_geosmooth,42,deberta-v3-base,pareto_98,Universalism: tolerance,0.37,opposite_suppression,0.5,-0.05,opposite_margin,0.1
schwartz_geosmooth,42,deberta-v3-base,pareto_95,Self-direction: thought,0.31,opposite_suppression,0.5,-0.05,opposite_margin,0.1
schwartz_geosmooth,42,deberta-v3-base,pareto_95,Self-direction: action,0.24,opposite_suppression,0.5,-0.05,opposite_margin,0.1
schwartz_geosmooth,42,deberta-v3-base,pareto_95,Stimulation,0.37,opposite_suppression,0.5,-0.05,opposite_margin,0.1
schwartz_geosmooth,42,deberta-v3-base,pareto_95,Hedonism,0.33,opposite_suppression,0.5,-0.05,opposite_margin,0.1
schwartz_geosmooth,42,deberta-v3-base,pareto_95,Achievement,0.36000000000000004,opposite_suppression,0.5,-0.05,opposite_margin,0.1
schwartz_geosmooth,42,deberta-v3-base,pareto_95,Power: dominance,0.25,opposite_suppression,0.5,-0.05,opposite_margin,0.1
schwartz_geosmooth,42,deberta-v3-base,pareto_95,Power: resources,0.30000000000000004,opposite_suppression,0.5,-0.05,opposite_margin,0.1
schwartz_geosmooth,42,deberta-v3-base,pareto_95,Face,0.08,opposite_suppression,0.5,-0.05,opposite_margin,0.1
schwartz_geosmooth,42,deberta-v3-base,pareto_95,Security: personal,0.32,opposite_suppression,0.5,-0.05,opposite_margin,0.1
schwartz_geosmooth,42,deberta-v3-base,pareto_95,Security: societal,0.48000000000000004,opposite_suppression,0.5,-0.05,opposite_margin,0.1
schwartz_geosmooth,42,deberta-v3-base,pareto_95,Tradition,0.14,opposite_suppression,0.5,-0.05,opposite_margin,0.1
schwartz_geosmooth,42,deberta-v3-base,pareto_95,Conformity: rules,0.39,opposite_suppression,0.5,-0.05,opposite_margin,0.1
schwartz_geosmooth,42,deberta-v3-base,pareto_95,Conformity: interpersonal,0.22000000000000003,opposite_suppression,0.5,-0.05,opposite_margin,0.1
schwartz_geosmooth,42,deberta-v3-base,pareto_95,Humility,0.38,opposite_suppression,0.5,-0.05,opposite_margin,0.1
schwartz_geosmooth,42,deberta-v3-base,pareto_95,Benevolence: caring,0.29000000000000004,opposite_suppression,0.5,-0.05,opposite_margin,0.1
schwartz_geosmooth,42,deberta-v3-base,pareto_95,Benevolence: dependability,0.33,opposite_suppression,0.5,-0.05,opposite_margin,0.1
schwartz_geosmooth,42,deberta-v3-base,pareto_95,Universalism: concern,0.38,opposite_suppression,0.5,-0.05,opposite_margin,0.1
schwartz_geosmooth,42,deberta-v3-base,pareto_95,Universalism: nature,0.45,opposite_suppression,0.5,-0.05,opposite_margin,0.1
schwartz_geosmooth,42,deberta-v3-base,pareto_95,Universalism: tolerance,0.37,opposite_suppression,0.5,-0.05,opposite_margin,0.1
schwartz_geosmooth,1701,deberta-v3-base,standard,Self-direction: thought,0.28,none,0.0,0.0,none,
schwartz_geosmooth,1701,deberta-v3-base,standard,Self-direction: action,0.36,none,0.0,0.0,none,
schwartz_geosmooth,1701,deberta-v3-base,standard,Stimulation,0.52,none,0.0,0.0,none,
schwartz_geosmooth,1701,deberta-v3-base,standard,Hedonism,0.4,none,0.0,0.0,none,
schwartz_geosmooth,1701,deberta-v3-base,standard,Achievement,0.46,none,0.0,0.0,none,
schwartz_geosmooth,1701,deberta-v3-base,standard,Power: dominance,0.51,none,0.0,0.0,none,
schwartz_geosmooth,1701,deberta-v3-base,standard,Power: resources,0.52,none,0.0,0.0,none,
schwartz_geosmooth,1701,deberta-v3-base,standard,Face,0.29,none,0.0,0.0,none,
schwartz_geosmooth,1701,deberta-v3-base,standard,Security: personal,0.56,none,0.0,0.0,none,
schwartz_geosmooth,1701,deberta-v3-base,standard,Security: societal,0.54,none,0.0,0.0,none,
schwartz_geosmooth,1701,deberta-v3-base,standard,Tradition,0.4,none,0.0,0.0,none,
schwartz_geosmooth,1701,deberta-v3-base,standard,Conformity: rules,0.52,none,0.0,0.0,none,
schwartz_geosmooth,1701,deberta-v3-base,standard,Conformity: interpersonal,0.32,none,0.0,0.0,none,
schwartz_geosmooth,1701,deberta-v3-base,standard,Humility,0.37,none,0.0,0.0,none,
schwartz_geosmooth,1701,deberta-v3-base,standard,Benevolence: caring,0.42,none,0.0,0.0,none,
schwartz_geosmooth,1701,deberta-v3-base,standard,Benevolence: dependability,0.32,none,0.0,0.0,none,
schwartz_geosmooth,1701,deberta-v3-base,standard,Universalism: concern,0.48,none,0.0,0.0,none,
schwartz_geosmooth,1701,deberta-v3-base,standard,Universalism: nature,0.65,none,0.0,0.0,none,
schwartz_geosmooth,1701,deberta-v3-base,standard,Universalism: tolerance,0.66,none,0.0,0.0,none,
schwartz_geosmooth,1701,deberta-v3-base,f1,Self-direction: thought,0.28,none,0.0,0.0,opposite_margin,0.0
schwartz_geosmooth,1701,deberta-v3-base,f1,Self-direction: action,0.36,none,0.0,0.0,opposite_margin,0.0
schwartz_geosmooth,1701,deberta-v3-base,f1,Stimulation,0.52,none,0.0,0.0,opposite_margin,0.0
schwartz_geosmooth,1701,deberta-v3-base,f1,Hedonism,0.4,none,0.0,0.0,opposite_margin,0.0
schwartz_geosmooth,1701,deberta-v3-base,f1,Achievement,0.46,none,0.0,0.0,opposite_margin,0.0
schwartz_geosmooth,1701,deberta-v3-base,f1,Power: dominance,0.51,none,0.0,0.0,opposite_margin,0.0
schwartz_geosmooth,1701,deberta-v3-base,f1,Power: resources,0.52,none,0.0,0.0,opposite_margin,0.0
schwartz_geosmooth,1701,deberta-v3-base,f1,Face,0.29,none,0.0,0.0,opposite_margin,0.0
schwartz_geosmooth,1701,deberta-v3-base,f1,Security: personal,0.56,none,0.0,0.0,opposite_margin,0.0
schwartz_geosmooth,1701,deberta-v3-base,f1,Security: societal,0.54,none,0.0,0.0,opposite_margin,0.0
schwartz_geosmooth,1701,deberta-v3-base,f1,Tradition,0.4,none,0.0,0.0,opposite_margin,0.0
schwartz_geosmooth,1701,deberta-v3-base,f1,Conformity: rules,0.52,none,0.0,0.0,opposite_margin,0.0
schwartz_geosmooth,1701,deberta-v3-base,f1,Conformity: interpersonal,0.32,none,0.0,0.0,opposite_margin,0.0
schwartz_geosmooth,1701,deberta-v3-base,f1,Humility,0.37,none,0.0,0.0,opposite_margin,0.0
schwartz_geosmooth,1701,deberta-v3-base,f1,Benevolence: caring,0.42,none,0.0,0.0,opposite_margin,0.0
schwartz_geosmooth,1701,deberta-v3-base,f1,Benevolence: dependability,0.32,none,0.0,0.0,opposite_margin,0.0
schwartz_geosmooth,1701,deberta-v3-base,f1,Universalism: concern,0.48,none,0.0,0.0,opposite_margin,0.0
schwartz_geosmooth,1701,deberta-v3-base,f1,Universalism: nature,0.65,none,0.0,0.0,opposite_margin,0.0
schwartz_geosmooth,1701,deberta-v3-base,f1,Universalism: tolerance,0.66,none,0.0,0.0,opposite_margin,0.0
schwartz_geosmooth,1701,deberta-v3-base,pareto_99,Self-direction: thought,0.28,none,0.0,0.0,none,
schwartz_geosmooth,1701,deberta-v3-base,pareto_99,Self-direction: action,0.36,none,0.0,0.0,none,
schwartz_geosmooth,1701,deberta-v3-base,pareto_99,Stimulation,0.52,none,0.0,0.0,none,
schwartz_geosmooth,1701,deberta-v3-base,pareto_99,Hedonism,0.4,none,0.0,0.0,none,
schwartz_geosmooth,1701,deberta-v3-base,pareto_99,Achievement,0.46,none,0.0,0.0,none,
schwartz_geosmooth,1701,deberta-v3-base,pareto_99,Power: dominance,0.51,none,0.0,0.0,none,
schwartz_geosmooth,1701,deberta-v3-base,pareto_99,Power: resources,0.52,none,0.0,0.0,none,
schwartz_geosmooth,1701,deberta-v3-base,pareto_99,Face,0.29,none,0.0,0.0,none,
schwartz_geosmooth,1701,deberta-v3-base,pareto_99,Security: personal,0.56,none,0.0,0.0,none,
schwartz_geosmooth,1701,deberta-v3-base,pareto_99,Security: societal,0.54,none,0.0,0.0,none,
schwartz_geosmooth,1701,deberta-v3-base,pareto_99,Tradition,0.4,none,0.0,0.0,none,
schwartz_geosmooth,1701,deberta-v3-base,pareto_99,Conformity: rules,0.52,none,0.0,0.0,none,
schwartz_geosmooth,1701,deberta-v3-base,pareto_99,Conformity: interpersonal,0.32,none,0.0,0.0,none,
schwartz_geosmooth,1701,deberta-v3-base,pareto_99,Humility,0.37,none,0.0,0.0,none,
schwartz_geosmooth,1701,deberta-v3-base,pareto_99,Benevolence: caring,0.42,none,0.0,0.0,none,
schwartz_geosmooth,1701,deberta-v3-base,pareto_99,Benevolence: dependability,0.32,none,0.0,0.0,none,
schwartz_geosmooth,1701,deberta-v3-base,pareto_99,Universalism: concern,0.48,none,0.0,0.0,none,
schwartz_geosmooth,1701,deberta-v3-base,pareto_99,Universalism: nature,0.65,none,0.0,0.0,none,
schwartz_geosmooth,1701,deberta-v3-base,pareto_99,Universalism: tolerance,0.66,none,0.0,0.0,none,
schwartz_geosmooth,1701,deberta-v3-base,pareto_98,Self-direction: thought,0.28,none,0.0,0.0,none,
schwartz_geosmooth,1701,deberta-v3-base,pareto_98,Self-direction: action,0.36,none,0.0,0.0,none,
schwartz_geosmooth,1701,deberta-v3-base,pareto_98,Stimulation,0.52,none,0.0,0.0,none,
schwartz_geosmooth,1701,deberta-v3-base,pareto_98,Hedonism,0.4,none,0.0,0.0,none,
schwartz_geosmooth,1701,deberta-v3-base,pareto_98,Achievement,0.46,none,0.0,0.0,none,
schwartz_geosmooth,1701,deberta-v3-base,pareto_98,Power: dominance,0.51,none,0.0,0.0,none,
schwartz_geosmooth,1701,deberta-v3-base,pareto_98,Power: resources,0.52,none,0.0,0.0,none,
schwartz_geosmooth,1701,deberta-v3-base,pareto_98,Face,0.29,none,0.0,0.0,none,
schwartz_geosmooth,1701,deberta-v3-base,pareto_98,Security: personal,0.56,none,0.0,0.0,none,
schwartz_geosmooth,1701,deberta-v3-base,pareto_98,Security: societal,0.54,none,0.0,0.0,none,
schwartz_geosmooth,1701,deberta-v3-base,pareto_98,Tradition,0.4,none,0.0,0.0,none,
schwartz_geosmooth,1701,deberta-v3-base,pareto_98,Conformity: rules,0.52,none,0.0,0.0,none,
schwartz_geosmooth,1701,deberta-v3-base,pareto_98,Conformity: interpersonal,0.32,none,0.0,0.0,none,
schwartz_geosmooth,1701,deberta-v3-base,pareto_98,Humility,0.37,none,0.0,0.0,none,
schwartz_geosmooth,1701,deberta-v3-base,pareto_98,Benevolence: caring,0.42,none,0.0,0.0,none,
schwartz_geosmooth,1701,deberta-v3-base,pareto_98,Benevolence: dependability,0.32,none,0.0,0.0,none,
schwartz_geosmooth,1701,deberta-v3-base,pareto_98,Universalism: concern,0.48,none,0.0,0.0,none,
schwartz_geosmooth,1701,deberta-v3-base,pareto_98,Universalism: nature,0.65,none,0.0,0.0,none,
schwartz_geosmooth,1701,deberta-v3-base,pareto_98,Universalism: tolerance,0.66,none,0.0,0.0,none,
schwartz_geosmooth,1701,deberta-v3-base,pareto_95,Self-direction: thought,0.28,none,0.0,0.0,none,
schwartz_geosmooth,1701,deberta-v3-base,pareto_95,Self-direction: action,0.36,none,0.0,0.0,none,
schwartz_geosmooth,1701,deberta-v3-base,pareto_95,Stimulation,0.52,none,0.0,0.0,none,
schwartz_geosmooth,1701,deberta-v3-base,pareto_95,Hedonism,0.4,none,0.0,0.0,none,
schwartz_geosmooth,1701,deberta-v3-base,pareto_95,Achievement,0.46,none,0.0,0.0,none,
schwartz_geosmooth,1701,deberta-v3-base,pareto_95,Power: dominance,0.51,none,0.0,0.0,none,
schwartz_geosmooth,1701,deberta-v3-base,pareto_95,Power: resources,0.52,none,0.0,0.0,none,
schwartz_geosmooth,1701,deberta-v3-base,pareto_95,Face,0.29,none,0.0,0.0,none,
schwartz_geosmooth,1701,deberta-v3-base,pareto_95,Security: personal,0.56,none,0.0,0.0,none,
schwartz_geosmooth,1701,deberta-v3-base,pareto_95,Security: societal,0.54,none,0.0,0.0,none,
schwartz_geosmooth,1701,deberta-v3-base,pareto_95,Tradition,0.4,none,0.0,0.0,none,
schwartz_geosmooth,1701,deberta-v3-base,pareto_95,Conformity: rules,0.52,none,0.0,0.0,none,
schwartz_geosmooth,1701,deberta-v3-base,pareto_95,Conformity: interpersonal,0.32,none,0.0,0.0,none,
schwartz_geosmooth,1701,deberta-v3-base,pareto_95,Humility,0.37,none,0.0,0.0,none,
schwartz_geosmooth,1701,deberta-v3-base,pareto_95,Benevolence: caring,0.42,none,0.0,0.0,none,
schwartz_geosmooth,1701,deberta-v3-base,pareto_95,Benevolence: dependability,0.32,none,0.0,0.0,none,
schwartz_geosmooth,1701,deberta-v3-base,pareto_95,Universalism: concern,0.48,none,0.0,0.0,none,
schwartz_geosmooth,1701,deberta-v3-base,pareto_95,Universalism: nature,0.65,none,0.0,0.0,none,
schwartz_geosmooth,1701,deberta-v3-base,pareto_95,Universalism: tolerance,0.66,none,0.0,0.0,none,
schwartz_geosmooth,1984,deberta-v3-base,standard,Self-direction: thought,0.47000000000000003,none,0.0,0.0,none,
schwartz_geosmooth,1984,deberta-v3-base,standard,Self-direction: action,0.39,none,0.0,0.0,none,
schwartz_geosmooth,1984,deberta-v3-base,standard,Stimulation,0.48,none,0.0,0.0,none,
schwartz_geosmooth,1984,deberta-v3-base,standard,Hedonism,0.42,none,0.0,0.0,none,
schwartz_geosmooth,1984,deberta-v3-base,standard,Achievement,0.4,none,0.0,0.0,none,
schwartz_geosmooth,1984,deberta-v3-base,standard,Power: dominance,0.24,none,0.0,0.0,none,
schwartz_geosmooth,1984,deberta-v3-base,standard,Power: resources,0.31,none,0.0,0.0,none,
schwartz_geosmooth,1984,deberta-v3-base,standard,Face,0.16,none,0.0,0.0,none,
schwartz_geosmooth,1984,deberta-v3-base,standard,Security: personal,0.29,none,0.0,0.0,none,
schwartz_geosmooth,1984,deberta-v3-base,standard,Security: societal,0.32,none,0.0,0.0,none,
schwartz_geosmooth,1984,deberta-v3-base,standard,Tradition,0.21,none,0.0,0.0,none,
schwartz_geosmooth,1984,deberta-v3-base,standard,Conformity: rules,0.38,none,0.0,0.0,none,
schwartz_geosmooth,1984,deberta-v3-base,standard,Conformity: interpersonal,0.3,none,0.0,0.0,none,
schwartz_geosmooth,1984,deberta-v3-base,standard,Humility,0.44,none,0.0,0.0,none,
schwartz_geosmooth,1984,deberta-v3-base,standard,Benevolence: caring,0.55,none,0.0,0.0,none,
schwartz_geosmooth,1984,deberta-v3-base,standard,Benevolence: dependability,0.47000000000000003,none,0.0,0.0,none,
schwartz_geosmooth,1984,deberta-v3-base,standard,Universalism: concern,0.5,none,0.0,0.0,none,
schwartz_geosmooth,1984,deberta-v3-base,standard,Universalism: nature,0.6900000000000001,none,0.0,0.0,none,
schwartz_geosmooth,1984,deberta-v3-base,standard,Universalism: tolerance,0.67,none,0.0,0.0,none,
schwartz_geosmooth,1984,deberta-v3-base,f1,Self-direction: thought,0.47000000000000003,none,0.0,0.0,none,
schwartz_geosmooth,1984,deberta-v3-base,f1,Self-direction: action,0.39,none,0.0,0.0,none,
schwartz_geosmooth,1984,deberta-v3-base,f1,Stimulation,0.48,none,0.0,0.0,none,
schwartz_geosmooth,1984,deberta-v3-base,f1,Hedonism,0.42,none,0.0,0.0,none,
schwartz_geosmooth,1984,deberta-v3-base,f1,Achievement,0.4,none,0.0,0.0,none,
schwartz_geosmooth,1984,deberta-v3-base,f1,Power: dominance,0.24,none,0.0,0.0,none,
schwartz_geosmooth,1984,deberta-v3-base,f1,Power: resources,0.31,none,0.0,0.0,none,
schwartz_geosmooth,1984,deberta-v3-base,f1,Face,0.16,none,0.0,0.0,none,
schwartz_geosmooth,1984,deberta-v3-base,f1,Security: personal,0.29,none,0.0,0.0,none,
schwartz_geosmooth,1984,deberta-v3-base,f1,Security: societal,0.32,none,0.0,0.0,none,
schwartz_geosmooth,1984,deberta-v3-base,f1,Tradition,0.21,none,0.0,0.0,none,
schwartz_geosmooth,1984,deberta-v3-base,f1,Conformity: rules,0.38,none,0.0,0.0,none,
schwartz_geosmooth,1984,deberta-v3-base,f1,Conformity: interpersonal,0.3,none,0.0,0.0,none,
schwartz_geosmooth,1984,deberta-v3-base,f1,Humility,0.44,none,0.0,0.0,none,
schwartz_geosmooth,1984,deberta-v3-base,f1,Benevolence: caring,0.55,none,0.0,0.0,none,
schwartz_geosmooth,1984,deberta-v3-base,f1,Benevolence: dependability,0.47000000000000003,none,0.0,0.0,none,
schwartz_geosmooth,1984,deberta-v3-base,f1,Universalism: concern,0.5,none,0.0,0.0,none,
schwartz_geosmooth,1984,deberta-v3-base,f1,Universalism: nature,0.6900000000000001,none,0.0,0.0,none,
schwartz_geosmooth,1984,deberta-v3-base,f1,Universalism: tolerance,0.67,none,0.0,0.0,none,
schwartz_geosmooth,1984,deberta-v3-base,pareto_99,Self-direction: thought,0.47000000000000003,none,0.0,0.0,none,
schwartz_geosmooth,1984,deberta-v3-base,pareto_99,Self-direction: action,0.39,none,0.0,0.0,none,
schwartz_geosmooth,1984,deberta-v3-base,pareto_99,Stimulation,0.48,none,0.0,0.0,none,
schwartz_geosmooth,1984,deberta-v3-base,pareto_99,Hedonism,0.42,none,0.0,0.0,none,
schwartz_geosmooth,1984,deberta-v3-base,pareto_99,Achievement,0.4,none,0.0,0.0,none,
schwartz_geosmooth,1984,deberta-v3-base,pareto_99,Power: dominance,0.24,none,0.0,0.0,none,
schwartz_geosmooth,1984,deberta-v3-base,pareto_99,Power: resources,0.31,none,0.0,0.0,none,
schwartz_geosmooth,1984,deberta-v3-base,pareto_99,Face,0.16,none,0.0,0.0,none,
schwartz_geosmooth,1984,deberta-v3-base,pareto_99,Security: personal,0.29,none,0.0,0.0,none,
schwartz_geosmooth,1984,deberta-v3-base,pareto_99,Security: societal,0.32,none,0.0,0.0,none,
schwartz_geosmooth,1984,deberta-v3-base,pareto_99,Tradition,0.21,none,0.0,0.0,none,
schwartz_geosmooth,1984,deberta-v3-base,pareto_99,Conformity: rules,0.38,none,0.0,0.0,none,
schwartz_geosmooth,1984,deberta-v3-base,pareto_99,Conformity: interpersonal,0.3,none,0.0,0.0,none,
schwartz_geosmooth,1984,deberta-v3-base,pareto_99,Humility,0.44,none,0.0,0.0,none,
schwartz_geosmooth,1984,deberta-v3-base,pareto_99,Benevolence: caring,0.55,none,0.0,0.0,none,
schwartz_geosmooth,1984,deberta-v3-base,pareto_99,Benevolence: dependability,0.47000000000000003,none,0.0,0.0,none,
schwartz_geosmooth,1984,deberta-v3-base,pareto_99,Universalism: concern,0.5,none,0.0,0.0,none,
schwartz_geosmooth,1984,deberta-v3-base,pareto_99,Universalism: nature,0.6900000000000001,none,0.0,0.0,none,
schwartz_geosmooth,1984,deberta-v3-base,pareto_99,Universalism: tolerance,0.67,none,0.0,0.0,none,
schwartz_geosmooth,1984,deberta-v3-base,pareto_98,Self-direction: thought,0.42000000000000004,opposite_suppression,0.5,-0.05,none,
schwartz_geosmooth,1984,deberta-v3-base,pareto_98,Self-direction: action,0.34,opposite_suppression,0.5,-0.05,none,
schwartz_geosmooth,1984,deberta-v3-base,pareto_98,Stimulation,0.43,opposite_suppression,0.5,-0.05,none,
schwartz_geosmooth,1984,deberta-v3-base,pareto_98,Hedonism,0.37,opposite_suppression,0.5,-0.05,none,
schwartz_geosmooth,1984,deberta-v3-base,pareto_98,Achievement,0.35000000000000003,opposite_suppression,0.5,-0.05,none,
schwartz_geosmooth,1984,deberta-v3-base,pareto_98,Power: dominance,0.19,opposite_suppression,0.5,-0.05,none,
schwartz_geosmooth,1984,deberta-v3-base,pareto_98,Power: resources,0.26,opposite_suppression,0.5,-0.05,none,
schwartz_geosmooth,1984,deberta-v3-base,pareto_98,Face,0.11,opposite_suppression,0.5,-0.05,none,
schwartz_geosmooth,1984,deberta-v3-base,pareto_98,Security: personal,0.24,opposite_suppression,0.5,-0.05,none,
schwartz_geosmooth,1984,deberta-v3-base,pareto_98,Security: societal,0.27,opposite_suppression,0.5,-0.05,none,
schwartz_geosmooth,1984,deberta-v3-base,pareto_98,Tradition,0.15999999999999998,opposite_suppression,0.5,-0.05,none,
schwartz_geosmooth,1984,deberta-v3-base,pareto_98,Conformity: rules,0.33,opposite_suppression,0.5,-0.05,none,
schwartz_geosmooth,1984,deberta-v3-base,pareto_98,Conformity: interpersonal,0.25,opposite_suppression,0.5,-0.05,none,
schwartz_geosmooth,1984,deberta-v3-base,pareto_98,Humility,0.39,opposite_suppression,0.5,-0.05,none,
schwartz_geosmooth,1984,deberta-v3-base,pareto_98,Benevolence: caring,0.5,opposite_suppression,0.5,-0.05,none,
schwartz_geosmooth,1984,deberta-v3-base,pareto_98,Benevolence: dependability,0.42000000000000004,opposite_suppression,0.5,-0.05,none,
schwartz_geosmooth,1984,deberta-v3-base,pareto_98,Universalism: concern,0.45,opposite_suppression,0.5,-0.05,none,
schwartz_geosmooth,1984,deberta-v3-base,pareto_98,Universalism: nature,0.64,opposite_suppression,0.5,-0.05,none,
schwartz_geosmooth,1984,deberta-v3-base,pareto_98,Universalism: tolerance,0.62,opposite_suppression,0.5,-0.05,none,
schwartz_geosmooth,1984,deberta-v3-base,pareto_95,Self-direction: thought,0.42000000000000004,opposite_suppression,0.5,-0.05,none,
schwartz_geosmooth,1984,deberta-v3-base,pareto_95,Self-direction: action,0.34,opposite_suppression,0.5,-0.05,none,
schwartz_geosmooth,1984,deberta-v3-base,pareto_95,Stimulation,0.43,opposite_suppression,0.5,-0.05,none,
schwartz_geosmooth,1984,deberta-v3-base,pareto_95,Hedonism,0.37,opposite_suppression,0.5,-0.05,none,
schwartz_geosmooth,1984,deberta-v3-base,pareto_95,Achievement,0.35000000000000003,opposite_suppression,0.5,-0.05,none,
schwartz_geosmooth,1984,deberta-v3-base,pareto_95,Power: dominance,0.19,opposite_suppression,0.5,-0.05,none,
schwartz_geosmooth,1984,deberta-v3-base,pareto_95,Power: resources,0.26,opposite_suppression,0.5,-0.05,none,
schwartz_geosmooth,1984,deberta-v3-base,pareto_95,Face,0.11,opposite_suppression,0.5,-0.05,none,
schwartz_geosmooth,1984,deberta-v3-base,pareto_95,Security: personal,0.24,opposite_suppression,0.5,-0.05,none,
schwartz_geosmooth,1984,deberta-v3-base,pareto_95,Security: societal,0.27,opposite_suppression,0.5,-0.05,none,
schwartz_geosmooth,1984,deberta-v3-base,pareto_95,Tradition,0.15999999999999998,opposite_suppression,0.5,-0.05,none,
schwartz_geosmooth,1984,deberta-v3-base,pareto_95,Conformity: rules,0.33,opposite_suppression,0.5,-0.05,none,
schwartz_geosmooth,1984,deberta-v3-base,pareto_95,Conformity: interpersonal,0.25,opposite_suppression,0.5,-0.05,none,
schwartz_geosmooth,1984,deberta-v3-base,pareto_95,Humility,0.39,opposite_suppression,0.5,-0.05,none,
schwartz_geosmooth,1984,deberta-v3-base,pareto_95,Benevolence: caring,0.5,opposite_suppression,0.5,-0.05,none,
schwartz_geosmooth,1984,deberta-v3-base,pareto_95,Benevolence: dependability,0.42000000000000004,opposite_suppression,0.5,-0.05,none,
schwartz_geosmooth,1984,deberta-v3-base,pareto_95,Universalism: concern,0.45,opposite_suppression,0.5,-0.05,none,
schwartz_geosmooth,1984,deberta-v3-base,pareto_95,Universalism: nature,0.64,opposite_suppression,0.5,-0.05,none,
schwartz_geosmooth,1984,deberta-v3-base,pareto_95,Universalism: tolerance,0.62,opposite_suppression,0.5,-0.05,none,
