method,seed,model_slug,geometry,family,objective,top_k,max_candidates,max_labels,threshold_factor,min_prob,marginal_temperature,neighbor_steps,random_seed,empirical_metric,alpha_neighbor,beta_opposite,gamma_cardinality,validation_macro_f1,validation_micro_f1,validation_macro_auprc,validation_micro_auprc,validation_circular_error,validation_opposite_value_activation,validation_neighbor_error_rate,validation_opposite_error_rate,validation_confusion_distance_correlation,validation_decoder_geometry_cost,validation_n_predictions,validation_prediction_rate,test_macro_f1,test_micro_f1,test_macro_auprc,test_micro_auprc,test_circular_error,test_opposite_value_activation,test_neighbor_error_rate,test_opposite_error_rate,test_confusion_distance_correlation,test_decoder_geometry_cost,test_n_predictions,test_prediction_rate
bce,7,deberta-v3-base,schwartz,cardinality_only,standard,8,8,5,0.5,0.01,1.0,2,42,jaccard,0.0,0.0,0.0,0.3045814004479097,0.3556668753913588,0.23252428239654177,0.2871738241749431,0.1480912471355951,0.05745671938918532,0.17013478363679357,0.5277843461811302,-0.07894363128204214,0.6189754985358816,12150.0,0.04290617848970252,0.2936736627630485,0.3475988561285869,0.23795926960713357,0.28730297439899594,0.14392374339356276,0.05411234585142704,0.1912719403702813,0.5159894205337822,-0.12424872169013074,0.5830126392139328,11843.0,0.0427837044048105
bce,7,deberta-v3-base,schwartz,cardinality_only,f1,8,8,5,0.5,0.01,1.0,2,42,jaccard,0.0,0.0,0.0,0.3045814004479097,0.3556668753913588,0.23252428239654177,0.2871738241749431,0.1480912471355951,0.05745671938918532,0.17013478363679357,0.5277843461811302,-0.07894363128204214,0.6189754985358816,12150.0,0.04290617848970252,0.2936736627630485,0.3475988561285869,0.23795926960713357,0.28730297439899594,0.14392374339356276,0.05411234585142704,0.1912719403702813,0.5159894205337822,-0.12424872169013074,0.5830126392139328,11843.0,0.0427837044048105
bce,7,deberta-v3-base,schwartz,cardinality_only,pareto_99,8,8,5,0.5,0.01,1.0,2,42,jaccard,0.0,0.0,0.02,0.30239333812530184,0.3553446940356313,0.2288183534586009,0.27767787069237976,0.3124630168732189,0.12515493596296223,0.16907462686567165,0.5290746268656716,-0.08071553288808174,0.6174337208432615,12045.0,0.042535384354606326,0.29420109798334176,0.348450341617982,0.23465010230322755,0.28133095028337124,0.30514483002837783,0.11936837163227275,0.19174757281553398,0.516626213592233,-0.12710576292512285,0.5812680234826442,11759.0,0.042480248256030285
bce,7,deberta-v3-base,schwartz,cardinality_only,pareto_98,8,8,5,0.5,0.01,1.0,2,42,jaccard,0.0,0.0,0.02,0.30239333812530184,0.3553446940356313,0.2288183534586009,0.27767787069237976,0.3124630168732189,0.12515493596296223,0.16907462686567165,0.5290746268656716,-0.08071553288808174,0.6174337208432615,12045.0,0.042535384354606326,0.29420109798334176,0.348450341617982,0.23465010230322755,0.28133095028337124,0.30514483002837783,0.11936837163227275,0.19174757281553398,0.516626213592233,-0.12710576292512285,0.5812680234826442,11759.0,0.042480248256030285
bce,7,deberta-v3-base,schwartz,cardinality_only,pareto_95,8,8,5,0.5,0.01,1.0,2,42,jaccard,0.0,0.0,0.02,0.30239333812530184,0.3553446940356313,0.2288183534586009,0.27767787069237976,0.3124630168732189,0.12515493596296223,0.16907462686567165,0.5290746268656716,-0.08071553288808174,0.6174337208432615,12045.0,0.042535384354606326,0.29420109798334176,0.348450341617982,0.23465010230322755,0.28133095028337124,0.30514483002837783,0.11936837163227275,0.19174757281553398,0.516626213592233,-0.12710576292512285,0.5812680234826442,11759.0,0.042480248256030285
bce,7,deberta-v3-base,schwartz,neighbor_only,standard,8,8,5,0.5,0.01,1.0,2,42,jaccard,0.0,0.0,0.0,0.3045814004479097,0.3556668753913588,0.23252428239654177,0.2871738241749431,0.1480912471355951,0.05745671938918532,0.17013478363679357,0.5277843461811302,-0.07894363128204214,0.6189754985358816,12150.0,0.04290617848970252,0.2936736627630485,0.3475988561285869,0.23795926960713357,0.28730297439899594,0.14392374339356276,0.05411234585142704,0.1912719403702813,0.5159894205337822,-0.12424872169013074,0.5830126392139328,11843.0,0.0427837044048105
bce,7,deberta-v3-base,schwartz,neighbor_only,f1,8,8,5,0.5,0.01,1.0,2,42,jaccard,0.0,0.0,0.0,0.3045814004479097,0.3556668753913588,0.23252428239654177,0.2871738241749431,0.1480912471355951,0.05745671938918532,0.17013478363679357,0.5277843461811302,-0.07894363128204214,0.6189754985358816,12150.0,0.04290617848970252,0.2936736627630485,0.3475988561285869,0.23795926960713357,0.28730297439899594,0.14392374339356276,0.05411234585142704,0.1912719403702813,0.5159894205337822,-0.12424872169013074,0.5830126392139328,11843.0,0.0427837044048105
bce,7,deberta-v3-base,schwartz,neighbor_only,pareto_99,8,8,5,0.5,0.01,1.0,2,42,jaccard,0.1,0.0,0.0,0.3033444930544727,0.354699626329405,0.22891966365346816,0.27744619881773935,0.3201101709762102,0.12814798562639276,0.17264338278238522,0.5258731456605537,-0.08234911800033334,0.6161674104426056,12263.0,0.043305223606520324,0.29438057905172393,0.3473030466037459,0.23539534939259865,0.2813215550782771,0.31268892333406795,0.12222244421130889,0.19434921385506562,0.5128265752453008,-0.1302196953874809,0.5769560937128856,12010.0,0.04338700412917117
bce,7,deberta-v3-base,schwartz,neighbor_only,pareto_98,8,8,5,0.5,0.01,1.0,2,42,jaccard,0.1,0.0,0.0,0.3033444930544727,0.354699626329405,0.22891966365346816,0.27744619881773935,0.3201101709762102,0.12814798562639276,0.17264338278238522,0.5258731456605537,-0.08234911800033334,0.6161674104426056,12263.0,0.043305223606520324,0.29438057905172393,0.3473030466037459,0.23539534939259865,0.2813215550782771,0.31268892333406795,0.12222244421130889,0.19434921385506562,0.5128265752453008,-0.1302196953874809,0.5769560937128856,12010.0,0.04338700412917117
bce,7,deberta-v3-base,schwartz,neighbor_only,pareto_95,8,8,5,0.5,0.01,1.0,2,42,jaccard,0.1,0.0,0.0,0.3033444930544727,0.354699626329405,0.22891966365346816,0.27744619881773935,0.3201101709762102,0.12814798562639276,0.17264338278238522,0.5258731456605537,-0.08234911800033334,0.6161674104426056,12263.0,0.043305223606520324,0.29438057905172393,0.3473030466037459,0.23539534939259865,0.2813215550782771,0.31268892333406795,0.12222244421130889,0.19434921385506562,0.5128265752453008,-0.1302196953874809,0.5769560937128856,12010.0,0.04338700412917117
bce,7,deberta-v3-base,schwartz,opposite_only,standard,8,8,5,0.5,0.01,1.0,2,42,jaccard,0.0,0.0,0.0,0.3045814004479097,0.3556668753913588,0.23252428239654177,0.2871738241749431,0.1480912471355951,0.05745671938918532,0.17013478363679357,0.5277843461811302,-0.07894363128204214,0.6189754985358816,12150.0,0.04290617848970252,0.2936736627630485,0.3475988561285869,0.23795926960713357,0.28730297439899594,0.14392374339356276,0.05411234585142704,0.1912719403702813,0.5159894205337822,-0.12424872169013074,0.5830126392139328,11843.0,0.0427837044048105
bce,7,deberta-v3-base,schwartz,opposite_only,f1,8,8,5,0.5,0.01,1.0,2,42,jaccard,0.0,0.0,0.0,0.3045814004479097,0.3556668753913588,0.23252428239654177,0.2871738241749431,0.1480912471355951,0.05745671938918532,0.17013478363679357,0.5277843461811302,-0.07894363128204214,0.6189754985358816,12150.0,0.04290617848970252,0.2936736627630485,0.3475988561285869,0.23795926960713357,0.28730297439899594,0.14392374339356276,0.05411234585142704,0.1912719403702813,0.5159894205337822,-0.12424872169013074,0.5830126392139328,11843.0,0.0427837044048105
bce,7,deberta-v3-base,schwartz,opposite_only,pareto_99,8,8,5,0.5,0.01,1.0,2,42,jaccard,0.0,0.2,0.0,0.30290242110289417,0.3550364963503649,0.2287352631157964,0.2773073783181962,0.3029972112941077,0.11814718779475727,0.17006392473766735,0.528163068387408,-0.08844446981213465,0.6097825233129407,11939.0,0.04216105884679493,0.29400025507111927,0.34857000746083067,0.23460556672013322,0.280796744138504,0.2958150887272184,0.11251851543212688,0.19076206812055868,0.516049987748101,-0.132051169195758,0.5747608866729017,11666.0,0.04214427894845219
bce,7,deberta-v3-base,schwartz,opposite_only,pareto_98,8,8,5,0.5,0.01,1.0,2,42,jaccard,0.0,0.2,0.0,0.30290242110289417,0.3550364963503649,0.2287352631157964,0.2773073783181962,0.3029972112941077,0.11814718779475727,0.17006392473766735,0.528163068387408,-0.08844446981213465,0.6097825233129407,11939.0,0.04216105884679493,0.29400025507111927,0.34857000746083067,0.23460556672013322,0.280796744138504,0.2958150887272184,0.11251851543212688,0.19076206812055868,0.516049987748101,-0.132051169195758,0.5747608866729017,11666.0,0.04214427894845219
bce,7,deberta-v3-base,schwartz,opposite_only,pareto_95,8,8,5,0.5,0.01,1.0,2,42,jaccard,0.0,0.2,0.0,0.30290242110289417,0.3550364963503649,0.2287352631157964,0.2773073783181962,0.3029972112941077,0.11814718779475727,0.17006392473766735,0.528163068387408,-0.08844446981213465,0.6097825233129407,11939.0,0.04216105884679493,0.29400025507111927,0.34857000746083067,0.23460556672013322,0.280796744138504,0.2958150887272184,0.11251851543212688,0.19076206812055868,0.516049987748101,-0.132051169195758,0.5747608866729017,11666.0,0.04214427894845219
bce,7,deberta-v3-base,schwartz,neighbor_opposite,standard,8,8,5,0.5,0.01,1.0,2,42,jaccard,0.0,0.0,0.0,0.3045814004479097,0.3556668753913588,0.23252428239654177,0.2871738241749431,0.1480912471355951,0.05745671938918532,0.17013478363679357,0.5277843461811302,-0.07894363128204214,0.6189754985358816,12150.0,0.04290617848970252,0.2936736627630485,0.3475988561285869,0.23795926960713357,0.28730297439899594,0.14392374339356276,0.05411234585142704,0.1912719403702813,0.5159894205337822,-0.12424872169013074,0.5830126392139328,11843.0,0.0427837044048105
bce,7,deberta-v3-base,schwartz,neighbor_opposite,f1,8,8,5,0.5,0.01,1.0,2,42,jaccard,0.0,0.0,0.0,0.3045814004479097,0.3556668753913588,0.23252428239654177,0.2871738241749431,0.1480912471355951,0.05745671938918532,0.17013478363679357,0.5277843461811302,-0.07894363128204214,0.6189754985358816,12150.0,0.04290617848970252,0.2936736627630485,0.3475988561285869,0.23795926960713357,0.28730297439899594,0.14392374339356276,0.05411234585142704,0.1912719403702813,0.5159894205337822,-0.12424872169013074,0.5830126392139328,11843.0,0.0427837044048105
bce,7,deberta-v3-base,schwartz,neighbor_opposite,pareto_99,8,8,5,0.5,0.01,1.0,2,42,jaccard,0.1,0.2,0.0,0.30216519290594374,0.3542160514730782,0.2288535265565217,0.27706447080727387,0.30734291690070104,0.11968691813276754,0.1728777235385165,0.525657816406715,-0.09199248659204233,0.6065430533531893,12060.0,0.04258835494533435,0.2943628315106296,0.34822089522775507,0.23512684013224416,0.28064444075754685,0.30010697867988234,0.11396784859500882,0.19431051108968178,0.5130183220829315,-0.13837182959361163,0.5689570035790017,11824.0,0.04271506551401498
bce,7,deberta-v3-base,schwartz,neighbor_opposite,pareto_98,8,8,5,0.5,0.01,1.0,2,42,jaccard,0.1,0.2,0.0,0.30216519290594374,0.3542160514730782,0.2288535265565217,0.27706447080727387,0.30734291690070104,0.11968691813276754,0.1728777235385165,0.525657816406715,-0.09199248659204233,0.6065430533531893,12060.0,0.04258835494533435,0.2943628315106296,0.34822089522775507,0.23512684013224416,0.28064444075754685,0.30010697867988234,0.11396784859500882,0.19431051108968178,0.5130183220829315,-0.13837182959361163,0.5689570035790017,11824.0,0.04271506551401498
bce,7,deberta-v3-base,schwartz,neighbor_opposite,pareto_95,8,8,5,0.5,0.01,1.0,2,42,jaccard,0.1,0.2,0.0,0.30216519290594374,0.3542160514730782,0.2288535265565217,0.27706447080727387,0.30734291690070104,0.11968691813276754,0.1728777235385165,0.525657816406715,-0.09199248659204233,0.6065430533531893,12060.0,0.04258835494533435,0.2943628315106296,0.34822089522775507,0.23512684013224416,0.28064444075754685,0.30010697867988234,0.11396784859500882,0.19431051108968178,0.5130183220829315,-0.13837182959361163,0.5689570035790017,11824.0,0.04271506551401498
bce,7,deberta-v3-base,schwartz,full,standard,8,8,5,0.5,0.01,1.0,2,42,jaccard,0.0,0.0,0.0,0.3045814004479097,0.3556668753913588,0.23252428239654177,0.2871738241749431,0.1480912471355951,0.05745671938918532,0.17013478363679357,0.5277843461811302,-0.07894363128204214,0.6189754985358816,12150.0,0.04290617848970252,0.2936736627630485,0.3475988561285869,0.23795926960713357,0.28730297439899594,0.14392374339356276,0.05411234585142704,0.1912719403702813,0.5159894205337822,-0.12424872169013074,0.5830126392139328,11843.0,0.0427837044048105
bce,7,deberta-v3-base,schwartz,full,f1,8,8,5,0.5,0.01,1.0,2,42,jaccard,0.0,0.0,0.0,0.3045814004479097,0.3556668753913588,0.23252428239654177,0.2871738241749431,0.1480912471355951,0.05745671938918532,0.17013478363679357,0.5277843461811302,-0.07894363128204214,0.6189754985358816,12150.0,0.04290617848970252,0.2936736627630485,0.3475988561285869,0.23795926960713357,0.28730297439899594,0.14392374339356276,0.05411234585142704,0.1912719403702813,0.5159894205337822,-0.12424872169013074,0.5830126392139328,11843.0,0.0427837044048105
bce,7,deberta-v3-base,schwartz,full,pareto_99,8,8,5,0.5,0.01,1.0,2,42,jaccard,0.1,0.2,0.0,0.30216519290594374,0.3542160514730782,0.2288535265565217,0.27706447080727387,0.30734291690070104,0.11968691813276754,0.1728777235385165,0.525657816406715,-0.09199248659204233,0.6065430533531893,12060.0,0.04258835494533435,0.2943628315106296,0.34822089522775507,0.23512684013224416,0.28064444075754685,0.30010697867988234,0.11396784859500882,0.19431051108968178,0.5130183220829315,-0.13837182959361163,0.5689570035790017,11824.0,0.04271506551401498
bce,7,deberta-v3-base,schwartz,full,pareto_98,8,8,5,0.5,0.01,1.0,2,42,jaccard,0.1,0.2,0.02,0.30019036982915975,0.3536727555382822,0.22882562466468118,0.2770938774298241,0.304484826051279,0.1185432789373771,0.17256690267610705,0.5265810632425297,-0.09291140914283592,0.6062365567758009,11973.0,0.04228112551911179,0.29419246472209787,0.34829567974633374,0.23507398909896152,0.2806155870727003,0.29730571513909676,0.11287606243965842,0.1939246658566221,0.513730255164034,-0.1387950770701493,0.5688598439505069,11745.0,0.04242967223123358
bce,7,deberta-v3-base,schwartz,full,pareto_95,8,8,5,0.5,0.01,1.0,2,42,jaccard,0.1,0.2,0.02,0.30019036982915975,0.3536727555382822,0.22882562466468118,0.2770938774298241,0.304484826051279,0.1185432789373771,0.17256690267610705,0.5265810632425297,-0.09291140914283592,0.6062365567758009,11973.0,0.04228112551911179,0.29419246472209787,0.34829567974633374,0.23507398909896152,0.2806155870727003,0.29730571513909676,0.11287606243965842,0.1939246658566221,0.513730255164034,-0.1387950770701493,0.5688598439505069,11745.0,0.04242967223123358
bce,7,deberta-v3-base,random,cardinality_only,standard,8,8,5,0.5,0.01,1.0,2,42,jaccard,0.0,0.0,0.0,0.3045814004479097,0.3556668753913588,0.23252428239654177,0.2871738241749431,0.1480912471355951,0.05745671938918532,0.17013478363679357,0.5277843461811302,-0.07894363128204214,0.6189754985358816,12150.0,0.04290617848970252,0.2936736627630485,0.3475988561285869,0.23795926960713357,0.28730297439899594,0.14392374339356276,0.05411234585142704,0.1912719403702813,0.5159894205337822,-0.12424872169013074,0.5830126392139328,11843.0,0.0427837044048105
bce,7,deberta-v3-base,random,cardinality_only,f1,8,8,5,0.5,0.01,1.0,2,42,jaccard,0.0,0.0,0.0,0.3045814004479097,0.3556668753913588,0.23252428239654177,0.2871738241749431,0.1480912471355951,0.05745671938918532,0.17013478363679357,0.5277843461811302,-0.07894363128204214,0.6189754985358816,12150.0,0.04290617848970252,0.2936736627630485,0.3475988561285869,0.23795926960713357,0.28730297439899594,0.14392374339356276,0.05411234585142704,0.1912719403702813,0.5159894205337822,-0.12424872169013074,0.5830126392139328,11843.0,0.0427837044048105
bce,7,deberta-v3-base,random,cardinality_only,pareto_99,8,8,5,0.5,0.01,1.0,2,42,jaccard,0.0,0.0,0.02,0.30239333812530184,0.3553446940356313,0.2288183534586009,0.27767787069237976,0.3124630168732189,0.12515493596296223,0.16907462686567165,0.5290746268656716,-0.08071553288808174,0.6174337208432615,12045.0,0.042535384354606326,0.29420109798334176,0.348450341617982,0.23465010230322755,0.28133095028337124,0.30514483002837783,0.11936837163227275,0.19174757281553398,0.516626213592233,-0.12710576292512285,0.5812680234826442,11759.0,0.042480248256030285
bce,7,deberta-v3-base,random,cardinality_only,pareto_98,8,8,5,0.5,0.01,1.0,2,42,jaccard,0.0,0.0,0.02,0.30239333812530184,0.3553446940356313,0.2288183534586009,0.27767787069237976,0.3124630168732189,0.12515493596296223,0.16907462686567165,0.5290746268656716,-0.08071553288808174,0.6174337208432615,12045.0,0.042535384354606326,0.29420109798334176,0.348450341617982,0.23465010230322755,0.28133095028337124,0.30514483002837783,0.11936837163227275,0.19174757281553398,0.516626213592233,-0.12710576292512285,0.5812680234826442,11759.0,0.042480248256030285
bce,7,deberta-v3-base,random,cardinality_only,pareto_95,8,8,5,0.5,0.01,1.0,2,42,jaccard,0.0,0.0,0.02,0.30239333812530184,0.3553446940356313,0.2288183534586009,0.27767787069237976,0.3124630168732189,0.12515493596296223,0.16907462686567165,0.5290746268656716,-0.08071553288808174,0.6174337208432615,12045.0,0.042535384354606326,0.29420109798334176,0.348450341617982,0.23465010230322755,0.28133095028337124,0.30514483002837783,0.11936837163227275,0.19174757281553398,0.516626213592233,-0.12710576292512285,0.5812680234826442,11759.0,0.042480248256030285
bce,7,deberta-v3-base,random,neighbor_only,standard,8,8,5,0.5,0.01,1.0,2,42,jaccard,0.0,0.0,0.0,0.3045814004479097,0.3556668753913588,0.23252428239654177,0.2871738241749431,0.1480912471355951,0.05745671938918532,0.17013478363679357,0.5277843461811302,-0.07894363128204214,0.6189754985358816,12150.0,0.04290617848970252,0.2936736627630485,0.3475988561285869,0.23795926960713357,0.28730297439899594,0.14392374339356276,0.05411234585142704,0.1912719403702813,0.5159894205337822,-0.12424872169013074,0.5830126392139328,11843.0,0.0427837044048105
bce,7,deberta-v3-base,random,neighbor_only,f1,8,8,5,0.5,0.01,1.0,2,42,jaccard,0.0,0.0,0.0,0.3045814004479097,0.3556668753913588,0.23252428239654177,0.2871738241749431,0.1480912471355951,0.05745671938918532,0.17013478363679357,0.5277843461811302,-0.07894363128204214,0.6189754985358816,12150.0,0.04290617848970252,0.2936736627630485,0.3475988561285869,0.23795926960713357,0.28730297439899594,0.14392374339356276,0.05411234585142704,0.1912719403702813,0.5159894205337822,-0.12424872169013074,0.5830126392139328,11843.0,0.0427837044048105
bce,7,deberta-v3-base,random,neighbor_only,pareto_99,8,8,5,0.5,0.01,1.0,2,42,jaccard,0.0,0.0,0.0,0.3045814004479097,0.3556668753913588,0.23252428239654177,0.2871738241749431,0.1480912471355951,0.05745671938918532,0.17013478363679357,0.5277843461811302,-0.07894363128204214,0.6189754985358816,12150.0,0.04290617848970252,0.2936736627630485,0.3475988561285869,0.23795926960713357,0.28730297439899594,0.14392374339356276,0.05411234585142704,0.1912719403702813,0.5159894205337822,-0.12424872169013074,0.5830126392139328,11843.0,0.0427837044048105
bce,7,deberta-v3-base,random,neighbor_only,pareto_98,8,8,5,0.5,0.01,1.0,2,42,jaccard,0.0,0.0,0.0,0.3045814004479097,0.3556668753913588,0.23252428239654177,0.2871738241749431,0.1480912471355951,0.05745671938918532,0.17013478363679357,0.5277843461811302,-0.07894363128204214,0.6189754985358816,12150.0,0.04290617848970252,0.2936736627630485,0.3475988561285869,0.23795926960713357,0.28730297439899594,0.14392374339356276,0.05411234585142704,0.1912719403702813,0.5159894205337822,-0.12424872169013074,0.5830126392139328,11843.0,0.0427837044048105
bce,7,deberta-v3-base,random,neighbor_only,pareto_95,8,8,5,0.5,0.01,1.0,2,42,jaccard,0.0,0.0,0.0,0.3045814004479097,0.3556668753913588,0.23252428239654177,0.2871738241749431,0.1480912471355951,0.05745671938918532,0.17013478363679357,0.5277843461811302,-0.07894363128204214,0.6189754985358816,12150.0,0.04290617848970252,0.2936736627630485,0.3475988561285869,0.23795926960713357,0.28730297439899594,0.14392374339356276,0.05411234585142704,0.1912719403702813,0.5159894205337822,-0.12424872169013074,0.5830126392139328,11843.0,0.0427837044048105
bce,7,deberta-v3-base,random,opposite_only,standard,8,8,5,0.5,0.01,1.0,2,42,jaccard,0.0,0.0,0.0,0.3045814004479097,0.3556668753913588,0.23252428239654177,0.2871738241749431,0.1480912471355951,0.05745671938918532,0.17013478363679357,0.5277843461811302,-0.07894363128204214,0.6189754985358816,12150.0,0.04290617848970252,0.2936736627630485,0.3475988561285869,0.23795926960713357,0.28730297439899594,0.14392374339356276,0.05411234585142704,0.1912719403702813,0.5159894205337822,-0.12424872169013074,0.5830126392139328,11843.0,0.0427837044048105
bce,7,deberta-v3-base,random,opposite_only,f1,8,8,5,0.5,0.01,1.0,2,42,jaccard,0.0,0.0,0.0,0.3045814004479097,0.3556668753913588,0.23252428239654177,0.2871738241749431,0.1480912471355951,0.05745671938918532,0.17013478363679357,0.5277843461811302,-0.07894363128204214,0.6189754985358816,12150.0,0.04290617848970252,0.2936736627630485,0.3475988561285869,0.23795926960713357,0.28730297439899594,0.14392374339356276,0.05411234585142704,0.1912719403702813,0.5159894205337822,-0.12424872169013074,0.5830126392139328,11843.0,0.0427837044048105
bce,7,deberta-v3-base,random,opposite_only,pareto_99,8,8,5,0.5,0.01,1.0,2,42,jaccard,0.0,0.0,0.0,0.3045814004479097,0.3556668753913588,0.23252428239654177,0.2871738241749431,0.1480912471355951,0.05745671938918532,0.17013478363679357,0.5277843461811302,-0.07894363128204214,0.6189754985358816,12150.0,0.04290617848970252,0.2936736627630485,0.3475988561285869,0.23795926960713357,0.28730297439899594,0.14392374339356276,0.05411234585142704,0.1912719403702813,0.5159894205337822,-0.12424872169013074,0.5830126392139328,11843.0,0.0427837044048105
bce,7,deberta-v3-base,random,opposite_only,pareto_98,8,8,5,0.5,0.01,1.0,2,42,jaccard,0.0,0.0,0.0,0.3045814004479097,0.3556668753913588,0.23252428239654177,0.2871738241749431,0.1480912471355951,0.05745671938918532,0.17013478363679357,0.5277843461811302,-0.07894363128204214,0.6189754985358816,12150.0,0.04290617848970252,0.2936736627630485,0.3475988561285869,0.23795926960713357,0.28730297439899594,0.14392374339356276,0.05411234585142704,0.1912719403702813,0.5159894205337822,-0.12424872169013074,0.5830126392139328,11843.0,0.0427837044048105
bce,7,deberta-v3-base,random,opposite_only,pareto_95,8,8,5,0.5,0.01,1.0,2,42,jaccard,0.0,0.0,0.0,0.3045814004479097,0.3556668753913588,0.23252428239654177,0.2871738241749431,0.1480912471355951,0.05745671938918532,0.17013478363679357,0.5277843461811302,-0.07894363128204214,0.6189754985358816,12150.0,0.04290617848970252,0.2936736627630485,0.3475988561285869,0.23795926960713357,0.28730297439899594,0.14392374339356276,0.05411234585142704,0.1912719403702813,0.5159894205337822,-0.12424872169013074,0.5830126392139328,11843.0,0.0427837044048105
bce,7,deberta-v3-base,random,neighbor_opposite,standard,8,8,5,0.5,0.01,1.0,2,42,jaccard,0.0,0.0,0.0,0.3045814004479097,0.3556668753913588,0.23252428239654177,0.2871738241749431,0.1480912471355951,0.05745671938918532,0.17013478363679357,0.5277843461811302,-0.07894363128204214,0.6189754985358816,12150.0,0.04290617848970252,0.2936736627630485,0.3475988561285869,0.23795926960713357,0.28730297439899594,0.14392374339356276,0.05411234585142704,0.1912719403702813,0.5159894205337822,-0.12424872169013074,0.5830126392139328,11843.0,0.0427837044048105
bce,7,deberta-v3-base,random,neighbor_opposite,f1,8,8,5,0.5,0.01,1.0,2,42,jaccard,0.0,0.0,0.0,0.3045814004479097,0.3556668753913588,0.23252428239654177,0.2871738241749431,0.1480912471355951,0.05745671938918532,0.17013478363679357,0.5277843461811302,-0.07894363128204214,0.6189754985358816,12150.0,0.04290617848970252,0.2936736627630485,0.3475988561285869,0.23795926960713357,0.28730297439899594,0.14392374339356276,0.05411234585142704,0.1912719403702813,0.5159894205337822,-0.12424872169013074,0.5830126392139328,11843.0,0.0427837044048105
bce,7,deberta-v3-base,random,neighbor_opposite,pareto_99,8,8,5,0.5,0.01,1.0,2,42,jaccard,0.0,0.0,0.0,0.3045814004479097,0.3556668753913588,0.23252428239654177,0.2871738241749431,0.1480912471355951,0.05745671938918532,0.17013478363679357,0.5277843461811302,-0.07894363128204214,0.6189754985358816,12150.0,0.04290617848970252,0.2936736627630485,0.3475988561285869,0.23795926960713357,0.28730297439899594,0.14392374339356276,0.05411234585142704,0.1912719403702813,0.5159894205337822,-0.12424872169013074,0.5830126392139328,11843.0,0.0427837044048105
bce,7,deberta-v3-base,random,neighbor_opposite,pareto_98,8,8,5,0.5,0.01,1.0,2,42,jaccard,0.0,0.0,0.0,0.3045814004479097,0.3556668753913588,0.23252428239654177,0.2871738241749431,0.1480912471355951,0.05745671938918532,0.17013478363679357,0.5277843461811302,-0.07894363128204214,0.6189754985358816,12150.0,0.04290617848970252,0.2936736627630485,0.3475988561285869,0.23795926960713357,0.28730297439899594,0.14392374339356276,0.05411234585142704,0.1912719403702813,0.5159894205337822,-0.12424872169013074,0.5830126392139328,11843.0,0.0427837044048105
bce,7,deberta-v3-base,random,neighbor_opposite,pareto_95,8,8,5,0.5,0.01,1.0,2,42,jaccard,0.0,0.0,0.0,0.3045814004479097,0.3556668753913588,0.23252428239654177,0.2871738241749431,0.1480912471355951,0.05745671938918532,0.17013478363679357,0.5277843461811302,-0.07894363128204214,0.6189754985358816,12150.0,0.04290617848970252,0.2936736627630485,0.3475988561285869,0.23795926960713357,0.28730297439899594,0.14392374339356276,0.05411234585142704,0.1912719403702813,0.5159894205337822,-0.12424872169013074,0.5830126392139328,11843.0,0.0427837044048105
bce,7,deberta-v3-base,random,full,standard,8,8,5,0.5,0.01,1.0,2,42,jaccard,0.0,0.0,0.0,0.3045814004479097,0.3556668753913588,0.23252428239654177,0.2871738241749431,0.1480912471355951,0.05745671938918532,0.17013478363679357,0.5277843461811302,-0.07894363128204214,0.6189754985358816,12150.0,0.04290617848970252,0.2936736627630485,0.3475988561285869,0.23795926960713357,0.28730297439899594,0.14392374339356276,0.05411234585142704,0.1912719403702813,0.5159894205337822,-0.12424872169013074,0.5830126392139328,11843.0,0.0427837044048105
bce,7,deberta-v3-base,random,full,f1,8,8,5,0.5,0.01,1.0,2,42,jaccard,0.0,0.0,0.0,0.3045814004479097,0.3556668753913588,0.23252428239654177,0.2871738241749431,0.1480912471355951,0.05745671938918532,0.17013478363679357,0.5277843461811302,-0.07894363128204214,0.6189754985358816,12150.0,0.04290617848970252,0.2936736627630485,0.3475988561285869,0.23795926960713357,0.28730297439899594,0.14392374339356276,0.05411234585142704,0.1912719403702813,0.5159894205337822,-0.12424872169013074,0.5830126392139328,11843.0,0.0427837044048105
bce,7,deberta-v3-base,random,full,pareto_99,8,8,5,0.5,0.01,1.0,2,42,jaccard,0.0,0.0,0.02,0.30239333812530184,0.3553446940356313,0.2288183534586009,0.27767787069237976,0.3124630168732189,0.12515493596296223,0.16907462686567165,0.5290746268656716,-0.08071553288808174,0.6174337208432615,12045.0,0.042535384354606326,0.29420109798334176,0.348450341617982,0.23465010230322755,0.28133095028337124,0.30514483002837783,0.11936837163227275,0.19174757281553398,0.516626213592233,-0.12710576292512285,0.5812680234826442,11759.0,0.042480248256030285
bce,7,deberta-v3-base,random,full,pareto_98,8,8,5,0.5,0.01,1.0,2,42,jaccard,0.0,0.0,0.02,0.30239333812530184,0.3553446940356313,0.2288183534586009,0.27767787069237976,0.3124630168732189,0.12515493596296223,0.16907462686567165,0.5290746268656716,-0.08071553288808174,0.6174337208432615,12045.0,0.042535384354606326,0.29420109798334176,0.348450341617982,0.23465010230322755,0.28133095028337124,0.30514483002837783,0.11936837163227275,0.19174757281553398,0.516626213592233,-0.12710576292512285,0.5812680234826442,11759.0,0.042480248256030285
bce,7,deberta-v3-base,random,full,pareto_95,8,8,5,0.5,0.01,1.0,2,42,jaccard,0.0,0.0,0.02,0.30239333812530184,0.3553446940356313,0.2288183534586009,0.27767787069237976,0.3124630168732189,0.12515493596296223,0.16907462686567165,0.5290746268656716,-0.08071553288808174,0.6174337208432615,12045.0,0.042535384354606326,0.29420109798334176,0.348450341617982,0.23465010230322755,0.28133095028337124,0.30514483002837783,0.11936837163227275,0.19174757281553398,0.516626213592233,-0.12710576292512285,0.5812680234826442,11759.0,0.042480248256030285
bce,7,deberta-v3-base,empirical,cardinality_only,standard,8,8,5,0.5,0.01,1.0,2,42,jaccard,0.0,0.0,0.0,0.3045814004479097,0.3556668753913588,0.23252428239654177,0.2871738241749431,0.1480912471355951,0.05745671938918532,0.17013478363679357,0.5277843461811302,-0.07894363128204214,0.6189754985358816,12150.0,0.04290617848970252,0.2936736627630485,0.3475988561285869,0.23795926960713357,0.28730297439899594,0.14392374339356276,0.05411234585142704,0.1912719403702813,0.5159894205337822,-0.12424872169013074,0.5830126392139328,11843.0,0.0427837044048105
bce,7,deberta-v3-base,empirical,cardinality_only,f1,8,8,5,0.5,0.01,1.0,2,42,jaccard,0.0,0.0,0.0,0.3045814004479097,0.3556668753913588,0.23252428239654177,0.2871738241749431,0.1480912471355951,0.05745671938918532,0.17013478363679357,0.5277843461811302,-0.07894363128204214,0.6189754985358816,12150.0,0.04290617848970252,0.2936736627630485,0.3475988561285869,0.23795926960713357,0.28730297439899594,0.14392374339356276,0.05411234585142704,0.1912719403702813,0.5159894205337822,-0.12424872169013074,0.5830126392139328,11843.0,0.0427837044048105
bce,7,deberta-v3-base,empirical,cardinality_only,pareto_99,8,8,5,0.5,0.01,1.0,2,42,jaccard,0.0,0.0,0.02,0.30239333812530184,0.3553446940356313,0.2288183534586009,0.27767787069237976,0.3124630168732189,0.12515493596296223,0.16907462686567165,0.5290746268656716,-0.08071553288808174,0.6174337208432615,12045.0,0.042535384354606326,0.29420109798334176,0.348450341617982,0.23465010230322755,0.28133095028337124,0.30514483002837783,0.11936837163227275,0.19174757281553398,0.516626213592233,-0.12710576292512285,0.5812680234826442,11759.0,0.042480248256030285
bce,7,deberta-v3-base,empirical,cardinality_only,pareto_98,8,8,5,0.5,0.01,1.0,2,42,jaccard,0.0,0.0,0.02,0.30239333812530184,0.3553446940356313,0.2288183534586009,0.27767787069237976,0.3124630168732189,0.12515493596296223,0.16907462686567165,0.5290746268656716,-0.08071553288808174,0.6174337208432615,12045.0,0.042535384354606326,0.29420109798334176,0.348450341617982,0.23465010230322755,0.28133095028337124,0.30514483002837783,0.11936837163227275,0.19174757281553398,0.516626213592233,-0.12710576292512285,0.5812680234826442,11759.0,0.042480248256030285
bce,7,deberta-v3-base,empirical,cardinality_only,pareto_95,8,8,5,0.5,0.01,1.0,2,42,jaccard,0.0,0.0,0.02,0.30239333812530184,0.3553446940356313,0.2288183534586009,0.27767787069237976,0.3124630168732189,0.12515493596296223,0.16907462686567165,0.5290746268656716,-0.08071553288808174,0.6174337208432615,12045.0,0.042535384354606326,0.29420109798334176,0.348450341617982,0.23465010230322755,0.28133095028337124,0.30514483002837783,0.11936837163227275,0.19174757281553398,0.516626213592233,-0.12710576292512285,0.5812680234826442,11759.0,0.042480248256030285
bce,7,deberta-v3-base,empirical,neighbor_only,standard,8,8,5,0.5,0.01,1.0,2,42,jaccard,0.0,0.0,0.0,0.3045814004479097,0.3556668753913588,0.23252428239654177,0.2871738241749431,0.1480912471355951,0.05745671938918532,0.17013478363679357,0.5277843461811302,-0.07894363128204214,0.6189754985358816,12150.0,0.04290617848970252,0.2936736627630485,0.3475988561285869,0.23795926960713357,0.28730297439899594,0.14392374339356276,0.05411234585142704,0.1912719403702813,0.5159894205337822,-0.12424872169013074,0.5830126392139328,11843.0,0.0427837044048105
bce,7,deberta-v3-base,empirical,neighbor_only,f1,8,8,5,0.5,0.01,1.0,2,42,jaccard,0.0,0.0,0.0,0.3045814004479097,0.3556668753913588,0.23252428239654177,0.2871738241749431,0.1480912471355951,0.05745671938918532,0.17013478363679357,0.5277843461811302,-0.07894363128204214,0.6189754985358816,12150.0,0.04290617848970252,0.2936736627630485,0.3475988561285869,0.23795926960713357,0.28730297439899594,0.14392374339356276,0.05411234585142704,0.1912719403702813,0.5159894205337822,-0.12424872169013074,0.5830126392139328,11843.0,0.0427837044048105
bce,7,deberta-v3-base,empirical,neighbor_only,pareto_99,8,8,5,0.5,0.01,1.0,2,42,jaccard,0.0,0.0,0.0,0.3045814004479097,0.3556668753913588,0.23252428239654177,0.2871738241749431,0.1480912471355951,0.05745671938918532,0.17013478363679357,0.5277843461811302,-0.07894363128204214,0.6189754985358816,12150.0,0.04290617848970252,0.2936736627630485,0.3475988561285869,0.23795926960713357,0.28730297439899594,0.14392374339356276,0.05411234585142704,0.1912719403702813,0.5159894205337822,-0.12424872169013074,0.5830126392139328,11843.0,0.0427837044048105
bce,7,deberta-v3-base,empirical,neighbor_only,pareto_98,8,8,5,0.5,0.01,1.0,2,42,jaccard,0.0,0.0,0.0,0.3045814004479097,0.3556668753913588,0.23252428239654177,0.2871738241749431,0.1480912471355951,0.05745671938918532,0.17013478363679357,0.5277843461811302,-0.07894363128204214,0.6189754985358816,12150.0,0.04290617848970252,0.2936736627630485,0.3475988561285869,0.23795926960713357,0.28730297439899594,0.14392374339356276,0.05411234585142704,0.1912719403702813,0.5159894205337822,-0.12424872169013074,0.5830126392139328,11843.0,0.0427837044048105
bce,7,deberta-v3-base,empirical,neighbor_only,pareto_95,8,8,5,0.5,0.01,1.0,2,42,jaccard,0.0,0.0,0.0,0.3045814004479097,0.3556668753913588,0.23252428239654177,0.2871738241749431,0.1480912471355951,0.05745671938918532,0.17013478363679357,0.5277843461811302,-0.07894363128204214,0.6189754985358816,12150.0,0.04290617848970252,0.2936736627630485,0.3475988561285869,0.23795926960713357,0.28730297439899594,0.14392374339356276,0.05411234585142704,0.1912719403702813,0.5159894205337822,-0.12424872169013074,0.5830126392139328,11843.0,0.0427837044048105
bce,7,deberta-v3-base,empirical,opposite_only,standard,8,8,5,0.5,0.01,1.0,2,42,jaccard,0.0,0.0,0.0,0.3045814004479097,0.3556668753913588,0.23252428239654177,0.2871738241749431,0.1480912471355951,0.05745671938918532,0.17013478363679357,0.5277843461811302,-0.07894363128204214,0.6189754985358816,12150.0,0.04290617848970252,0.2936736627630485,0.3475988561285869,0.23795926960713357,0.28730297439899594,0.14392374339356276,0.05411234585142704,0.1912719403702813,0.5159894205337822,-0.12424872169013074,0.5830126392139328,11843.0,0.0427837044048105
bce,7,deberta-v3-base,empirical,opposite_only,f1,8,8,5,0.5,0.01,1.0,2,42,jaccard,0.0,0.0,0.0,0.3045814004479097,0.3556668753913588,0.23252428239654177,0.2871738241749431,0.1480912471355951,0.05745671938918532,0.17013478363679357,0.5277843461811302,-0.07894363128204214,0.6189754985358816,12150.0,0.04290617848970252,0.2936736627630485,0.3475988561285869,0.23795926960713357,0.28730297439899594,0.14392374339356276,0.05411234585142704,0.1912719403702813,0.5159894205337822,-0.12424872169013074,0.5830126392139328,11843.0,0.0427837044048105
bce,7,deberta-v3-base,empirical,opposite_only,pareto_99,8,8,5,0.5,0.01,1.0,2,42,jaccard,0.0,0.0,0.0,0.3045814004479097,0.3556668753913588,0.23252428239654177,0.2871738241749431,0.1480912471355951,0.05745671938918532,0.17013478363679357,0.5277843461811302,-0.07894363128204214,0.6189754985358816,12150.0,0.04290617848970252,0.2936736627630485,0.3475988561285869,0.23795926960713357,0.28730297439899594,0.14392374339356276,0.05411234585142704,0.1912719403702813,0.5159894205337822,-0.12424872169013074,0.5830126392139328,11843.0,0.0427837044048105
bce,7,deberta-v3-base,empirical,opposite_only,pareto_98,8,8,5,0.5,0.01,1.0,2,42,jaccard,0.0,0.0,0.0,0.3045814004479097,0.3556668753913588,0.23252428239654177,0.2871738241749431,0.1480912471355951,0.05745671938918532,0.17013478363679357,0.5277843461811302,-0.07894363128204214,0.6189754985358816,12150.0,0.04290617848970252,0.2936736627630485,0.3475988561285869,0.23795926960713357,0.28730297439899594,0.14392374339356276,0.05411234585142704,0.1912719403702813,0.5159894205337822,-0.12424872169013074,0.5830126392139328,11843.0,0.0427837044048105
bce,7,deberta-v3-base,empirical,opposite_only,pareto_95,8,8,5,0.5,0.01,1.0,2,42,jaccard,0.0,0.0,0.0,0.3045814004479097,0.3556668753913588,0.23252428239654177,0.2871738241749431,0.1480912471355951,0.05745671938918532,0.17013478363679357,0.5277843461811302,-0.07894363128204214,0.6189754985358816,12150.0,0.04290617848970252,0.2936736627630485,0.3475988561285869,0.23795926960713357,0.28730297439899594,0.14392374339356276,0.05411234585142704,0.1912719403702813,0.5159894205337822,-0.12424872169013074,0.5830126392139328,11843.0,0.0427837044048105
bce,7,deberta-v3-base,empirical,neighbor_opposite,standard,8,8,5,0.5,0.01,1.0,2,42,jaccard,0.0,0.0,0.0,0.3045814004479097,0.3556668753913588,0.23252428239654177,0.2871738241749431,0.1480912471355951,0.05745671938918532,0.17013478363679357,0.5277843461811302,-0.07894363128204214,0.6189754985358816,12150.0,0.04290617848970252,0.2936736627630485,0.3475988561285869,0.23795926960713357,0.28730297439899594,0.14392374339356276,0.05411234585142704,0.1912719403702813,0.5159894205337822,-0.12424872169013074,0.5830126392139328,11843.0,0.0427837044048105
bce,7,deberta-v3-base,empirical,neighbor_opposite,f1,8,8,5,0.5,0.01,1.0,2,42,jaccard,0.0,0.0,0.0,0.3045814004479097,0.3556668753913588,0.23252428239654177,0.2871738241749431,0.1480912471355951,0.05745671938918532,0.17013478363679357,0.5277843461811302,-0.07894363128204214,0.6189754985358816,12150.0,0.04290617848970252,0.2936736627630485,0.3475988561285869,0.23795926960713357,0.28730297439899594,0.14392374339356276,0.05411234585142704,0.1912719403702813,0.5159894205337822,-0.12424872169013074,0.5830126392139328,11843.0,0.0427837044048105
bce,7,deberta-v3-base,empirical,neighbor_opposite,pareto_99,8,8,5,0.5,0.01,1.0,2,42,jaccard,0.0,0.0,0.0,0.3045814004479097,0.3556668753913588,0.23252428239654177,0.2871738241749431,0.1480912471355951,0.05745671938918532,0.17013478363679357,0.5277843461811302,-0.07894363128204214,0.6189754985358816,12150.0,0.04290617848970252,0.2936736627630485,0.3475988561285869,0.23795926960713357,0.28730297439899594,0.14392374339356276,0.05411234585142704,0.1912719403702813,0.5159894205337822,-0.12424872169013074,0.5830126392139328,11843.0,0.0427837044048105
bce,7,deberta-v3-base,empirical,neighbor_opposite,pareto_98,8,8,5,0.5,0.01,1.0,2,42,jaccard,0.0,0.0,0.0,0.3045814004479097,0.3556668753913588,0.23252428239654177,0.2871738241749431,0.1480912471355951,0.05745671938918532,0.17013478363679357,0.5277843461811302,-0.07894363128204214,0.6189754985358816,12150.0,0.04290617848970252,0.2936736627630485,0.3475988561285869,0.23795926960713357,0.28730297439899594,0.14392374339356276,0.05411234585142704,0.1912719403702813,0.5159894205337822,-0.12424872169013074,0.5830126392139328,11843.0,0.0427837044048105
bce,7,deberta-v3-base,empirical,neighbor_opposite,pareto_95,8,8,5,0.5,0.01,1.0,2,42,jaccard,0.0,0.0,0.0,0.3045814004479097,0.3556668753913588,0.23252428239654177,0.2871738241749431,0.1480912471355951,0.05745671938918532,0.17013478363679357,0.5277843461811302,-0.07894363128204214,0.6189754985358816,12150.0,0.04290617848970252,0.2936736627630485,0.3475988561285869,0.23795926960713357,0.28730297439899594,0.14392374339356276,0.05411234585142704,0.1912719403702813,0.5159894205337822,-0.12424872169013074,0.5830126392139328,11843.0,0.0427837044048105
bce,7,deberta-v3-base,empirical,full,standard,8,8,5,0.5,0.01,1.0,2,42,jaccard,0.0,0.0,0.0,0.3045814004479097,0.3556668753913588,0.23252428239654177,0.2871738241749431,0.1480912471355951,0.05745671938918532,0.17013478363679357,0.5277843461811302,-0.07894363128204214,0.6189754985358816,12150.0,0.04290617848970252,0.2936736627630485,0.3475988561285869,0.23795926960713357,0.28730297439899594,0.14392374339356276,0.05411234585142704,0.1912719403702813,0.5159894205337822,-0.12424872169013074,0.5830126392139328,11843.0,0.0427837044048105
bce,7,deberta-v3-base,empirical,full,f1,8,8,5,0.5,0.01,1.0,2,42,jaccard,0.0,0.0,0.0,0.3045814004479097,0.3556668753913588,0.23252428239654177,0.2871738241749431,0.1480912471355951,0.05745671938918532,0.17013478363679357,0.5277843461811302,-0.07894363128204214,0.6189754985358816,12150.0,0.04290617848970252,0.2936736627630485,0.3475988561285869,0.23795926960713357,0.28730297439899594,0.14392374339356276,0.05411234585142704,0.1912719403702813,0.5159894205337822,-0.12424872169013074,0.5830126392139328,11843.0,0.0427837044048105
bce,7,deberta-v3-base,empirical,full,pareto_99,8,8,5,0.5,0.01,1.0,2,42,jaccard,0.1,0.0,0.02,0.3024309633740038,0.3554350982479915,0.2288368261839693,0.2776943308075599,0.3127258422408758,0.12526195468024806,0.16923260532283088,0.5288220551378446,-0.08099524193653775,0.6170594185241378,12051.0,0.04255657259089753,0.29414727858188333,0.34836410434093945,0.2346702379761213,0.2813401370074765,0.3054033198427098,0.1194715043421354,0.19163129169193452,0.5164342025469982,-0.1261576411431466,0.5819078530957862,11764.0,0.04249831112202911
bce,7,deberta-v3-base,empirical,full,pareto_98,8,8,5,0.5,0.01,1.0,2,42,jaccard,0.1,0.0,0.02,0.3024309633740038,0.3554350982479915,0.2288368261839693,0.2776943308075599,0.3127258422408758,0.12526195468024806,0.16923260532283088,0.5288220551378446,-0.08099524193653775,0.6170594185241378,12051.0,0.04255657259089753,0.29414727858188333,0.34836410434093945,0.2346702379761213,0.2813401370074765,0.3054033198427098,0.1194715043421354,0.19163129169193452,0.5164342025469982,-0.1261576411431466,0.5819078530957862,11764.0,0.04249831112202911
bce,7,deberta-v3-base,empirical,full,pareto_95,8,8,5,0.5,0.01,1.0,2,42,jaccard,0.1,0.0,0.02,0.3024309633740038,0.3554350982479915,0.2288368261839693,0.2776943308075599,0.3127258422408758,0.12526195468024806,0.16923260532283088,0.5288220551378446,-0.08099524193653775,0.6170594185241378,12051.0,0.04255657259089753,0.29414727858188333,0.34836410434093945,0.2346702379761213,0.2813401370074765,0.3054033198427098,0.1194715043421354,0.19163129169193452,0.5164342025469982,-0.1261576411431466,0.5819078530957862,11764.0,0.04249831112202911
bce,11,deberta-v3-base,schwartz,cardinality_only,standard,8,8,5,0.5,0.01,1.0,2,42,jaccard,0.0,0.0,0.0,0.31588999353635394,0.3623724301138885,0.24528605104717605,0.30391036408868977,0.11693045269784727,0.04343668584918045,0.1783168688258097,0.508690759034638,-0.09009803167655618,0.5969095961838915,11672.0,0.04121818233183603,0.295947691274214,0.34885013899418754,0.24603551512745064,0.30047407226307216,0.11382629584847742,0.04154926357330836,0.1850538315389487,0.5099430018999367,-0.13997855417002122,0.5550182792688642,11346.0,0.04098825552452757
bce,11,deberta-v3-base,schwartz,cardinality_only,f1,8,8,5,0.5,0.01,1.0,2,42,jaccard,0.0,0.0,0.0,0.31588999353635394,0.3623724301138885,0.24528605104717605,0.30391036408868977,0.11693045269784727,0.04343668584918045,0.1783168688258097,0.508690759034638,-0.09009803167655618,0.5969095961838915,11672.0,0.04121818233183603,0.295947691274214,0.34885013899418754,0.24603551512745064,0.30047407226307216,0.11382629584847742,0.04154926357330836,0.1850538315389487,0.5099430018999367,-0.13997855417002122,0.5550182792688642,11346.0,0.04098825552452757
bce,11,deberta-v3-base,schwartz,cardinality_only,pareto_99,8,8,5,0.5,0.01,1.0,2,42,jaccard,0.0,0.0,0.02,0.3146906969179594,0.3620125037213457,0.2426032108567013,0.29317317563042383,0.3106354791725146,0.12513718807997218,0.17758074730842305,0.5099430018999367,-0.09156865874359978,0.5959550904647599,11543.0,0.040762635251574995,0.2960690596395228,0.3493467541050277,0.2423862143364993,0.2881804216993126,0.30051652628721576,0.11637790030722923,0.1848383786557209,0.5110312981015905,-0.14273959828362534,0.553130078473686,11232.0,0.04057642217975442
bce,11,deberta-v3-base,schwartz,cardinality_only,pareto_98,8,8,5,0.5,0.01,1.0,2,42,jaccard,0.0,0.0,0.02,0.3146906969179594,0.3620125037213457,0.2426032108567013,0.29317317563042383,0.3106354791725146,0.12513718807997218,0.17758074730842305,0.5099430018999367,-0.09156865874359978,0.5959550904647599,11543.0,0.040762635251574995,0.2960690596395228,0.3493467541050277,0.2423862143364993,0.2881804216993126,0.30051652628721576,0.11637790030722923,0.1848383786557209,0.5110312981015905,-0.14273959828362534,0.553130078473686,11232.0,0.04057642217975442
bce,11,deberta-v3-base,schwartz,cardinality_only,pareto_95,8,8,5,0.5,0.01,1.0,2,42,jaccard,0.0,0.0,0.02,0.3146906969179594,0.3620125037213457,0.2426032108567013,0.29317317563042383,0.3106354791725146,0.12513718807997218,0.17758074730842305,0.5099430018999367,-0.09156865874359978,0.5959550904647599,11543.0,0.040762635251574995,0.2960690596395228,0.3493467541050277,0.2423862143364993,0.2881804216993126,0.30051652628721576,0.11637790030722923,0.1848383786557209,0.5110312981015905,-0.14273959828362534,0.553130078473686,11232.0,0.04057642217975442
bce,11,deberta-v3-base,schwartz,neighbor_only,standard,8,8,5,0.5,0.01,1.0,2,42,jaccard,0.0,0.0,0.0,0.31588999353635394,0.3623724301138885,0.24528605104717605,0.30391036408868977,0.11693045269784727,0.04343668584918045,0.1783168688258097,0.508690759034638,-0.09009803167655618,0.5969095961838915,11672.0,0.04121818233183603,0.295947691274214,0.34885013899418754,0.24603551512745064,0.30047407226307216,0.11382629584847742,0.04154926357330836,0.1850538315389487,0.5099430018999367,-0.13997855417002122,0.5550182792688642,11346.0,0.04098825552452757
bce,11,deberta-v3-base,schwartz,neighbor_only,f1,8,8,5,0.5,0.01,1.0,2,42,jaccard,0.0,0.0,0.0,0.31588999353635394,0.3623724301138885,0.24528605104717605,0.30391036408868977,0.11693045269784727,0.04343668584918045,0.1783168688258097,0.508690759034638,-0.09009803167655618,0.5969095961838915,11672.0,0.04121818233183603,0.295947691274214,0.34885013899418754,0.24603551512745064,0.30047407226307216,0.11382629584847742,0.04154926357330836,0.1850538315389487,0.5099430018999367,-0.13997855417002122,0.5550182792688642,11346.0,0.04098825552452757
bce,11,deberta-v3-base,schwartz,neighbor_only,pareto_99,8,8,5,0.5,0.01,1.0,2,42,jaccard,0.1,0.0,0.0,0.3146597256937785,0.36041229055737384,0.2428007447511352,0.2928755457331709,0.3184102270920721,0.12823904333696529,0.1818626851058622,0.5066699302410965,-0.09437574148822318,0.5941568738587356,11860.0,0.04188208040229398,0.29579221317157833,0.348261697224727,0.2425105780503312,0.2879090833271349,0.3080261308206638,0.11915352702428063,0.18802038026593762,0.5080154094693675,-0.14693787331035943,0.5490979164249457,11523.0,0.04162768098088587
bce,11,deberta-v3-base,schwartz,neighbor_only,pareto_98,8,8,5,0.5,0.01,1.0,2,42,jaccard,0.1,0.0,0.0,0.3146597256937785,0.36041229055737384,0.2428007447511352,0.2928755457331709,0.3184102270920721,0.12823904333696529,0.1818626851058622,0.5066699302410965,-0.09437574148822318,0.5941568738587356,11860.0,0.04188208040229398,0.29579221317157833,0.348261697224727,0.2425105780503312,0.2879090833271349,0.3080261308206638,0.11915352702428063,0.18802038026593762,0.5080154094693675,-0.14693787331035943,0.5490979164249457,11523.0,0.04162768098088587
bce,11,deberta-v3-base,schwartz,neighbor_only,pareto_95,8,8,5,0.5,0.01,1.0,2,42,jaccard,0.1,0.0,0.0,0.3146597256937785,0.36041229055737384,0.2428007447511352,0.2928755457331709,0.3184102270920721,0.12823904333696529,0.1818626851058622,0.5066699302410965,-0.09437574148822318,0.5941568738587356,11860.0,0.04188208040229398,0.29579221317157833,0.348261697224727,0.2425105780503312,0.2879090833271349,0.3080261308206638,0.11915352702428063,0.18802038026593762,0.5080154094693675,-0.14693787331035943,0.5490979164249457,11523.0,0.04162768098088587
bce,11,deberta-v3-base,schwartz,opposite_only,standard,8,8,5,0.5,0.01,1.0,2,42,jaccard,0.0,0.0,0.0,0.31588999353635394,0.3623724301138885,0.24528605104717605,0.30391036408868977,0.11693045269784727,0.04343668584918045,0.1783168688258097,0.508690759034638,-0.09009803167655618,0.5969095961838915,11672.0,0.04121818233183603,0.295947691274214,0.34885013899418754,0.24603551512745064,0.30047407226307216,0.11382629584847742,0.04154926357330836,0.1850538315389487,0.5099430018999367,-0.13997855417002122,0.5550182792688642,11346.0,0.04098825552452757
bce,11,deberta-v3-base,schwartz,opposite_only,f1,8,8,5,0.5,0.01,1.0,2,42,jaccard,0.0,0.0,0.0,0.31588999353635394,0.3623724301138885,0.24528605104717605,0.30391036408868977,0.11693045269784727,0.04343668584918045,0.1783168688258097,0.508690759034638,-0.09009803167655618,0.5969095961838915,11672.0,0.04121818233183603,0.295947691274214,0.34885013899418754,0.24603551512745064,0.30047407226307216,0.11382629584847742,0.04154926357330836,0.1850538315389487,0.5099430018999367,-0.13997855417002122,0.5550182792688642,11346.0,0.04098825552452757
bce,11,deberta-v3-base,schwartz,opposite_only,pareto_99,8,8,5,0.5,0.01,1.0,2,42,jaccard,0.0,0.2,0.0,0.31476683989333504,0.36235716780599775,0.2427956103607271,0.2931480968982429,0.3009283049683431,0.11778086537092401,0.1784844210796256,0.5077574047954866,-0.10534146648218802,0.5809003593929242,11430.0,0.04036359013475718,0.2966574323108729,0.3500894911787267,0.24256224791187078,0.2884893793694703,0.29126467066377415,0.10954901759668484,0.18588327050565448,0.5102040816326531,-0.1541551028843158,0.5419322492539917,11116.0,0.04015736368858174
bce,11,deberta-v3-base,schwartz,opposite_only,pareto_98,8,8,5,0.5,0.01,1.0,2,42,jaccard,0.0,0.2,0.0,0.31476683989333504,0.36235716780599775,0.2427956103607271,0.2931480968982429,0.3009283049683431,0.11778086537092401,0.1784844210796256,0.5077574047954866,-0.10534146648218802,0.5809003593929242,11430.0,0.04036359013475718,0.2966574323108729,0.3500894911787267,0.24256224791187078,0.2884893793694703,0.29126467066377415,0.10954901759668484,0.18588327050565448,0.5102040816326531,-0.1541551028843158,0.5419322492539917,11116.0,0.04015736368858174
bce,11,deberta-v3-base,schwartz,opposite_only,pareto_95,8,8,5,0.5,0.01,1.0,2,42,jaccard,0.0,0.2,0.0,0.31476683989333504,0.36235716780599775,0.2427956103607271,0.2931480968982429,0.3009283049683431,0.11778086537092401,0.1784844210796256,0.5077574047954866,-0.10534146648218802,0.5809003593929242,11430.0,0.04036359013475718,0.2966574323108729,0.3500894911787267,0.24256224791187078,0.2884893793694703,0.29126467066377415,0.10954901759668484,0.18588327050565448,0.5102040816326531,-0.1541551028843158,0.5419322492539917,11116.0,0.04015736368858174
bce,11,deberta-v3-base,schwartz,neighbor_opposite,standard,8,8,5,0.5,0.01,1.0,2,42,jaccard,0.0,0.0,0.0,0.31588999353635394,0.3623724301138885,0.24528605104717605,0.30391036408868977,0.11693045269784727,0.04343668584918045,0.1783168688258097,0.508690759034638,-0.09009803167655618,0.5969095961838915,11672.0,0.04121818233183603,0.295947691274214,0.34885013899418754,0.24603551512745064,0.30047407226307216,0.11382629584847742,0.04154926357330836,0.1850538315389487,0.5099430018999367,-0.13997855417002122,0.5550182792688642,11346.0,0.04098825552452757
bce,11,deberta-v3-base,schwartz,neighbor_opposite,f1,8,8,5,0.5,0.01,1.0,2,42,jaccard,0.0,0.0,0.0,0.31588999353635394,0.3623724301138885,0.24528605104717605,0.30391036408868977,0.11693045269784727,0.04343668584918045,0.1783168688258097,0.508690759034638,-0.09009803167655618,0.5969095961838915,11672.0,0.04121818233183603,0.295947691274214,0.34885013899418754,0.24603551512745064,0.30047407226307216,0.11382629584847742,0.04154926357330836,0.1850538315389487,0.5099430018999367,-0.13997855417002122,0.5550182792688642,11346.0,0.04098825552452757
bce,11,deberta-v3-base,schwartz,neighbor_opposite,pareto_99,8,8,5,0.5,0.01,1.0,2,42,jaccard,0.1,0.2,0.0,0.31397112998283505,0.3609134045077105,0.24288110822671166,0.2928801874904112,0.30537605761712305,0.11939950496968876,0.1823086574654956,0.5047678795483062,-0.1096466146477112,0.5774299223660906,11621.0,0.04103808232336074,0.29653388137807096,0.3495539334955393,0.2426326309053726,0.2882321757979304,0.29555132616752444,0.11094689602641758,0.18900650427241422,0.5079709220762658,-0.16114498256435847,0.5358324437843216,11289.0,0.04078233885214099
bce,11,deberta-v3-base,schwartz,neighbor_opposite,pareto_98,8,8,5,0.5,0.01,1.0,2,42,jaccard,0.1,0.2,0.0,0.31397112998283505,0.3609134045077105,0.24288110822671166,0.2928801874904112,0.30537605761712305,0.11939950496968876,0.1823086574654956,0.5047678795483062,-0.1096466146477112,0.5774299223660906,11621.0,0.04103808232336074,0.29653388137807096,0.3495539334955393,0.2426326309053726,0.2882321757979304,0.29555132616752444,0.11094689602641758,0.18900650427241422,0.5079709220762658,-0.16114498256435847,0.5358324437843216,11289.0,0.04078233885214099
bce,11,deberta-v3-base,schwartz,neighbor_opposite,pareto_95,8,8,5,0.5,0.01,1.0,2,42,jaccard,0.1,0.2,0.0,0.31397112998283505,0.3609134045077105,0.24288110822671166,0.2928801874904112,0.30537605761712305,0.11939950496968876,0.1823086574654956,0.5047678795483062,-0.1096466146477112,0.5774299223660906,11621.0,0.04103808232336074,0.29653388137807096,0.3495539334955393,0.2426326309053726,0.2882321757979304,0.29555132616752444,0.11094689602641758,0.18900650427241422,0.5079709220762658,-0.16114498256435847,0.5358324437843216,11289.0,0.04078233885214099
bce,11,deberta-v3-base,schwartz,full,standard,8,8,5,0.5,0.01,1.0,2,42,jaccard,0.0,0.0,0.0,0.31588999353635394,0.3623724301138885,0.24528605104717605,0.30391036408868977,0.11693045269784727,0.04343668584918045,0.1783168688258097,0.508690759034638,-0.09009803167655618,0.5969095961838915,11672.0,0.04121818233183603,0.295947691274214,0.34885013899418754,0.24603551512745064,0.30047407226307216,0.11382629584847742,0.04154926357330836,0.1850538315389487,0.5099430018999367,-0.13997855417002122,0.5550182792688642,11346.0,0.04098825552452757
bce,11,deberta-v3-base,schwartz,full,f1,8,8,5,0.5,0.01,1.0,2,42,jaccard,0.0,0.0,0.0,0.31588999353635394,0.3623724301138885,0.24528605104717605,0.30391036408868977,0.11693045269784727,0.04343668584918045,0.1783168688258097,0.508690759034638,-0.09009803167655618,0.5969095961838915,11672.0,0.04121818233183603,0.295947691274214,0.34885013899418754,0.24603551512745064,0.30047407226307216,0.11382629584847742,0.04154926357330836,0.1850538315389487,0.5099430018999367,-0.13997855417002122,0.5550182792688642,11346.0,0.04098825552452757
bce,11,deberta-v3-base,schwartz,full,pareto_99,8,8,5,0.5,0.01,1.0,2,42,jaccard,0.1,0.2,0.0,0.31397112998283505,0.3609134045077105,0.24288110822671166,0.2928801874904112,0.30537605761712305,0.11939950496968876,0.1823086574654956,0.5047678795483062,-0.1096466146477112,0.5774299223660906,11621.0,0.04103808232336074,0.29653388137807096,0.3495539334955393,0.2426326309053726,0.2882321757979304,0.29555132616752444,0.11094689602641758,0.18900650427241422,0.5079709220762658,-0.16114498256435847,0.5358324437843216,11289.0,0.04078233885214099
bce,11,deberta-v3-base,schwartz,full,pareto_98,8,8,5,0.5,0.01,1.0,2,42,jaccard,0.1,0.2,0.0,0.31397112998283505,0.3609134045077105,0.24288110822671166,0.2928801874904112,0.30537605761712305,0.11939950496968876,0.1823086574654956,0.5047678795483062,-0.1096466146477112,0.5774299223660906,11621.0,0.04103808232336074,0.29653388137807096,0.3495539334955393,0.2426326309053726,0.2882321757979304,0.29555132616752444,0.11094689602641758,0.18900650427241422,0.5079709220762658,-0.16114498256435847,0.5358324437843216,11289.0,0.04078233885214099
bce,11,deberta-v3-base,schwartz,full,pareto_95,8,8,5,0.5,0.01,1.0,2,42,jaccard,0.1,0.2,0.0,0.31397112998283505,0.3609134045077105,0.24288110822671166,0.2928801874904112,0.30537605761712305,0.11939950496968876,0.1823086574654956,0.5047678795483062,-0.1096466146477112,0.5774299223660906,11621.0,0.04103808232336074,0.29653388137807096,0.3495539334955393,0.2426326309053726,0.2882321757979304,0.29555132616752444,0.11094689602641758,0.18900650427241422,0.5079709220762658,-0.16114498256435847,0.5358324437843216,11289.0,0.04078233885214099
bce,11,deberta-v3-base,random,cardinality_only,standard,8,8,5,0.5,0.01,1.0,2,42,jaccard,0.0,0.0,0.0,0.31588999353635394,0.3623724301138885,0.24528605104717605,0.30391036408868977,0.11693045269784727,0.04343668584918045,0.1783168688258097,0.508690759034638,-0.09009803167655618,0.5969095961838915,11672.0,0.04121818233183603,0.295947691274214,0.34885013899418754,0.24603551512745064,0.30047407226307216,0.11382629584847742,0.04154926357330836,0.1850538315389487,0.5099430018999367,-0.13997855417002122,0.5550182792688642,11346.0,0.04098825552452757
bce,11,deberta-v3-base,random,cardinality_only,f1,8,8,5,0.5,0.01,1.0,2,42,jaccard,0.0,0.0,0.0,0.31588999353635394,0.3623724301138885,0.24528605104717605,0.30391036408868977,0.11693045269784727,0.04343668584918045,0.1783168688258097,0.508690759034638,-0.09009803167655618,0.5969095961838915,11672.0,0.04121818233183603,0.295947691274214,0.34885013899418754,0.24603551512745064,0.30047407226307216,0.11382629584847742,0.04154926357330836,0.1850538315389487,0.5099430018999367,-0.13997855417002122,0.5550182792688642,11346.0,0.04098825552452757
bce,11,deberta-v3-base,random,cardinality_only,pareto_99,8,8,5,0.5,0.01,1.0,2,42,jaccard,0.0,0.0,0.02,0.3146906969179594,0.3620125037213457,0.2426032108567013,0.29317317563042383,0.3106354791725146,0.12513718807997218,0.17758074730842305,0.5099430018999367,-0.09156865874359978,0.5959550904647599,11543.0,0.040762635251574995,0.2960690596395228,0.3493467541050277,0.2423862143364993,0.2881804216993126,0.30051652628721576,0.11637790030722923,0.1848383786557209,0.5110312981015905,-0.14273959828362534,0.553130078473686,11232.0,0.04057642217975442
bce,11,deberta-v3-base,random,cardinality_only,pareto_98,8,8,5,0.5,0.01,1.0,2,42,jaccard,0.0,0.0,0.02,0.3146906969179594,0.3620125037213457,0.2426032108567013,0.29317317563042383,0.3106354791725146,0.12513718807997218,0.17758074730842305,0.5099430018999367,-0.09156865874359978,0.5959550904647599,11543.0,0.040762635251574995,0.2960690596395228,0.3493467541050277,0.2423862143364993,0.2881804216993126,0.30051652628721576,0.11637790030722923,0.1848383786557209,0.5110312981015905,-0.14273959828362534,0.553130078473686,11232.0,0.04057642217975442
bce,11,deberta-v3-base,random,cardinality_only,pareto_95,8,8,5,0.5,0.01,1.0,2,42,jaccard,0.0,0.0,0.02,0.3146906969179594,0.3620125037213457,0.2426032108567013,0.29317317563042383,0.3106354791725146,0.12513718807997218,0.17758074730842305,0.5099430018999367,-0.09156865874359978,0.5959550904647599,11543.0,0.040762635251574995,0.2960690596395228,0.3493467541050277,0.2423862143364993,0.2881804216993126,0.30051652628721576,0.11637790030722923,0.1848383786557209,0.5110312981015905,-0.14273959828362534,0.553130078473686,11232.0,0.04057642217975442
bce,11,deberta-v3-base,random,neighbor_only,standard,8,8,5,0.5,0.01,1.0,2,42,jaccard,0.0,0.0,0.0,0.31588999353635394,0.3623724301138885,0.24528605104717605,0.30391036408868977,0.11693045269784727,0.04343668584918045,0.1783168688258097,0.508690759034638,-0.09009803167655618,0.5969095961838915,11672.0,0.04121818233183603,0.295947691274214,0.34885013899418754,0.24603551512745064,0.30047407226307216,0.11382629584847742,0.04154926357330836,0.1850538315389487,0.5099430018999367,-0.13997855417002122,0.5550182792688642,11346.0,0.04098825552452757
bce,11,deberta-v3-base,random,neighbor_only,f1,8,8,5,0.5,0.01,1.0,2,42,jaccard,0.0,0.0,0.0,0.31588999353635394,0.3623724301138885,0.24528605104717605,0.30391036408868977,0.11693045269784727,0.04343668584918045,0.1783168688258097,0.508690759034638,-0.09009803167655618,0.5969095961838915,11672.0,0.04121818233183603,0.295947691274214,0.34885013899418754,0.24603551512745064,0.30047407226307216,0.11382629584847742,0.04154926357330836,0.1850538315389487,0.5099430018999367,-0.13997855417002122,0.5550182792688642,11346.0,0.04098825552452757
bce,11,deberta-v3-base,random,neighbor_only,pareto_99,8,8,5,0.5,0.01,1.0,2,42,jaccard,0.0,0.0,0.0,0.31588999353635394,0.3623724301138885,0.24528605104717605,0.30391036408868977,0.11693045269784727,0.04343668584918045,0.1783168688258097,0.508690759034638,-0.09009803167655618,0.5969095961838915,11672.0,0.04121818233183603,0.295947691274214,0.34885013899418754,0.24603551512745064,0.30047407226307216,0.11382629584847742,0.04154926357330836,0.1850538315389487,0.5099430018999367,-0.13997855417002122,0.5550182792688642,11346.0,0.04098825552452757
bce,11,deberta-v3-base,random,neighbor_only,pareto_98,8,8,5,0.5,0.01,1.0,2,42,jaccard,0.0,0.0,0.0,0.31588999353635394,0.3623724301138885,0.24528605104717605,0.30391036408868977,0.11693045269784727,0.04343668584918045,0.1783168688258097,0.508690759034638,-0.09009803167655618,0.5969095961838915,11672.0,0.04121818233183603,0.295947691274214,0.34885013899418754,0.24603551512745064,0.30047407226307216,0.11382629584847742,0.04154926357330836,0.1850538315389487,0.5099430018999367,-0.13997855417002122,0.5550182792688642,11346.0,0.04098825552452757
bce,11,deberta-v3-base,random,neighbor_only,pareto_95,8,8,5,0.5,0.01,1.0,2,42,jaccard,0.0,0.0,0.0,0.31588999353635394,0.3623724301138885,0.24528605104717605,0.30391036408868977,0.11693045269784727,0.04343668584918045,0.1783168688258097,0.508690759034638,-0.09009803167655618,0.5969095961838915,11672.0,0.04121818233183603,0.295947691274214,0.34885013899418754,0.24603551512745064,0.30047407226307216,0.11382629584847742,0.04154926357330836,0.1850538315389487,0.5099430018999367,-0.13997855417002122,0.5550182792688642,11346.0,0.04098825552452757
bce,11,deberta-v3-base,random,opposite_only,standard,8,8,5,0.5,0.01,1.0,2,42,jaccard,0.0,0.0,0.0,0.31588999353635394,0.3623724301138885,0.24528605104717605,0.30391036408868977,0.11693045269784727,0.04343668584918045,0.1783168688258097,0.508690759034638,-0.09009803167655618,0.5969095961838915,11672.0,0.04121818233183603,0.295947691274214,0.34885013899418754,0.24603551512745064,0.30047407226307216,0.11382629584847742,0.04154926357330836,0.1850538315389487,0.5099430018999367,-0.13997855417002122,0.5550182792688642,11346.0,0.04098825552452757
bce,11,deberta-v3-base,random,opposite_only,f1,8,8,5,0.5,0.01,1.0,2,42,jaccard,0.0,0.0,0.0,0.31588999353635394,0.3623724301138885,0.24528605104717605,0.30391036408868977,0.11693045269784727,0.04343668584918045,0.1783168688258097,0.508690759034638,-0.09009803167655618,0.5969095961838915,11672.0,0.04121818233183603,0.295947691274214,0.34885013899418754,0.24603551512745064,0.30047407226307216,0.11382629584847742,0.04154926357330836,0.1850538315389487,0.5099430018999367,-0.13997855417002122,0.5550182792688642,11346.0,0.04098825552452757
bce,11,deberta-v3-base,random,opposite_only,pareto_99,8,8,5,0.5,0.01,1.0,2,42,jaccard,0.0,0.0,0.0,0.31588999353635394,0.3623724301138885,0.24528605104717605,0.30391036408868977,0.11693045269784727,0.04343668584918045,0.1783168688258097,0.508690759034638,-0.09009803167655618,0.5969095961838915,11672.0,0.04121818233183603,0.295947691274214,0.34885013899418754,0.24603551512745064,0.30047407226307216,0.11382629584847742,0.04154926357330836,0.1850538315389487,0.5099430018999367,-0.13997855417002122,0.5550182792688642,11346.0,0.04098825552452757
bce,11,deberta-v3-base,random,opposite_only,pareto_98,8,8,5,0.5,0.01,1.0,2,42,jaccard,0.0,0.0,0.0,0.31588999353635394,0.3623724301138885,0.24528605104717605,0.30391036408868977,0.11693045269784727,0.04343668584918045,0.1783168688258097,0.508690759034638,-0.09009803167655618,0.5969095961838915,11672.0,0.04121818233183603,0.295947691274214,0.34885013899418754,0.24603551512745064,0.30047407226307216,0.11382629584847742,0.04154926357330836,0.1850538315389487,0.5099430018999367,-0.13997855417002122,0.5550182792688642,11346.0,0.04098825552452757
bce,11,deberta-v3-base,random,opposite_only,pareto_95,8,8,5,0.5,0.01,1.0,2,42,jaccard,0.0,0.0,0.0,0.31588999353635394,0.3623724301138885,0.24528605104717605,0.30391036408868977,0.11693045269784727,0.04343668584918045,0.1783168688258097,0.508690759034638,-0.09009803167655618,0.5969095961838915,11672.0,0.04121818233183603,0.295947691274214,0.34885013899418754,0.24603551512745064,0.30047407226307216,0.11382629584847742,0.04154926357330836,0.1850538315389487,0.5099430018999367,-0.13997855417002122,0.5550182792688642,11346.0,0.04098825552452757
bce,11,deberta-v3-base,random,neighbor_opposite,standard,8,8,5,0.5,0.01,1.0,2,42,jaccard,0.0,0.0,0.0,0.31588999353635394,0.3623724301138885,0.24528605104717605,0.30391036408868977,0.11693045269784727,0.04343668584918045,0.1783168688258097,0.508690759034638,-0.09009803167655618,0.5969095961838915,11672.0,0.04121818233183603,0.295947691274214,0.34885013899418754,0.24603551512745064,0.30047407226307216,0.11382629584847742,0.04154926357330836,0.1850538315389487,0.5099430018999367,-0.13997855417002122,0.5550182792688642,11346.0,0.04098825552452757
bce,11,deberta-v3-base,random,neighbor_opposite,f1,8,8,5,0.5,0.01,1.0,2,42,jaccard,0.0,0.0,0.0,0.31588999353635394,0.3623724301138885,0.24528605104717605,0.30391036408868977,0.11693045269784727,0.04343668584918045,0.1783168688258097,0.508690759034638,-0.09009803167655618,0.5969095961838915,11672.0,0.04121818233183603,0.295947691274214,0.34885013899418754,0.24603551512745064,0.30047407226307216,0.11382629584847742,0.04154926357330836,0.1850538315389487,0.5099430018999367,-0.13997855417002122,0.5550182792688642,11346.0,0.04098825552452757
bce,11,deberta-v3-base,random,neighbor_opposite,pareto_99,8,8,5,0.5,0.01,1.0,2,42,jaccard,0.0,0.0,0.0,0.31588999353635394,0.3623724301138885,0.24528605104717605,0.30391036408868977,0.11693045269784727,0.04343668584918045,0.1783168688258097,0.508690759034638,-0.09009803167655618,0.5969095961838915,11672.0,0.04121818233183603,0.295947691274214,0.34885013899418754,0.24603551512745064,0.30047407226307216,0.11382629584847742,0.04154926357330836,0.1850538315389487,0.5099430018999367,-0.13997855417002122,0.5550182792688642,11346.0,0.04098825552452757
bce,11,deberta-v3-base,random,neighbor_opposite,pareto_98,8,8,5,0.5,0.01,1.0,2,42,jaccard,0.0,0.0,0.0,0.31588999353635394,0.3623724301138885,0.24528605104717605,0.30391036408868977,0.11693045269784727,0.04343668584918045,0.1783168688258097,0.508690759034638,-0.09009803167655618,0.5969095961838915,11672.0,0.04121818233183603,0.295947691274214,0.34885013899418754,0.24603551512745064,0.30047407226307216,0.11382629584847742,0.04154926357330836,0.1850538315389487,0.5099430018999367,-0.13997855417002122,0.5550182792688642,11346.0,0.04098825552452757
bce,11,deberta-v3-base,random,neighbor_opposite,pareto_95,8,8,5,0.5,0.01,1.0,2,42,jaccard,0.0,0.0,0.0,0.31588999353635394,0.3623724301138885,0.24528605104717605,0.30391036408868977,0.11693045269784727,0.04343668584918045,0.1783168688258097,0.508690759034638,-0.09009803167655618,0.5969095961838915,11672.0,0.04121818233183603,0.295947691274214,0.34885013899418754,0.24603551512745064,0.30047407226307216,0.11382629584847742,0.04154926357330836,0.1850538315389487,0.5099430018999367,-0.13997855417002122,0.5550182792688642,11346.0,0.04098825552452757
bce,11,deberta-v3-base,random,full,standard,8,8,5,0.5,0.01,1.0,2,42,jaccard,0.0,0.0,0.0,0.31588999353635394,0.3623724301138885,0.24528605104717605,0.30391036408868977,0.11693045269784727,0.04343668584918045,0.1783168688258097,0.508690759034638,-0.09009803167655618,0.5969095961838915,11672.0,0.04121818233183603,0.295947691274214,0.34885013899418754,0.24603551512745064,0.30047407226307216,0.11382629584847742,0.04154926357330836,0.1850538315389487,0.5099430018999367,-0.13997855417002122,0.5550182792688642,11346.0,0.04098825552452757
bce,11,deberta-v3-base,random,full,f1,8,8,5,0.5,0.01,1.0,2,42,jaccard,0.0,0.0,0.0,0.31588999353635394,0.3623724301138885,0.24528605104717605,0.30391036408868977,0.11693045269784727,0.04343668584918045,0.1783168688258097,0.508690759034638,-0.09009803167655618,0.5969095961838915,11672.0,0.04121818233183603,0.295947691274214,0.34885013899418754,0.24603551512745064,0.30047407226307216,0.11382629584847742,0.04154926357330836,0.1850538315389487,0.5099430018999367,-0.13997855417002122,0.5550182792688642,11346.0,0.04098825552452757
bce,11,deberta-v3-base,random,full,pareto_99,8,8,5,0.5,0.01,1.0,2,42,jaccard,0.0,0.0,0.02,0.3146906969179594,0.3620125037213457,0.2426032108567013,0.29317317563042383,0.3106354791725146,0.12513718807997218,0.17758074730842305,0.5099430018999367,-0.09156865874359978,0.5959550904647599,11543.0,0.040762635251574995,0.2960690596395228,0.3493467541050277,0.2423862143364993,0.2881804216993126,0.30051652628721576,0.11637790030722923,0.1848383786557209,0.5110312981015905,-0.14273959828362534,0.553130078473686,11232.0,0.04057642217975442
bce,11,deberta-v3-base,random,full,pareto_98,8,8,5,0.5,0.01,1.0,2,42,jaccard,0.0,0.0,0.02,0.3146906969179594,0.3620125037213457,0.2426032108567013,0.29317317563042383,0.3106354791725146,0.12513718807997218,0.17758074730842305,0.5099430018999367,-0.09156865874359978,0.5959550904647599,11543.0,0.040762635251574995,0.2960690596395228,0.3493467541050277,0.2423862143364993,0.2881804216993126,0.30051652628721576,0.11637790030722923,0.1848383786557209,0.5110312981015905,-0.14273959828362534,0.553130078473686,11232.0,0.04057642217975442
bce,11,deberta-v3-base,random,full,pareto_95,8,8,5,0.5,0.01,1.0,2,42,jaccard,0.0,0.0,0.02,0.3146906969179594,0.3620125037213457,0.2426032108567013,0.29317317563042383,0.3106354791725146,0.12513718807997218,0.17758074730842305,0.5099430018999367,-0.09156865874359978,0.5959550904647599,11543.0,0.040762635251574995,0.2960690596395228,0.3493467541050277,0.2423862143364993,0.2881804216993126,0.30051652628721576,0.11637790030722923,0.1848383786557209,0.5110312981015905,-0.14273959828362534,0.553130078473686,11232.0,0.04057642217975442
bce,11,deberta-v3-base,empirical,cardinality_only,standard,8,8,5,0.5,0.01,1.0,2,42,jaccard,0.0,0.0,0.0,0.31588999353635394,0.3623724301138885,0.24528605104717605,0.30391036408868977,0.11693045269784727,0.04343668584918045,0.1783168688258097,0.508690759034638,-0.09009803167655618,0.5969095961838915,11672.0,0.04121818233183603,0.295947691274214,0.34885013899418754,0.24603551512745064,0.30047407226307216,0.11382629584847742,0.04154926357330836,0.1850538315389487,0.5099430018999367,-0.13997855417002122,0.5550182792688642,11346.0,0.04098825552452757
bce,11,deberta-v3-base,empirical,cardinality_only,f1,8,8,5,0.5,0.01,1.0,2,42,jaccard,0.0,0.0,0.0,0.31588999353635394,0.3623724301138885,0.24528605104717605,0.30391036408868977,0.11693045269784727,0.04343668584918045,0.1783168688258097,0.508690759034638,-0.09009803167655618,0.5969095961838915,11672.0,0.04121818233183603,0.295947691274214,0.34885013899418754,0.24603551512745064,0.30047407226307216,0.11382629584847742,0.04154926357330836,0.1850538315389487,0.5099430018999367,-0.13997855417002122,0.5550182792688642,11346.0,0.04098825552452757
bce,11,deberta-v3-base,empirical,cardinality_only,pareto_99,8,8,5,0.5,0.01,1.0,2,42,jaccard,0.0,0.0,0.02,0.3146906969179594,0.3620125037213457,0.2426032108567013,0.29317317563042383,0.3106354791725146,0.12513718807997218,0.17758074730842305,0.5099430018999367,-0.09156865874359978,0.5959550904647599,11543.0,0.040762635251574995,0.2960690596395228,0.3493467541050277,0.2423862143364993,0.2881804216993126,0.30051652628721576,0.11637790030722923,0.1848383786557209,0.5110312981015905,-0.14273959828362534,0.553130078473686,11232.0,0.04057642217975442
bce,11,deberta-v3-base,empirical,cardinality_only,pareto_98,8,8,5,0.5,0.01,1.0,2,42,jaccard,0.0,0.0,0.02,0.3146906969179594,0.3620125037213457,0.2426032108567013,0.29317317563042383,0.3106354791725146,0.12513718807997218,0.17758074730842305,0.5099430018999367,-0.09156865874359978,0.5959550904647599,11543.0,0.040762635251574995,0.2960690596395228,0.3493467541050277,0.2423862143364993,0.2881804216993126,0.30051652628721576,0.11637790030722923,0.1848383786557209,0.5110312981015905,-0.14273959828362534,0.553130078473686,11232.0,0.04057642217975442
bce,11,deberta-v3-base,empirical,cardinality_only,pareto_95,8,8,5,0.5,0.01,1.0,2,42,jaccard,0.0,0.0,0.02,0.3146906969179594,0.3620125037213457,0.2426032108567013,0.29317317563042383,0.3106354791725146,0.12513718807997218,0.17758074730842305,0.5099430018999367,-0.09156865874359978,0.5959550904647599,11543.0,0.040762635251574995,0.2960690596395228,0.3493467541050277,0.2423862143364993,0.2881804216993126,0.30051652628721576,0.11637790030722923,0.1848383786557209,0.5110312981015905,-0.14273959828362534,0.553130078473686,11232.0,0.04057642217975442
bce,11,deberta-v3-base,empirical,neighbor_only,standard,8,8,5,0.5,0.01,1.0,2,42,jaccard,0.0,0.0,0.0,0.31588999353635394,0.3623724301138885,0.24528605104717605,0.30391036408868977,0.11693045269784727,0.04343668584918045,0.1783168688258097,0.508690759034638,-0.09009803167655618,0.5969095961838915,11672.0,0.04121818233183603,0.295947691274214,0.34885013899418754,0.24603551512745064,0.30047407226307216,0.11382629584847742,0.04154926357330836,0.1850538315389487,0.5099430018999367,-0.13997855417002122,0.5550182792688642,11346.0,0.04098825552452757
bce,11,deberta-v3-base,empirical,neighbor_only,f1,8,8,5,0.5,0.01,1.0,2,42,jaccard,0.0,0.0,0.0,0.31588999353635394,0.3623724301138885,0.24528605104717605,0.30391036408868977,0.11693045269784727,0.04343668584918045,0.1783168688258097,0.508690759034638,-0.09009803167655618,0.5969095961838915,11672.0,0.04121818233183603,0.295947691274214,0.34885013899418754,0.24603551512745064,0.30047407226307216,0.11382629584847742,0.04154926357330836,0.1850538315389487,0.5099430018999367,-0.13997855417002122,0.5550182792688642,11346.0,0.04098825552452757
bce,11,deberta-v3-base,empirical,neighbor_only,pareto_99,8,8,5,0.5,0.01,1.0,2,42,jaccard,0.0,0.0,0.0,0.31588999353635394,0.3623724301138885,0.24528605104717605,0.30391036408868977,0.11693045269784727,0.04343668584918045,0.1783168688258097,0.508690759034638,-0.09009803167655618,0.5969095961838915,11672.0,0.04121818233183603,0.295947691274214,0.34885013899418754,0.24603551512745064,0.30047407226307216,0.11382629584847742,0.04154926357330836,0.1850538315389487,0.5099430018999367,-0.13997855417002122,0.5550182792688642,11346.0,0.04098825552452757
bce,11,deberta-v3-base,empirical,neighbor_only,pareto_98,8,8,5,0.5,0.01,1.0,2,42,jaccard,0.0,0.0,0.0,0.31588999353635394,0.3623724301138885,0.24528605104717605,0.30391036408868977,0.11693045269784727,0.04343668584918045,0.1783168688258097,0.508690759034638,-0.09009803167655618,0.5969095961838915,11672.0,0.04121818233183603,0.295947691274214,0.34885013899418754,0.24603551512745064,0.30047407226307216,0.11382629584847742,0.04154926357330836,0.1850538315389487,0.5099430018999367,-0.13997855417002122,0.5550182792688642,11346.0,0.04098825552452757
bce,11,deberta-v3-base,empirical,neighbor_only,pareto_95,8,8,5,0.5,0.01,1.0,2,42,jaccard,0.0,0.0,0.0,0.31588999353635394,0.3623724301138885,0.24528605104717605,0.30391036408868977,0.11693045269784727,0.04343668584918045,0.1783168688258097,0.508690759034638,-0.09009803167655618,0.5969095961838915,11672.0,0.04121818233183603,0.295947691274214,0.34885013899418754,0.24603551512745064,0.30047407226307216,0.11382629584847742,0.04154926357330836,0.1850538315389487,0.5099430018999367,-0.13997855417002122,0.5550182792688642,11346.0,0.04098825552452757
bce,11,deberta-v3-base,empirical,opposite_only,standard,8,8,5,0.5,0.01,1.0,2,42,jaccard,0.0,0.0,0.0,0.31588999353635394,0.3623724301138885,0.24528605104717605,0.30391036408868977,0.11693045269784727,0.04343668584918045,0.1783168688258097,0.508690759034638,-0.09009803167655618,0.5969095961838915,11672.0,0.04121818233183603,0.295947691274214,0.34885013899418754,0.24603551512745064,0.30047407226307216,0.11382629584847742,0.04154926357330836,0.1850538315389487,0.5099430018999367,-0.13997855417002122,0.5550182792688642,11346.0,0.04098825552452757
bce,11,deberta-v3-base,empirical,opposite_only,f1,8,8,5,0.5,0.01,1.0,2,42,jaccard,0.0,0.0,0.0,0.31588999353635394,0.3623724301138885,0.24528605104717605,0.30391036408868977,0.11693045269784727,0.04343668584918045,0.1783168688258097,0.508690759034638,-0.09009803167655618,0.5969095961838915,11672.0,0.04121818233183603,0.295947691274214,0.34885013899418754,0.24603551512745064,0.30047407226307216,0.11382629584847742,0.04154926357330836,0.1850538315389487,0.5099430018999367,-0.13997855417002122,0.5550182792688642,11346.0,0.04098825552452757
bce,11,deberta-v3-base,empirical,opposite_only,pareto_99,8,8,5,0.5,0.01,1.0,2,42,jaccard,0.0,0.0,0.0,0.31588999353635394,0.3623724301138885,0.24528605104717605,0.30391036408868977,0.11693045269784727,0.04343668584918045,0.1783168688258097,0.508690759034638,-0.09009803167655618,0.5969095961838915,11672.0,0.04121818233183603,0.295947691274214,0.34885013899418754,0.24603551512745064,0.30047407226307216,0.11382629584847742,0.04154926357330836,0.1850538315389487,0.5099430018999367,-0.13997855417002122,0.5550182792688642,11346.0,0.04098825552452757
bce,11,deberta-v3-base,empirical,opposite_only,pareto_98,8,8,5,0.5,0.01,1.0,2,42,jaccard,0.0,0.0,0.0,0.31588999353635394,0.3623724301138885,0.24528605104717605,0.30391036408868977,0.11693045269784727,0.04343668584918045,0.1783168688258097,0.508690759034638,-0.09009803167655618,0.5969095961838915,11672.0,0.04121818233183603,0.295947691274214,0.34885013899418754,0.24603551512745064,0.30047407226307216,0.11382629584847742,0.04154926357330836,0.1850538315389487,0.5099430018999367,-0.13997855417002122,0.5550182792688642,11346.0,0.04098825552452757
bce,11,deberta-v3-base,empirical,opposite_only,pareto_95,8,8,5,0.5,0.01,1.0,2,42,jaccard,0.0,0.2,0.0,0.30660456727717506,0.36031059461149617,0.24259530472258148,0.2935513859011704,0.2668731677650052,0.10672217796343261,0.17413284651032157,0.5212751018115434,-0.10172277544631933,0.5936851728755456,10578.0,0.037354860581405205,0.29512656449392033,0.35243934950679817,0.24226507300972516,0.2885373979616203,0.2585631631618904,0.09949428036140277,0.1811439167023249,0.5238910283839681,-0.14693359380853718,0.5581013512777557,10316.0,0.03726730512877017
bce,11,deberta-v3-base,empirical,neighbor_opposite,standard,8,8,5,0.5,0.01,1.0,2,42,jaccard,0.0,0.0,0.0,0.31588999353635394,0.3623724301138885,0.24528605104717605,0.30391036408868977,0.11693045269784727,0.04343668584918045,0.1783168688258097,0.508690759034638,-0.09009803167655618,0.5969095961838915,11672.0,0.04121818233183603,0.295947691274214,0.34885013899418754,0.24603551512745064,0.30047407226307216,0.11382629584847742,0.04154926357330836,0.1850538315389487,0.5099430018999367,-0.13997855417002122,0.5550182792688642,11346.0,0.04098825552452757
bce,11,deberta-v3-base,empirical,neighbor_opposite,f1,8,8,5,0.5,0.01,1.0,2,42,jaccard,0.0,0.0,0.0,0.31588999353635394,0.3623724301138885,0.24528605104717605,0.30391036408868977,0.11693045269784727,0.04343668584918045,0.1783168688258097,0.508690759034638,-0.09009803167655618,0.5969095961838915,11672.0,0.04121818233183603,0.295947691274214,0.34885013899418754,0.24603551512745064,0.30047407226307216,0.11382629584847742,0.04154926357330836,0.1850538315389487,0.5099430018999367,-0.13997855417002122,0.5550182792688642,11346.0,0.04098825552452757
bce,11,deberta-v3-base,empirical,neighbor_opposite,pareto_99,8,8,5,0.5,0.01,1.0,2,42,jaccard,0.0,0.0,0.0,0.31588999353635394,0.3623724301138885,0.24528605104717605,0.30391036408868977,0.11693045269784727,0.04343668584918045,0.1783168688258097,0.508690759034638,-0.09009803167655618,0.5969095961838915,11672.0,0.04121818233183603,0.295947691274214,0.34885013899418754,0.24603551512745064,0.30047407226307216,0.11382629584847742,0.04154926357330836,0.1850538315389487,0.5099430018999367,-0.13997855417002122,0.5550182792688642,11346.0,0.04098825552452757
bce,11,deberta-v3-base,empirical,neighbor_opposite,pareto_98,8,8,5,0.5,0.01,1.0,2,42,jaccard,0.0,0.0,0.0,0.31588999353635394,0.3623724301138885,0.24528605104717605,0.30391036408868977,0.11693045269784727,0.04343668584918045,0.1783168688258097,0.508690759034638,-0.09009803167655618,0.5969095961838915,11672.0,0.04121818233183603,0.295947691274214,0.34885013899418754,0.24603551512745064,0.30047407226307216,0.11382629584847742,0.04154926357330836,0.1850538315389487,0.5099430018999367,-0.13997855417002122,0.5550182792688642,11346.0,0.04098825552452757
bce,11,deberta-v3-base,empirical,neighbor_opposite,pareto_95,8,8,5,0.5,0.01,1.0,2,42,jaccard,0.1,0.2,0.0,0.3067403695923917,0.3605771735166953,0.24258852532232586,0.2935617768648467,0.26705314983654893,0.10679611819269606,0.17403508771929824,0.5212631578947369,-0.10182156106346149,0.5934766845505736,10586.0,0.03738311156312682,0.29522663242453495,0.35259622561040627,0.2422772770323413,0.288546535604352,0.25873768469612546,0.09956305395923942,0.18126069594980035,0.5238163148887621,-0.14698353133257477,0.5580934795059876,10319.0,0.037278142848369465
bce,11,deberta-v3-base,empirical,full,standard,8,8,5,0.5,0.01,1.0,2,42,jaccard,0.0,0.0,0.0,0.31588999353635394,0.3623724301138885,0.24528605104717605,0.30391036408868977,0.11693045269784727,0.04343668584918045,0.1783168688258097,0.508690759034638,-0.09009803167655618,0.5969095961838915,11672.0,0.04121818233183603,0.295947691274214,0.34885013899418754,0.24603551512745064,0.30047407226307216,0.11382629584847742,0.04154926357330836,0.1850538315389487,0.5099430018999367,-0.13997855417002122,0.5550182792688642,11346.0,0.04098825552452757
bce,11,deberta-v3-base,empirical,full,f1,8,8,5,0.5,0.01,1.0,2,42,jaccard,0.0,0.0,0.0,0.31588999353635394,0.3623724301138885,0.24528605104717605,0.30391036408868977,0.11693045269784727,0.04343668584918045,0.1783168688258097,0.508690759034638,-0.09009803167655618,0.5969095961838915,11672.0,0.04121818233183603,0.295947691274214,0.34885013899418754,0.24603551512745064,0.30047407226307216,0.11382629584847742,0.04154926357330836,0.1850538315389487,0.5099430018999367,-0.13997855417002122,0.5550182792688642,11346.0,0.04098825552452757
bce,11,deberta-v3-base,empirical,full,pareto_99,8,8,5,0.5,0.01,1.0,2,42,jaccard,0.0,0.0,0.02,0.3146906969179594,0.3620125037213457,0.2426032108567013,0.29317317563042383,0.3106354791725146,0.12513718807997218,0.17758074730842305,0.5099430018999367,-0.09156865874359978,0.5959550904647599,11543.0,0.040762635251574995,0.2960690596395228,0.3493467541050277,0.2423862143364993,0.2881804216993126,0.30051652628721576,0.11637790030722923,0.1848383786557209,0.5110312981015905,-0.14273959828362534,0.553130078473686,11232.0,0.04057642217975442
bce,11,deberta-v3-base,empirical,full,pareto_98,8,8,5,0.5,0.01,1.0,2,42,jaccard,0.0,0.0,0.02,0.3146906969179594,0.3620125037213457,0.2426032108567013,0.29317317563042383,0.3106354791725146,0.12513718807997218,0.17758074730842305,0.5099430018999367,-0.09156865874359978,0.5959550904647599,11543.0,0.040762635251574995,0.2960690596395228,0.3493467541050277,0.2423862143364993,0.2881804216993126,0.30051652628721576,0.11637790030722923,0.1848383786557209,0.5110312981015905,-0.14273959828362534,0.553130078473686,11232.0,0.04057642217975442
bce,11,deberta-v3-base,empirical,full,pareto_95,8,8,5,0.5,0.01,1.0,2,42,jaccard,0.1,0.2,0.0,0.3067403695923917,0.3605771735166953,0.24258852532232586,0.2935617768648467,0.26705314983654893,0.10679611819269606,0.17403508771929824,0.5212631578947369,-0.10182156106346149,0.5934766845505736,10586.0,0.03738311156312682,0.29522663242453495,0.35259622561040627,0.2422772770323413,0.288546535604352,0.25873768469612546,0.09956305395923942,0.18126069594980035,0.5238163148887621,-0.14698353133257477,0.5580934795059876,10319.0,0.037278142848369465
bce,42,deberta-v3-base,schwartz,cardinality_only,standard,8,8,5,0.5,0.01,1.0,2,42,jaccard,0.0,0.0,0.0,0.3051775050713913,0.3462186492081067,0.23041633713948007,0.2762630740326968,0.12844459499816663,0.04759334650044733,0.18363296754611252,0.528251225776325,-0.0973636343265864,0.6145205589958511,12162.0,0.04294855496228494,0.29630508385730386,0.33617000344335674,0.2312928042550224,0.27116088144330946,0.12714188766778417,0.04555671759531583,0.1947362209370943,0.5176442818364215,-0.14557562479692246,0.5668048779765934,11890.0,0.04295349534519943
bce,42,deberta-v3-base,schwartz,cardinality_only,f1,8,8,5,0.5,0.01,1.0,2,42,jaccard,0.0,0.0,0.0,0.3051775050713913,0.3462186492081067,0.23041633713948007,0.2762630740326968,0.12844459499816663,0.04759334650044733,0.18363296754611252,0.528251225776325,-0.0973636343265864,0.6145205589958511,12162.0,0.04294855496228494,0.29630508385730386,0.33617000344335674,0.2312928042550224,0.27116088144330946,0.12714188766778417,0.04555671759531583,0.1947362209370943,0.5176442818364215,-0.14557562479692246,0.5668048779765934,11890.0,0.04295349534519943
bce,42,deberta-v3-base,schwartz,cardinality_only,pareto_99,8,8,5,0.5,0.01,1.0,2,42,jaccard,0.0,0.0,0.0,0.3051775050713913,0.3462186492081067,0.23041633713948007,0.2762630740326968,0.12844459499816663,0.04759334650044733,0.18363296754611252,0.528251225776325,-0.0973636343265864,0.6145205589958511,12162.0,0.04294855496228494,0.29630508385730386,0.33617000344335674,0.2312928042550224,0.27116088144330946,0.12714188766778417,0.04555671759531583,0.1947362209370943,0.5176442818364215,-0.14557562479692246,0.5668048779765934,11890.0,0.04295349534519943
bce,42,deberta-v3-base,schwartz,cardinality_only,pareto_98,8,8,5,0.5,0.01,1.0,2,42,jaccard,0.0,0.0,0.0,0.3051775050713913,0.3462186492081067,0.23041633713948007,0.2762630740326968,0.12844459499816663,0.04759334650044733,0.18363296754611252,0.528251225776325,-0.0973636343265864,0.6145205589958511,12162.0,0.04294855496228494,0.29630508385730386,0.33617000344335674,0.2312928042550224,0.27116088144330946,0.12714188766778417,0.04555671759531583,0.1947362209370943,0.5176442818364215,-0.14557562479692246,0.5668048779765934,11890.0,0.04295349534519943
bce,42,deberta-v3-base,schwartz,cardinality_only,pareto_95,8,8,5,0.5,0.01,1.0,2,42,jaccard,0.0,0.0,0.0,0.3051775050713913,0.3462186492081067,0.23041633713948007,0.2762630740326968,0.12844459499816663,0.04759334650044733,0.18363296754611252,0.528251225776325,-0.0973636343265864,0.6145205589958511,12162.0,0.04294855496228494,0.29630508385730386,0.33617000344335674,0.2312928042550224,0.27116088144330946,0.12714188766778417,0.04555671759531583,0.1947362209370943,0.5176442818364215,-0.14557562479692246,0.5668048779765934,11890.0,0.04295349534519943
bce,42,deberta-v3-base,schwartz,neighbor_only,standard,8,8,5,0.5,0.01,1.0,2,42,jaccard,0.0,0.0,0.0,0.3051775050713913,0.3462186492081067,0.23041633713948007,0.2762630740326968,0.12844459499816663,0.04759334650044733,0.18363296754611252,0.528251225776325,-0.0973636343265864,0.6145205589958511,12162.0,0.04294855496228494,0.29630508385730386,0.33617000344335674,0.2312928042550224,0.27116088144330946,0.12714188766778417,0.04555671759531583,0.1947362209370943,0.5176442818364215,-0.14557562479692246,0.5668048779765934,11890.0,0.04295349534519943
bce,42,deberta-v3-base,schwartz,neighbor_only,f1,8,8,5,0.5,0.01,1.0,2,42,jaccard,0.0,0.0,0.0,0.3051775050713913,0.3462186492081067,0.23041633713948007,0.2762630740326968,0.12844459499816663,0.04759334650044733,0.18363296754611252,0.528251225776325,-0.0973636343265864,0.6145205589958511,12162.0,0.04294855496228494,0.29630508385730386,0.33617000344335674,0.2312928042550224,0.27116088144330946,0.12714188766778417,0.04555671759531583,0.1947362209370943,0.5176442818364215,-0.14557562479692246,0.5668048779765934,11890.0,0.04295349534519943
bce,42,deberta-v3-base,schwartz,neighbor_only,pareto_99,8,8,5,0.5,0.01,1.0,2,42,jaccard,0.1,0.0,0.0,0.3038034159149648,0.34459394980437064,0.22818120248046658,0.26494385284564675,0.2877592809208029,0.1118089713382617,0.1878434065934066,0.5256410256410257,-0.10513095038072374,0.6083534818537085,12347.0,0.04360185891459728,0.29621676166467914,0.33528151178647964,0.22923103617182145,0.2637390761569361,0.2789877380510876,0.10433088755021813,0.19801179054444573,0.5158941162871344,-0.15282835790108837,0.5610775489304918,12093.0,0.04368684770475162
bce,42,deberta-v3-base,schwartz,neighbor_only,pareto_98,8,8,5,0.5,0.01,1.0,2,42,jaccard,0.1,0.0,0.0,0.3038034159149648,0.34459394980437064,0.22818120248046658,0.26494385284564675,0.2877592809208029,0.1118089713382617,0.1878434065934066,0.5256410256410257,-0.10513095038072374,0.6083534818537085,12347.0,0.04360185891459728,0.29621676166467914,0.33528151178647964,0.22923103617182145,0.2637390761569361,0.2789877380510876,0.10433088755021813,0.19801179054444573,0.5158941162871344,-0.15282835790108837,0.5610775489304918,12093.0,0.04368684770475162
bce,42,deberta-v3-base,schwartz,neighbor_only,pareto_95,8,8,5,0.5,0.01,1.0,2,42,jaccard,0.1,0.0,0.0,0.3038034159149648,0.34459394980437064,0.22818120248046658,0.26494385284564675,0.2877592809208029,0.1118089713382617,0.1878434065934066,0.5256410256410257,-0.10513095038072374,0.6083534818537085,12347.0,0.04360185891459728,0.29621676166467914,0.33528151178647964,0.22923103617182145,0.2637390761569361,0.2789877380510876,0.10433088755021813,0.19801179054444573,0.5158941162871344,-0.15282835790108837,0.5610775489304918,12093.0,0.04368684770475162
bce,42,deberta-v3-base,schwartz,opposite_only,standard,8,8,5,0.5,0.01,1.0,2,42,jaccard,0.0,0.0,0.0,0.3051775050713913,0.3462186492081067,0.23041633713948007,0.2762630740326968,0.12844459499816663,0.04759334650044733,0.18363296754611252,0.528251225776325,-0.0973636343265864,0.6145205589958511,12162.0,0.04294855496228494,0.29630508385730386,0.33617000344335674,0.2312928042550224,0.27116088144330946,0.12714188766778417,0.04555671759531583,0.1947362209370943,0.5176442818364215,-0.14557562479692246,0.5668048779765934,11890.0,0.04295349534519943
bce,42,deberta-v3-base,schwartz,opposite_only,f1,8,8,5,0.5,0.01,1.0,2,42,jaccard,0.0,0.0,0.0,0.3051775050713913,0.3462186492081067,0.23041633713948007,0.2762630740326968,0.12844459499816663,0.04759334650044733,0.18363296754611252,0.528251225776325,-0.0973636343265864,0.6145205589958511,12162.0,0.04294855496228494,0.29630508385730386,0.33617000344335674,0.2312928042550224,0.27116088144330946,0.12714188766778417,0.04555671759531583,0.1947362209370943,0.5176442818364215,-0.14557562479692246,0.5668048779765934,11890.0,0.04295349534519943
bce,42,deberta-v3-base,schwartz,opposite_only,pareto_99,8,8,5,0.5,0.01,1.0,2,42,jaccard,0.0,0.2,0.0,0.30472519943700754,0.3463367297428433,0.22791994168533353,0.2651417233492173,0.27383887675914453,0.10387947013277675,0.1841043890865955,0.5277580071174377,-0.10819876064517146,0.6036636355588617,11999.0,0.04237294120970704,0.2974504832989308,0.33778351282942076,0.2293984842148036,0.2641118361588431,0.26566737001702245,0.09699360729231407,0.19429396894185627,0.5179968701095462,-0.15362191397244462,0.5586689250789578,11710.0,0.04230323216924183
bce,42,deberta-v3-base,schwartz,opposite_only,pareto_98,8,8,5,0.5,0.01,1.0,2,42,jaccard,0.0,0.2,0.0,0.30472519943700754,0.3463367297428433,0.22791994168533353,0.2651417233492173,0.27383887675914453,0.10387947013277675,0.1841043890865955,0.5277580071174377,-0.10819876064517146,0.6036636355588617,11999.0,0.04237294120970704,0.2974504832989308,0.33778351282942076,0.2293984842148036,0.2641118361588431,0.26566737001702245,0.09699360729231407,0.19429396894185627,0.5179968701095462,-0.15362191397244462,0.5586689250789578,11710.0,0.04230323216924183
bce,42,deberta-v3-base,schwartz,opposite_only,pareto_95,8,8,5,0.5,0.01,1.0,2,42,jaccard,0.0,0.2,0.0,0.30472519943700754,0.3463367297428433,0.22791994168533353,0.2651417233492173,0.27383887675914453,0.10387947013277675,0.1841043890865955,0.5277580071174377,-0.10819876064517146,0.6036636355588617,11999.0,0.04237294120970704,0.2974504832989308,0.33778351282942076,0.2293984842148036,0.2641118361588431,0.26566737001702245,0.09699360729231407,0.19429396894185627,0.5179968701095462,-0.15362191397244462,0.5586689250789578,11710.0,0.04230323216924183
bce,42,deberta-v3-base,schwartz,neighbor_opposite,standard,8,8,5,0.5,0.01,1.0,2,42,jaccard,0.0,0.0,0.0,0.3051775050713913,0.3462186492081067,0.23041633713948007,0.2762630740326968,0.12844459499816663,0.04759334650044733,0.18363296754611252,0.528251225776325,-0.0973636343265864,0.6145205589958511,12162.0,0.04294855496228494,0.29630508385730386,0.33617000344335674,0.2312928042550224,0.27116088144330946,0.12714188766778417,0.04555671759531583,0.1947362209370943,0.5176442818364215,-0.14557562479692246,0.5668048779765934,11890.0,0.04295349534519943
bce,42,deberta-v3-base,schwartz,neighbor_opposite,f1,8,8,5,0.5,0.01,1.0,2,42,jaccard,0.0,0.0,0.0,0.3051775050713913,0.3462186492081067,0.23041633713948007,0.2762630740326968,0.12844459499816663,0.04759334650044733,0.18363296754611252,0.528251225776325,-0.0973636343265864,0.6145205589958511,12162.0,0.04294855496228494,0.29630508385730386,0.33617000344335674,0.2312928042550224,0.27116088144330946,0.12714188766778417,0.04555671759531583,0.1947362209370943,0.5176442818364215,-0.14557562479692246,0.5668048779765934,11890.0,0.04295349534519943
bce,42,deberta-v3-base,schwartz,neighbor_opposite,pareto_99,8,8,5,0.5,0.01,1.0,2,42,jaccard,0.1,0.2,0.0,0.3036877732453511,0.3448839332916807,0.22796231297945144,0.2648377206711484,0.27796314708494746,0.10540139364089657,0.18901022304832713,0.5247444237918215,-0.11614861931010435,0.5976060275300443,12196.0,0.0430686216346018,0.29748236003614675,0.33688657464262906,0.22955949194678668,0.2638257240814199,0.26961983646719784,0.09831915134152656,0.19860996583814347,0.5153728354340912,-0.16258118471672872,0.551401616555506,11918.0,0.04305464739479284
bce,42,deberta-v3-base,schwartz,neighbor_opposite,pareto_98,8,8,5,0.5,0.01,1.0,2,42,jaccard,0.1,0.2,0.0,0.3036877732453511,0.3448839332916807,0.22796231297945144,0.2648377206711484,0.27796314708494746,0.10540139364089657,0.18901022304832713,0.5247444237918215,-0.11614861931010435,0.5976060275300443,12196.0,0.0430686216346018,0.29748236003614675,0.33688657464262906,0.22955949194678668,0.2638257240814199,0.26961983646719784,0.09831915134152656,0.19860996583814347,0.5153728354340912,-0.16258118471672872,0.551401616555506,11918.0,0.04305464739479284
bce,42,deberta-v3-base,schwartz,neighbor_opposite,pareto_95,8,8,5,0.5,0.01,1.0,2,42,jaccard,0.1,0.2,0.0,0.3036877732453511,0.3448839332916807,0.22796231297945144,0.2648377206711484,0.27796314708494746,0.10540139364089657,0.18901022304832713,0.5247444237918215,-0.11614861931010435,0.5976060275300443,12196.0,0.0430686216346018,0.29748236003614675,0.33688657464262906,0.22955949194678668,0.2638257240814199,0.26961983646719784,0.09831915134152656,0.19860996583814347,0.5153728354340912,-0.16258118471672872,0.551401616555506,11918.0,0.04305464739479284
bce,42,deberta-v3-base,schwartz,full,standard,8,8,5,0.5,0.01,1.0,2,42,jaccard,0.0,0.0,0.0,0.3051775050713913,0.3462186492081067,0.23041633713948007,0.2762630740326968,0.12844459499816663,0.04759334650044733,0.18363296754611252,0.528251225776325,-0.0973636343265864,0.6145205589958511,12162.0,0.04294855496228494,0.29630508385730386,0.33617000344335674,0.2312928042550224,0.27116088144330946,0.12714188766778417,0.04555671759531583,0.1947362209370943,0.5176442818364215,-0.14557562479692246,0.5668048779765934,11890.0,0.04295349534519943
bce,42,deberta-v3-base,schwartz,full,f1,8,8,5,0.5,0.01,1.0,2,42,jaccard,0.0,0.0,0.0,0.3051775050713913,0.3462186492081067,0.23041633713948007,0.2762630740326968,0.12844459499816663,0.04759334650044733,0.18363296754611252,0.528251225776325,-0.0973636343265864,0.6145205589958511,12162.0,0.04294855496228494,0.29630508385730386,0.33617000344335674,0.2312928042550224,0.27116088144330946,0.12714188766778417,0.04555671759531583,0.1947362209370943,0.5176442818364215,-0.14557562479692246,0.5668048779765934,11890.0,0.04295349534519943
bce,42,deberta-v3-base,schwartz,full,pareto_99,8,8,5,0.5,0.01,1.0,2,42,jaccard,0.1,0.2,0.0,0.3036877732453511,0.3448839332916807,0.22796231297945144,0.2648377206711484,0.27796314708494746,0.10540139364089657,0.18901022304832713,0.5247444237918215,-0.11614861931010435,0.5976060275300443,12196.0,0.0430686216346018,0.29748236003614675,0.33688657464262906,0.22955949194678668,0.2638257240814199,0.26961983646719784,0.09831915134152656,0.19860996583814347,0.5153728354340912,-0.16258118471672872,0.551401616555506,11918.0,0.04305464739479284
bce,42,deberta-v3-base,schwartz,full,pareto_98,8,8,5,0.5,0.01,1.0,2,42,jaccard,0.1,0.2,0.0,0.3036877732453511,0.3448839332916807,0.22796231297945144,0.2648377206711484,0.27796314708494746,0.10540139364089657,0.18901022304832713,0.5247444237918215,-0.11614861931010435,0.5976060275300443,12196.0,0.0430686216346018,0.29748236003614675,0.33688657464262906,0.22955949194678668,0.2638257240814199,0.26961983646719784,0.09831915134152656,0.19860996583814347,0.5153728354340912,-0.16258118471672872,0.551401616555506,11918.0,0.04305464739479284
bce,42,deberta-v3-base,schwartz,full,pareto_95,8,8,5,0.5,0.01,1.0,2,42,jaccard,0.1,0.2,0.0,0.3036877732453511,0.3448839332916807,0.22796231297945144,0.2648377206711484,0.27796314708494746,0.10540139364089657,0.18901022304832713,0.5247444237918215,-0.11614861931010435,0.5976060275300443,12196.0,0.0430686216346018,0.29748236003614675,0.33688657464262906,0.22955949194678668,0.2638257240814199,0.26961983646719784,0.09831915134152656,0.19860996583814347,0.5153728354340912,-0.16258118471672872,0.551401616555506,11918.0,0.04305464739479284
bce,42,deberta-v3-base,random,cardinality_only,standard,8,8,5,0.5,0.01,1.0,2,42,jaccard,0.0,0.0,0.0,0.3051775050713913,0.3462186492081067,0.23041633713948007,0.2762630740326968,0.12844459499816663,0.04759334650044733,0.18363296754611252,0.528251225776325,-0.0973636343265864,0.6145205589958511,12162.0,0.04294855496228494,0.29630508385730386,0.33617000344335674,0.2312928042550224,0.27116088144330946,0.12714188766778417,0.04555671759531583,0.1947362209370943,0.5176442818364215,-0.14557562479692246,0.5668048779765934,11890.0,0.04295349534519943
bce,42,deberta-v3-base,random,cardinality_only,f1,8,8,5,0.5,0.01,1.0,2,42,jaccard,0.0,0.0,0.0,0.3051775050713913,0.3462186492081067,0.23041633713948007,0.2762630740326968,0.12844459499816663,0.04759334650044733,0.18363296754611252,0.528251225776325,-0.0973636343265864,0.6145205589958511,12162.0,0.04294855496228494,0.29630508385730386,0.33617000344335674,0.2312928042550224,0.27116088144330946,0.12714188766778417,0.04555671759531583,0.1947362209370943,0.5176442818364215,-0.14557562479692246,0.5668048779765934,11890.0,0.04295349534519943
bce,42,deberta-v3-base,random,cardinality_only,pareto_99,8,8,5,0.5,0.01,1.0,2,42,jaccard,0.0,0.0,0.0,0.3051775050713913,0.3462186492081067,0.23041633713948007,0.2762630740326968,0.12844459499816663,0.04759334650044733,0.18363296754611252,0.528251225776325,-0.0973636343265864,0.6145205589958511,12162.0,0.04294855496228494,0.29630508385730386,0.33617000344335674,0.2312928042550224,0.27116088144330946,0.12714188766778417,0.04555671759531583,0.1947362209370943,0.5176442818364215,-0.14557562479692246,0.5668048779765934,11890.0,0.04295349534519943
bce,42,deberta-v3-base,random,cardinality_only,pareto_98,8,8,5,0.5,0.01,1.0,2,42,jaccard,0.0,0.0,0.0,0.3051775050713913,0.3462186492081067,0.23041633713948007,0.2762630740326968,0.12844459499816663,0.04759334650044733,0.18363296754611252,0.528251225776325,-0.0973636343265864,0.6145205589958511,12162.0,0.04294855496228494,0.29630508385730386,0.33617000344335674,0.2312928042550224,0.27116088144330946,0.12714188766778417,0.04555671759531583,0.1947362209370943,0.5176442818364215,-0.14557562479692246,0.5668048779765934,11890.0,0.04295349534519943
bce,42,deberta-v3-base,random,cardinality_only,pareto_95,8,8,5,0.5,0.01,1.0,2,42,jaccard,0.0,0.0,0.0,0.3051775050713913,0.3462186492081067,0.23041633713948007,0.2762630740326968,0.12844459499816663,0.04759334650044733,0.18363296754611252,0.528251225776325,-0.0973636343265864,0.6145205589958511,12162.0,0.04294855496228494,0.29630508385730386,0.33617000344335674,0.2312928042550224,0.27116088144330946,0.12714188766778417,0.04555671759531583,0.1947362209370943,0.5176442818364215,-0.14557562479692246,0.5668048779765934,11890.0,0.04295349534519943
bce,42,deberta-v3-base,random,neighbor_only,standard,8,8,5,0.5,0.01,1.0,2,42,jaccard,0.0,0.0,0.0,0.3051775050713913,0.3462186492081067,0.23041633713948007,0.2762630740326968,0.12844459499816663,0.04759334650044733,0.18363296754611252,0.528251225776325,-0.0973636343265864,0.6145205589958511,12162.0,0.04294855496228494,0.29630508385730386,0.33617000344335674,0.2312928042550224,0.27116088144330946,0.12714188766778417,0.04555671759531583,0.1947362209370943,0.5176442818364215,-0.14557562479692246,0.5668048779765934,11890.0,0.04295349534519943
bce,42,deberta-v3-base,random,neighbor_only,f1,8,8,5,0.5,0.01,1.0,2,42,jaccard,0.0,0.0,0.0,0.3051775050713913,0.3462186492081067,0.23041633713948007,0.2762630740326968,0.12844459499816663,0.04759334650044733,0.18363296754611252,0.528251225776325,-0.0973636343265864,0.6145205589958511,12162.0,0.04294855496228494,0.29630508385730386,0.33617000344335674,0.2312928042550224,0.27116088144330946,0.12714188766778417,0.04555671759531583,0.1947362209370943,0.5176442818364215,-0.14557562479692246,0.5668048779765934,11890.0,0.04295349534519943
bce,42,deberta-v3-base,random,neighbor_only,pareto_99,8,8,5,0.5,0.01,1.0,2,42,jaccard,0.1,0.0,0.0,0.3049545300415432,0.3459615384615385,0.22813483787304095,0.2652569504892847,0.28479225105017636,0.11061441772087914,0.18356419508788266,0.5274124083343034,-0.09837946092996565,0.6125971424922204,12189.0,0.04304390202559539,0.2965046453463628,0.3366239379205344,0.2291243297132711,0.2640818598638353,0.27609989273300245,0.10329524669451294,0.19493819894055325,0.5178340200117716,-0.14702611895990497,0.56574609999242,11922.0,0.043069097687591894
bce,42,deberta-v3-base,random,neighbor_only,pareto_98,8,8,5,0.5,0.01,1.0,2,42,jaccard,0.1,0.0,0.0,0.3049545300415432,0.3459615384615385,0.22813483787304095,0.2652569504892847,0.28479225105017636,0.11061441772087914,0.18356419508788266,0.5274124083343034,-0.09837946092996565,0.6125971424922204,12189.0,0.04304390202559539,0.2965046453463628,0.3366239379205344,0.2291243297132711,0.2640818598638353,0.27609989273300245,0.10329524669451294,0.19493819894055325,0.5178340200117716,-0.14702611895990497,0.56574609999242,11922.0,0.043069097687591894
bce,42,deberta-v3-base,random,neighbor_only,pareto_95,8,8,5,0.5,0.01,1.0,2,42,jaccard,0.1,0.0,0.0,0.3049545300415432,0.3459615384615385,0.22813483787304095,0.2652569504892847,0.28479225105017636,0.11061441772087914,0.18356419508788266,0.5274124083343034,-0.09837946092996565,0.6125971424922204,12189.0,0.04304390202559539,0.2965046453463628,0.3366239379205344,0.2291243297132711,0.2640818598638353,0.27609989273300245,0.10329524669451294,0.19493819894055325,0.5178340200117716,-0.14702611895990497,0.56574609999242,11922.0,0.043069097687591894
bce,42,deberta-v3-base,random,opposite_only,standard,8,8,5,0.5,0.01,1.0,2,42,jaccard,0.0,0.0,0.0,0.3051775050713913,0.3462186492081067,0.23041633713948007,0.2762630740326968,0.12844459499816663,0.04759334650044733,0.18363296754611252,0.528251225776325,-0.0973636343265864,0.6145205589958511,12162.0,0.04294855496228494,0.29630508385730386,0.33617000344335674,0.2312928042550224,0.27116088144330946,0.12714188766778417,0.04555671759531583,0.1947362209370943,0.5176442818364215,-0.14557562479692246,0.5668048779765934,11890.0,0.04295349534519943
bce,42,deberta-v3-base,random,opposite_only,f1,8,8,5,0.5,0.01,1.0,2,42,jaccard,0.0,0.0,0.0,0.3051775050713913,0.3462186492081067,0.23041633713948007,0.2762630740326968,0.12844459499816663,0.04759334650044733,0.18363296754611252,0.528251225776325,-0.0973636343265864,0.6145205589958511,12162.0,0.04294855496228494,0.29630508385730386,0.33617000344335674,0.2312928042550224,0.27116088144330946,0.12714188766778417,0.04555671759531583,0.1947362209370943,0.5176442818364215,-0.14557562479692246,0.5668048779765934,11890.0,0.04295349534519943
bce,42,deberta-v3-base,random,opposite_only,pareto_99,8,8,5,0.5,0.01,1.0,2,42,jaccard,0.0,0.2,0.0,0.3042189220174199,0.3459322199433539,0.22862550717381133,0.26535285799601355,0.2744883227424653,0.10658856781490589,0.18198198198198198,0.532012012012012,-0.09950235127465308,0.6144916427193409,11867.0,0.04190680001130039,0.29755530370771577,0.3376532748479713,0.22899904241339397,0.2640016228808877,0.2663230789138322,0.09957959789403151,0.192326372025255,0.5207625060709082,-0.14541462805577712,0.5676742500403862,11623.0,0.041988938300862325
bce,42,deberta-v3-base,random,opposite_only,pareto_98,8,8,5,0.5,0.01,1.0,2,42,jaccard,0.0,0.2,0.0,0.3042189220174199,0.3459322199433539,0.22862550717381133,0.26535285799601355,0.2744883227424653,0.10658856781490589,0.18198198198198198,0.532012012012012,-0.09950235127465308,0.6144916427193409,11867.0,0.04190680001130039,0.29755530370771577,0.3376532748479713,0.22899904241339397,0.2640016228808877,0.2663230789138322,0.09957959789403151,0.192326372025255,0.5207625060709082,-0.14541462805577712,0.5676742500403862,11623.0,0.041988938300862325
bce,42,deberta-v3-base,random,opposite_only,pareto_95,8,8,5,0.5,0.01,1.0,2,42,jaccard,0.0,0.2,0.0,0.3042189220174199,0.3459322199433539,0.22862550717381133,0.26535285799601355,0.2744883227424653,0.10658856781490589,0.18198198198198198,0.532012012012012,-0.09950235127465308,0.6144916427193409,11867.0,0.04190680001130039,0.29755530370771577,0.3376532748479713,0.22899904241339397,0.2640016228808877,0.2663230789138322,0.09957959789403151,0.192326372025255,0.5207625060709082,-0.14541462805577712,0.5676742500403862,11623.0,0.041988938300862325
bce,42,deberta-v3-base,random,neighbor_opposite,standard,8,8,5,0.5,0.01,1.0,2,42,jaccard,0.0,0.0,0.0,0.3051775050713913,0.3462186492081067,0.23041633713948007,0.2762630740326968,0.12844459499816663,0.04759334650044733,0.18363296754611252,0.528251225776325,-0.0973636343265864,0.6145205589958511,12162.0,0.04294855496228494,0.29630508385730386,0.33617000344335674,0.2312928042550224,0.27116088144330946,0.12714188766778417,0.04555671759531583,0.1947362209370943,0.5176442818364215,-0.14557562479692246,0.5668048779765934,11890.0,0.04295349534519943
bce,42,deberta-v3-base,random,neighbor_opposite,f1,8,8,5,0.5,0.01,1.0,2,42,jaccard,0.0,0.0,0.0,0.3051775050713913,0.3462186492081067,0.23041633713948007,0.2762630740326968,0.12844459499816663,0.04759334650044733,0.18363296754611252,0.528251225776325,-0.0973636343265864,0.6145205589958511,12162.0,0.04294855496228494,0.29630508385730386,0.33617000344335674,0.2312928042550224,0.27116088144330946,0.12714188766778417,0.04555671759531583,0.1947362209370943,0.5176442818364215,-0.14557562479692246,0.5668048779765934,11890.0,0.04295349534519943
bce,42,deberta-v3-base,random,neighbor_opposite,pareto_99,8,8,5,0.5,0.01,1.0,2,42,jaccard,0.1,0.0,0.0,0.3049545300415432,0.3459615384615385,0.22813483787304095,0.2652569504892847,0.28479225105017636,0.11061441772087914,0.18356419508788266,0.5274124083343034,-0.09837946092996565,0.6125971424922204,12189.0,0.04304390202559539,0.2965046453463628,0.3366239379205344,0.2291243297132711,0.2640818598638353,0.27609989273300245,0.10329524669451294,0.19493819894055325,0.5178340200117716,-0.14702611895990497,0.56574609999242,11922.0,0.043069097687591894
bce,42,deberta-v3-base,random,neighbor_opposite,pareto_98,8,8,5,0.5,0.01,1.0,2,42,jaccard,0.1,0.0,0.0,0.3049545300415432,0.3459615384615385,0.22813483787304095,0.2652569504892847,0.28479225105017636,0.11061441772087914,0.18356419508788266,0.5274124083343034,-0.09837946092996565,0.6125971424922204,12189.0,0.04304390202559539,0.2965046453463628,0.3366239379205344,0.2291243297132711,0.2640818598638353,0.27609989273300245,0.10329524669451294,0.19493819894055325,0.5178340200117716,-0.14702611895990497,0.56574609999242,11922.0,0.043069097687591894
bce,42,deberta-v3-base,random,neighbor_opposite,pareto_95,8,8,5,0.5,0.01,1.0,2,42,jaccard,0.1,0.0,0.0,0.3049545300415432,0.3459615384615385,0.22813483787304095,0.2652569504892847,0.28479225105017636,0.11061441772087914,0.18356419508788266,0.5274124083343034,-0.09837946092996565,0.6125971424922204,12189.0,0.04304390202559539,0.2965046453463628,0.3366239379205344,0.2291243297132711,0.2640818598638353,0.27609989273300245,0.10329524669451294,0.19493819894055325,0.5178340200117716,-0.14702611895990497,0.56574609999242,11922.0,0.043069097687591894
bce,42,deberta-v3-base,random,full,standard,8,8,5,0.5,0.01,1.0,2,42,jaccard,0.0,0.0,0.0,0.3051775050713913,0.3462186492081067,0.23041633713948007,0.2762630740326968,0.12844459499816663,0.04759334650044733,0.18363296754611252,0.528251225776325,-0.0973636343265864,0.6145205589958511,12162.0,0.04294855496228494,0.29630508385730386,0.33617000344335674,0.2312928042550224,0.27116088144330946,0.12714188766778417,0.04555671759531583,0.1947362209370943,0.5176442818364215,-0.14557562479692246,0.5668048779765934,11890.0,0.04295349534519943
bce,42,deberta-v3-base,random,full,f1,8,8,5,0.5,0.01,1.0,2,42,jaccard,0.0,0.0,0.0,0.3051775050713913,0.3462186492081067,0.23041633713948007,0.2762630740326968,0.12844459499816663,0.04759334650044733,0.18363296754611252,0.528251225776325,-0.0973636343265864,0.6145205589958511,12162.0,0.04294855496228494,0.29630508385730386,0.33617000344335674,0.2312928042550224,0.27116088144330946,0.12714188766778417,0.04555671759531583,0.1947362209370943,0.5176442818364215,-0.14557562479692246,0.5668048779765934,11890.0,0.04295349534519943
bce,42,deberta-v3-base,random,full,pareto_99,8,8,5,0.5,0.01,1.0,2,42,jaccard,0.1,0.0,0.0,0.3049545300415432,0.3459615384615385,0.22813483787304095,0.2652569504892847,0.28479225105017636,0.11061441772087914,0.18356419508788266,0.5274124083343034,-0.09837946092996565,0.6125971424922204,12189.0,0.04304390202559539,0.2965046453463628,0.3366239379205344,0.2291243297132711,0.2640818598638353,0.27609989273300245,0.10329524669451294,0.19493819894055325,0.5178340200117716,-0.14702611895990497,0.56574609999242,11922.0,0.043069097687591894
bce,42,deberta-v3-base,random,full,pareto_98,8,8,5,0.5,0.01,1.0,2,42,jaccard,0.1,0.0,0.0,0.3049545300415432,0.3459615384615385,0.22813483787304095,0.2652569504892847,0.28479225105017636,0.11061441772087914,0.18356419508788266,0.5274124083343034,-0.09837946092996565,0.6125971424922204,12189.0,0.04304390202559539,0.2965046453463628,0.3366239379205344,0.2291243297132711,0.2640818598638353,0.27609989273300245,0.10329524669451294,0.19493819894055325,0.5178340200117716,-0.14702611895990497,0.56574609999242,11922.0,0.043069097687591894
bce,42,deberta-v3-base,random,full,pareto_95,8,8,5,0.5,0.01,1.0,2,42,jaccard,0.1,0.0,0.0,0.3049545300415432,0.3459615384615385,0.22813483787304095,0.2652569504892847,0.28479225105017636,0.11061441772087914,0.18356419508788266,0.5274124083343034,-0.09837946092996565,0.6125971424922204,12189.0,0.04304390202559539,0.2965046453463628,0.3366239379205344,0.2291243297132711,0.2640818598638353,0.27609989273300245,0.10329524669451294,0.19493819894055325,0.5178340200117716,-0.14702611895990497,0.56574609999242,11922.0,0.043069097687591894
bce,42,deberta-v3-base,empirical,cardinality_only,standard,8,8,5,0.5,0.01,1.0,2,42,jaccard,0.0,0.0,0.0,0.3051775050713913,0.3462186492081067,0.23041633713948007,0.2762630740326968,0.12844459499816663,0.04759334650044733,0.18363296754611252,0.528251225776325,-0.0973636343265864,0.6145205589958511,12162.0,0.04294855496228494,0.29630508385730386,0.33617000344335674,0.2312928042550224,0.27116088144330946,0.12714188766778417,0.04555671759531583,0.1947362209370943,0.5176442818364215,-0.14557562479692246,0.5668048779765934,11890.0,0.04295349534519943
bce,42,deberta-v3-base,empirical,cardinality_only,f1,8,8,5,0.5,0.01,1.0,2,42,jaccard,0.0,0.0,0.0,0.3051775050713913,0.3462186492081067,0.23041633713948007,0.2762630740326968,0.12844459499816663,0.04759334650044733,0.18363296754611252,0.528251225776325,-0.0973636343265864,0.6145205589958511,12162.0,0.04294855496228494,0.29630508385730386,0.33617000344335674,0.2312928042550224,0.27116088144330946,0.12714188766778417,0.04555671759531583,0.1947362209370943,0.5176442818364215,-0.14557562479692246,0.5668048779765934,11890.0,0.04295349534519943
bce,42,deberta-v3-base,empirical,cardinality_only,pareto_99,8,8,5,0.5,0.01,1.0,2,42,jaccard,0.0,0.0,0.0,0.3051775050713913,0.3462186492081067,0.23041633713948007,0.2762630740326968,0.12844459499816663,0.04759334650044733,0.18363296754611252,0.528251225776325,-0.0973636343265864,0.6145205589958511,12162.0,0.04294855496228494,0.29630508385730386,0.33617000344335674,0.2312928042550224,0.27116088144330946,0.12714188766778417,0.04555671759531583,0.1947362209370943,0.5176442818364215,-0.14557562479692246,0.5668048779765934,11890.0,0.04295349534519943
bce,42,deberta-v3-base,empirical,cardinality_only,pareto_98,8,8,5,0.5,0.01,1.0,2,42,jaccard,0.0,0.0,0.0,0.3051775050713913,0.3462186492081067,0.23041633713948007,0.2762630740326968,0.12844459499816663,0.04759334650044733,0.18363296754611252,0.528251225776325,-0.0973636343265864,0.6145205589958511,12162.0,0.04294855496228494,0.29630508385730386,0.33617000344335674,0.2312928042550224,0.27116088144330946,0.12714188766778417,0.04555671759531583,0.1947362209370943,0.5176442818364215,-0.14557562479692246,0.5668048779765934,11890.0,0.04295349534519943
bce,42,deberta-v3-base,empirical,cardinality_only,pareto_95,8,8,5,0.5,0.01,1.0,2,42,jaccard,0.0,0.0,0.0,0.3051775050713913,0.3462186492081067,0.23041633713948007,0.2762630740326968,0.12844459499816663,0.04759334650044733,0.18363296754611252,0.528251225776325,-0.0973636343265864,0.6145205589958511,12162.0,0.04294855496228494,0.29630508385730386,0.33617000344335674,0.2312928042550224,0.27116088144330946,0.12714188766778417,0.04555671759531583,0.1947362209370943,0.5176442818364215,-0.14557562479692246,0.5668048779765934,11890.0,0.04295349534519943
bce,42,deberta-v3-base,empirical,neighbor_only,standard,8,8,5,0.5,0.01,1.0,2,42,jaccard,0.0,0.0,0.0,0.3051775050713913,0.3462186492081067,0.23041633713948007,0.2762630740326968,0.12844459499816663,0.04759334650044733,0.18363296754611252,0.528251225776325,-0.0973636343265864,0.6145205589958511,12162.0,0.04294855496228494,0.29630508385730386,0.33617000344335674,0.2312928042550224,0.27116088144330946,0.12714188766778417,0.04555671759531583,0.1947362209370943,0.5176442818364215,-0.14557562479692246,0.5668048779765934,11890.0,0.04295349534519943
bce,42,deberta-v3-base,empirical,neighbor_only,f1,8,8,5,0.5,0.01,1.0,2,42,jaccard,0.0,0.0,0.0,0.3051775050713913,0.3462186492081067,0.23041633713948007,0.2762630740326968,0.12844459499816663,0.04759334650044733,0.18363296754611252,0.528251225776325,-0.0973636343265864,0.6145205589958511,12162.0,0.04294855496228494,0.29630508385730386,0.33617000344335674,0.2312928042550224,0.27116088144330946,0.12714188766778417,0.04555671759531583,0.1947362209370943,0.5176442818364215,-0.14557562479692246,0.5668048779765934,11890.0,0.04295349534519943
bce,42,deberta-v3-base,empirical,neighbor_only,pareto_99,8,8,5,0.5,0.01,1.0,2,42,jaccard,0.1,0.0,0.0,0.30489398907922155,0.3460334280622321,0.22817841920973445,0.2652172731323377,0.28359913255914715,0.11021175661445101,0.18345407805562047,0.5281607852301939,-0.09738074317561084,0.6142341201102035,12150.0,0.04290617848970252,0.29638856030304095,0.3363363363363363,0.229135635029787,0.2640468874290069,0.27499488433038766,0.10293084823146798,0.19425396074722157,0.518562307874202,-0.14574261964267463,0.5670736489787489,11874.0,0.0428956941740032
bce,42,deberta-v3-base,empirical,neighbor_only,pareto_98,8,8,5,0.5,0.01,1.0,2,42,jaccard,0.1,0.0,0.0,0.30489398907922155,0.3460334280622321,0.22817841920973445,0.2652172731323377,0.28359913255914715,0.11021175661445101,0.18345407805562047,0.5281607852301939,-0.09738074317561084,0.6142341201102035,12150.0,0.04290617848970252,0.29638856030304095,0.3363363363363363,0.229135635029787,0.2640468874290069,0.27499488433038766,0.10293084823146798,0.19425396074722157,0.518562307874202,-0.14574261964267463,0.5670736489787489,11874.0,0.0428956941740032
bce,42,deberta-v3-base,empirical,neighbor_only,pareto_95,8,8,5,0.5,0.01,1.0,2,42,jaccard,0.1,0.0,0.0,0.30489398907922155,0.3460334280622321,0.22817841920973445,0.2652172731323377,0.28359913255914715,0.11021175661445101,0.18345407805562047,0.5281607852301939,-0.09738074317561084,0.6142341201102035,12150.0,0.04290617848970252,0.29638856030304095,0.3363363363363363,0.229135635029787,0.2640468874290069,0.27499488433038766,0.10293084823146798,0.19425396074722157,0.518562307874202,-0.14574261964267463,0.5670736489787489,11874.0,0.0428956941740032
bce,42,deberta-v3-base,empirical,opposite_only,standard,8,8,5,0.5,0.01,1.0,2,42,jaccard,0.0,0.0,0.0,0.3051775050713913,0.3462186492081067,0.23041633713948007,0.2762630740326968,0.12844459499816663,0.04759334650044733,0.18363296754611252,0.528251225776325,-0.0973636343265864,0.6145205589958511,12162.0,0.04294855496228494,0.29630508385730386,0.33617000344335674,0.2312928042550224,0.27116088144330946,0.12714188766778417,0.04555671759531583,0.1947362209370943,0.5176442818364215,-0.14557562479692246,0.5668048779765934,11890.0,0.04295349534519943
bce,42,deberta-v3-base,empirical,opposite_only,f1,8,8,5,0.5,0.01,1.0,2,42,jaccard,0.0,0.0,0.0,0.3051775050713913,0.3462186492081067,0.23041633713948007,0.2762630740326968,0.12844459499816663,0.04759334650044733,0.18363296754611252,0.528251225776325,-0.0973636343265864,0.6145205589958511,12162.0,0.04294855496228494,0.29630508385730386,0.33617000344335674,0.2312928042550224,0.27116088144330946,0.12714188766778417,0.04555671759531583,0.1947362209370943,0.5176442818364215,-0.14557562479692246,0.5668048779765934,11890.0,0.04295349534519943
bce,42,deberta-v3-base,empirical,opposite_only,pareto_99,8,8,5,0.5,0.01,1.0,2,42,jaccard,0.0,0.0,0.0,0.3051775050713913,0.3462186492081067,0.23041633713948007,0.2762630740326968,0.12844459499816663,0.04759334650044733,0.18363296754611252,0.528251225776325,-0.0973636343265864,0.6145205589958511,12162.0,0.04294855496228494,0.29630508385730386,0.33617000344335674,0.2312928042550224,0.27116088144330946,0.12714188766778417,0.04555671759531583,0.1947362209370943,0.5176442818364215,-0.14557562479692246,0.5668048779765934,11890.0,0.04295349534519943
bce,42,deberta-v3-base,empirical,opposite_only,pareto_98,8,8,5,0.5,0.01,1.0,2,42,jaccard,0.0,0.0,0.0,0.3051775050713913,0.3462186492081067,0.23041633713948007,0.2762630740326968,0.12844459499816663,0.04759334650044733,0.18363296754611252,0.528251225776325,-0.0973636343265864,0.6145205589958511,12162.0,0.04294855496228494,0.29630508385730386,0.33617000344335674,0.2312928042550224,0.27116088144330946,0.12714188766778417,0.04555671759531583,0.1947362209370943,0.5176442818364215,-0.14557562479692246,0.5668048779765934,11890.0,0.04295349534519943
bce,42,deberta-v3-base,empirical,opposite_only,pareto_95,8,8,5,0.5,0.01,1.0,2,42,jaccard,0.0,0.0,0.0,0.3051775050713913,0.3462186492081067,0.23041633713948007,0.2762630740326968,0.12844459499816663,0.04759334650044733,0.18363296754611252,0.528251225776325,-0.0973636343265864,0.6145205589958511,12162.0,0.04294855496228494,0.29630508385730386,0.33617000344335674,0.2312928042550224,0.27116088144330946,0.12714188766778417,0.04555671759531583,0.1947362209370943,0.5176442818364215,-0.14557562479692246,0.5668048779765934,11890.0,0.04295349534519943
bce,42,deberta-v3-base,empirical,neighbor_opposite,standard,8,8,5,0.5,0.01,1.0,2,42,jaccard,0.0,0.0,0.0,0.3051775050713913,0.3462186492081067,0.23041633713948007,0.2762630740326968,0.12844459499816663,0.04759334650044733,0.18363296754611252,0.528251225776325,-0.0973636343265864,0.6145205589958511,12162.0,0.04294855496228494,0.29630508385730386,0.33617000344335674,0.2312928042550224,0.27116088144330946,0.12714188766778417,0.04555671759531583,0.1947362209370943,0.5176442818364215,-0.14557562479692246,0.5668048779765934,11890.0,0.04295349534519943
bce,42,deberta-v3-base,empirical,neighbor_opposite,f1,8,8,5,0.5,0.01,1.0,2,42,jaccard,0.0,0.0,0.0,0.3051775050713913,0.3462186492081067,0.23041633713948007,0.2762630740326968,0.12844459499816663,0.04759334650044733,0.18363296754611252,0.528251225776325,-0.0973636343265864,0.6145205589958511,12162.0,0.04294855496228494,0.29630508385730386,0.33617000344335674,0.2312928042550224,0.27116088144330946,0.12714188766778417,0.04555671759531583,0.1947362209370943,0.5176442818364215,-0.14557562479692246,0.5668048779765934,11890.0,0.04295349534519943
bce,42,deberta-v3-base,empirical,neighbor_opposite,pareto_99,8,8,5,0.5,0.01,1.0,2,42,jaccard,0.1,0.0,0.0,0.30489398907922155,0.3460334280622321,0.22817841920973445,0.2652172731323377,0.28359913255914715,0.11021175661445101,0.18345407805562047,0.5281607852301939,-0.09738074317561084,0.6142341201102035,12150.0,0.04290617848970252,0.29638856030304095,0.3363363363363363,0.229135635029787,0.2640468874290069,0.27499488433038766,0.10293084823146798,0.19425396074722157,0.518562307874202,-0.14574261964267463,0.5670736489787489,11874.0,0.0428956941740032
bce,42,deberta-v3-base,empirical,neighbor_opposite,pareto_98,8,8,5,0.5,0.01,1.0,2,42,jaccard,0.1,0.0,0.0,0.30489398907922155,0.3460334280622321,0.22817841920973445,0.2652172731323377,0.28359913255914715,0.11021175661445101,0.18345407805562047,0.5281607852301939,-0.09738074317561084,0.6142341201102035,12150.0,0.04290617848970252,0.29638856030304095,0.3363363363363363,0.229135635029787,0.2640468874290069,0.27499488433038766,0.10293084823146798,0.19425396074722157,0.518562307874202,-0.14574261964267463,0.5670736489787489,11874.0,0.0428956941740032
bce,42,deberta-v3-base,empirical,neighbor_opposite,pareto_95,8,8,5,0.5,0.01,1.0,2,42,jaccard,0.1,0.0,0.0,0.30489398907922155,0.3460334280622321,0.22817841920973445,0.2652172731323377,0.28359913255914715,0.11021175661445101,0.18345407805562047,0.5281607852301939,-0.09738074317561084,0.6142341201102035,12150.0,0.04290617848970252,0.29638856030304095,0.3363363363363363,0.229135635029787,0.2640468874290069,0.27499488433038766,0.10293084823146798,0.19425396074722157,0.518562307874202,-0.14574261964267463,0.5670736489787489,11874.0,0.0428956941740032
bce,42,deberta-v3-base,empirical,full,standard,8,8,5,0.5,0.01,1.0,2,42,jaccard,0.0,0.0,0.0,0.3051775050713913,0.3462186492081067,0.23041633713948007,0.2762630740326968,0.12844459499816663,0.04759334650044733,0.18363296754611252,0.528251225776325,-0.0973636343265864,0.6145205589958511,12162.0,0.04294855496228494,0.29630508385730386,0.33617000344335674,0.2312928042550224,0.27116088144330946,0.12714188766778417,0.04555671759531583,0.1947362209370943,0.5176442818364215,-0.14557562479692246,0.5668048779765934,11890.0,0.04295349534519943
bce,42,deberta-v3-base,empirical,full,f1,8,8,5,0.5,0.01,1.0,2,42,jaccard,0.0,0.0,0.0,0.3051775050713913,0.3462186492081067,0.23041633713948007,0.2762630740326968,0.12844459499816663,0.04759334650044733,0.18363296754611252,0.528251225776325,-0.0973636343265864,0.6145205589958511,12162.0,0.04294855496228494,0.29630508385730386,0.33617000344335674,0.2312928042550224,0.27116088144330946,0.12714188766778417,0.04555671759531583,0.1947362209370943,0.5176442818364215,-0.14557562479692246,0.5668048779765934,11890.0,0.04295349534519943
bce,42,deberta-v3-base,empirical,full,pareto_99,8,8,5,0.5,0.01,1.0,2,42,jaccard,0.1,0.0,0.0,0.30489398907922155,0.3460334280622321,0.22817841920973445,0.2652172731323377,0.28359913255914715,0.11021175661445101,0.18345407805562047,0.5281607852301939,-0.09738074317561084,0.6142341201102035,12150.0,0.04290617848970252,0.29638856030304095,0.3363363363363363,0.229135635029787,0.2640468874290069,0.27499488433038766,0.10293084823146798,0.19425396074722157,0.518562307874202,-0.14574261964267463,0.5670736489787489,11874.0,0.0428956941740032
bce,42,deberta-v3-base,empirical,full,pareto_98,8,8,5,0.5,0.01,1.0,2,42,jaccard,0.1,0.0,0.0,0.30489398907922155,0.3460334280622321,0.22817841920973445,0.2652172731323377,0.28359913255914715,0.11021175661445101,0.18345407805562047,0.5281607852301939,-0.09738074317561084,0.6142341201102035,12150.0,0.04290617848970252,0.29638856030304095,0.3363363363363363,0.229135635029787,0.2640468874290069,0.27499488433038766,0.10293084823146798,0.19425396074722157,0.518562307874202,-0.14574261964267463,0.5670736489787489,11874.0,0.0428956941740032
bce,42,deberta-v3-base,empirical,full,pareto_95,8,8,5,0.5,0.01,1.0,2,42,jaccard,0.1,0.0,0.0,0.30489398907922155,0.3460334280622321,0.22817841920973445,0.2652172731323377,0.28359913255914715,0.11021175661445101,0.18345407805562047,0.5281607852301939,-0.09738074317561084,0.6142341201102035,12150.0,0.04290617848970252,0.29638856030304095,0.3363363363363363,0.229135635029787,0.2640468874290069,0.27499488433038766,0.10293084823146798,0.19425396074722157,0.518562307874202,-0.14574261964267463,0.5670736489787489,11874.0,0.0428956941740032
bce,1701,deberta-v3-base,schwartz,cardinality_only,standard,8,8,5,0.5,0.01,1.0,2,42,jaccard,0.0,0.0,0.0,0.30014412472633173,0.34835432953244033,0.22884096541504556,0.2845076687227658,0.14230133004306172,0.05375219988258713,0.17832957110609482,0.49473288186606473,-0.07169572991897216,0.6013667230531874,11472.0,0.04051190778879566,0.29376666084554354,0.3434054716210698,0.23144312852735652,0.27945112350723494,0.13842230956077592,0.050716616326182185,0.1938631403261009,0.4932597252535627,-0.1302412884034384,0.5568815771762252,11153.0,0.04029102889697302
bce,1701,deberta-v3-base,schwartz,cardinality_only,f1,8,8,5,0.5,0.01,1.0,2,42,jaccard,0.0,0.0,0.0,0.30014412472633173,0.34835432953244033,0.22884096541504556,0.2845076687227658,0.14230133004306172,0.05375219988258713,0.17832957110609482,0.49473288186606473,-0.07169572991897216,0.6013667230531874,11472.0,0.04051190778879566,0.29376666084554354,0.3434054716210698,0.23144312852735652,0.27945112350723494,0.13842230956077592,0.050716616326182185,0.1938631403261009,0.4932597252535627,-0.1302412884034384,0.5568815771762252,11153.0,0.04029102889697302
bce,1701,deberta-v3-base,schwartz,cardinality_only,pareto_99,8,8,5,0.5,0.01,1.0,2,42,jaccard,0.0,0.0,0.02,0.2990456362304192,0.34752519933804726,0.22691897611100748,0.27811446299304715,0.30327090265980367,0.1178863255301793,0.17800381436745072,0.4957406230133503,-0.07411452102567218,0.5996299163551289,11330.0,0.040010452863237,0.2936335923883017,0.3435960591133005,0.22920122437410195,0.27714671665680846,0.29388118779309547,0.11193517652993852,0.19322165952473705,0.4951305025321387,-0.13115791543708744,0.5571942466197883,11049.0,0.03991532128419752
bce,1701,deberta-v3-base,schwartz,cardinality_only,pareto_98,8,8,5,0.5,0.01,1.0,2,42,jaccard,0.0,0.0,0.02,0.2990456362304192,0.34752519933804726,0.22691897611100748,0.27811446299304715,0.30327090265980367,0.1178863255301793,0.17800381436745072,0.4957406230133503,-0.07411452102567218,0.5996299163551289,11330.0,0.040010452863237,0.2936335923883017,0.3435960591133005,0.22920122437410195,0.27714671665680846,0.29388118779309547,0.11193517652993852,0.19322165952473705,0.4951305025321387,-0.13115791543708744,0.5571942466197883,11049.0,0.03991532128419752
bce,1701,deberta-v3-base,schwartz,cardinality_only,pareto_95,8,8,5,0.5,0.01,1.0,2,42,jaccard,0.0,0.0,0.02,0.2990456362304192,0.34752519933804726,0.22691897611100748,0.27811446299304715,0.30327090265980367,0.1178863255301793,0.17800381436745072,0.4957406230133503,-0.07411452102567218,0.5996299163551289,11330.0,0.040010452863237,0.2936335923883017,0.3435960591133005,0.22920122437410195,0.27714671665680846,0.29388118779309547,0.11193517652993852,0.19322165952473705,0.4951305025321387,-0.13115791543708744,0.5571942466197883,11049.0,0.03991532128419752
bce,1701,deberta-v3-base,schwartz,neighbor_only,standard,8,8,5,0.5,0.01,1.0,2,42,jaccard,0.0,0.0,0.0,0.30014412472633173,0.34835432953244033,0.22884096541504556,0.2845076687227658,0.14230133004306172,0.05375219988258713,0.17832957110609482,0.49473288186606473,-0.07169572991897216,0.6013667230531874,11472.0,0.04051190778879566,0.29376666084554354,0.3434054716210698,0.23144312852735652,0.27945112350723494,0.13842230956077592,0.050716616326182185,0.1938631403261009,0.4932597252535627,-0.1302412884034384,0.5568815771762252,11153.0,0.04029102889697302
bce,1701,deberta-v3-base,schwartz,neighbor_only,f1,8,8,5,0.5,0.01,1.0,2,42,jaccard,0.0,0.0,0.0,0.30014412472633173,0.34835432953244033,0.22884096541504556,0.2845076687227658,0.14230133004306172,0.05375219988258713,0.17832957110609482,0.49473288186606473,-0.07169572991897216,0.6013667230531874,11472.0,0.04051190778879566,0.29376666084554354,0.3434054716210698,0.23144312852735652,0.27945112350723494,0.13842230956077592,0.050716616326182185,0.1938631403261009,0.4932597252535627,-0.1302412884034384,0.5568815771762252,11153.0,0.04029102889697302
bce,1701,deberta-v3-base,schwartz,neighbor_only,pareto_99,8,8,5,0.5,0.01,1.0,2,42,jaccard,0.1,0.0,0.0,0.2988707219889629,0.34734863474475663,0.22690724776569168,0.2779722447584506,0.31060297162404776,0.12068427678375111,0.18112181863108476,0.4932048430936496,-0.0786996571734726,0.5956270045512617,11605.0,0.04098158035991751,0.29439972360162553,0.34354895901929994,0.2291363297428833,0.2771140995633032,0.3008798813003752,0.11452517255824533,0.19656174946277336,0.49108835798255596,-0.13460365377576444,0.5530464536695648,11302.0,0.04082930230373793
bce,1701,deberta-v3-base,schwartz,neighbor_only,pareto_98,8,8,5,0.5,0.01,1.0,2,42,jaccard,0.1,0.0,0.0,0.2988707219889629,0.34734863474475663,0.22690724776569168,0.2779722447584506,0.31060297162404776,0.12068427678375111,0.18112181863108476,0.4932048430936496,-0.0786996571734726,0.5956270045512617,11605.0,0.04098158035991751,0.29439972360162553,0.34354895901929994,0.2291363297428833,0.2771140995633032,0.3008798813003752,0.11452517255824533,0.19656174946277336,0.49108835798255596,-0.13460365377576444,0.5530464536695648,11302.0,0.04082930230373793
bce,1701,deberta-v3-base,schwartz,neighbor_only,pareto_95,8,8,5,0.5,0.01,1.0,2,42,jaccard,0.1,0.0,0.0,0.2988707219889629,0.34734863474475663,0.22690724776569168,0.2779722447584506,0.31060297162404776,0.12068427678375111,0.18112181863108476,0.4932048430936496,-0.0786996571734726,0.5956270045512617,11605.0,0.04098158035991751,0.29439972360162553,0.34354895901929994,0.2291363297428833,0.2771140995633032,0.3008798813003752,0.11452517255824533,0.19656174946277336,0.49108835798255596,-0.13460365377576444,0.5530464536695648,11302.0,0.04082930230373793
bce,1701,deberta-v3-base,schwartz,opposite_only,standard,8,8,5,0.5,0.01,1.0,2,42,jaccard,0.0,0.0,0.0,0.30014412472633173,0.34835432953244033,0.22884096541504556,0.2845076687227658,0.14230133004306172,0.05375219988258713,0.17832957110609482,0.49473288186606473,-0.07169572991897216,0.6013667230531874,11472.0,0.04051190778879566,0.29376666084554354,0.3434054716210698,0.23144312852735652,0.27945112350723494,0.13842230956077592,0.050716616326182185,0.1938631403261009,0.4932597252535627,-0.1302412884034384,0.5568815771762252,11153.0,0.04029102889697302
bce,1701,deberta-v3-base,schwartz,opposite_only,f1,8,8,5,0.5,0.01,1.0,2,42,jaccard,0.0,0.0,0.0,0.30014412472633173,0.34835432953244033,0.22884096541504556,0.2845076687227658,0.14230133004306172,0.05375219988258713,0.17832957110609482,0.49473288186606473,-0.07169572991897216,0.6013667230531874,11472.0,0.04051190778879566,0.29376666084554354,0.3434054716210698,0.23144312852735652,0.27945112350723494,0.13842230956077592,0.050716616326182185,0.1938631403261009,0.4932597252535627,-0.1302412884034384,0.5568815771762252,11153.0,0.04029102889697302
bce,1701,deberta-v3-base,schwartz,opposite_only,pareto_99,8,8,5,0.5,0.01,1.0,2,42,jaccard,0.0,0.2,0.0,0.2988790166327489,0.3479927375428687,0.22674645577319533,0.2782842723870842,0.2945970752050976,0.11167281939801671,0.17831852710184112,0.4943993820007725,-0.08609364756020757,0.5866242615424061,11217.0,0.039611407746419185,0.293812890693621,0.344190368037991,0.22906266459808675,0.27734994682222375,0.2852849489018814,0.10575661561532354,0.19302631578947368,0.4942105263157895,-0.1396652954690545,0.5475715466362087,10934.0,0.03949987536622461
bce,1701,deberta-v3-base,schwartz,opposite_only,pareto_98,8,8,5,0.5,0.01,1.0,2,42,jaccard,0.0,0.2,0.0,0.2988790166327489,0.3479927375428687,0.22674645577319533,0.2782842723870842,0.2945970752050976,0.11167281939801671,0.17831852710184112,0.4943993820007725,-0.08609364756020757,0.5866242615424061,11217.0,0.039611407746419185,0.293812890693621,0.344190368037991,0.22906266459808675,0.27734994682222375,0.2852849489018814,0.10575661561532354,0.19302631578947368,0.4942105263157895,-0.1396652954690545,0.5475715466362087,10934.0,0.03949987536622461
bce,1701,deberta-v3-base,schwartz,opposite_only,pareto_95,8,8,5,0.5,0.01,1.0,2,42,jaccard,0.0,0.2,0.0,0.2988790166327489,0.3479927375428687,0.22674645577319533,0.2782842723870842,0.2945970752050976,0.11167281939801671,0.17831852710184112,0.4943993820007725,-0.08609364756020757,0.5866242615424061,11217.0,0.039611407746419185,0.293812890693621,0.344190368037991,0.22906266459808675,0.27734994682222375,0.2852849489018814,0.10575661561532354,0.19302631578947368,0.4942105263157895,-0.1396652954690545,0.5475715466362087,10934.0,0.03949987536622461
bce,1701,deberta-v3-base,schwartz,neighbor_opposite,standard,8,8,5,0.5,0.01,1.0,2,42,jaccard,0.0,0.0,0.0,0.30014412472633173,0.34835432953244033,0.22884096541504556,0.2845076687227658,0.14230133004306172,0.05375219988258713,0.17832957110609482,0.49473288186606473,-0.07169572991897216,0.6013667230531874,11472.0,0.04051190778879566,0.29376666084554354,0.3434054716210698,0.23144312852735652,0.27945112350723494,0.13842230956077592,0.050716616326182185,0.1938631403261009,0.4932597252535627,-0.1302412884034384,0.5568815771762252,11153.0,0.04029102889697302
bce,1701,deberta-v3-base,schwartz,neighbor_opposite,f1,8,8,5,0.5,0.01,1.0,2,42,jaccard,0.0,0.0,0.0,0.30014412472633173,0.34835432953244033,0.22884096541504556,0.2845076687227658,0.14230133004306172,0.05375219988258713,0.17832957110609482,0.49473288186606473,-0.07169572991897216,0.6013667230531874,11472.0,0.04051190778879566,0.29376666084554354,0.3434054716210698,0.23144312852735652,0.27945112350723494,0.13842230956077592,0.050716616326182185,0.1938631403261009,0.4932597252535627,-0.1302412884034384,0.5568815771762252,11153.0,0.04029102889697302
bce,1701,deberta-v3-base,schwartz,neighbor_opposite,pareto_99,8,8,5,0.5,0.01,1.0,2,42,jaccard,0.1,0.2,0.0,0.29811554874884905,0.3470082049229538,0.22651176116884003,0.27820078631351625,0.29878492442985666,0.11315594307094919,0.1823239347578708,0.49108610443798206,-0.0939288280917727,0.5794812111040801,11377.0,0.04017642738085148,0.2945307313325027,0.3445098541080112,0.22902949916261975,0.2773434154463456,0.2892318460569346,0.10708019388644384,0.1966110464364248,0.4904928211098176,-0.14549797262665168,0.5416058949195908,11096.0,0.04008511222458645
bce,1701,deberta-v3-base,schwartz,neighbor_opposite,pareto_98,8,8,5,0.5,0.01,1.0,2,42,jaccard,0.1,0.2,0.0,0.29811554874884905,0.3470082049229538,0.22651176116884003,0.27820078631351625,0.29878492442985666,0.11315594307094919,0.1823239347578708,0.49108610443798206,-0.0939288280917727,0.5794812111040801,11377.0,0.04017642738085148,0.2945307313325027,0.3445098541080112,0.22902949916261975,0.2773434154463456,0.2892318460569346,0.10708019388644384,0.1966110464364248,0.4904928211098176,-0.14549797262665168,0.5416058949195908,11096.0,0.04008511222458645
bce,1701,deberta-v3-base,schwartz,neighbor_opposite,pareto_95,8,8,5,0.5,0.01,1.0,2,42,jaccard,0.1,0.2,0.0,0.29811554874884905,0.3470082049229538,0.22651176116884003,0.27820078631351625,0.29878492442985666,0.11315594307094919,0.1823239347578708,0.49108610443798206,-0.0939288280917727,0.5794812111040801,11377.0,0.04017642738085148,0.2945307313325027,0.3445098541080112,0.22902949916261975,0.2773434154463456,0.2892318460569346,0.10708019388644384,0.1966110464364248,0.4904928211098176,-0.14549797262665168,0.5416058949195908,11096.0,0.04008511222458645
bce,1701,deberta-v3-base,schwartz,full,standard,8,8,5,0.5,0.01,1.0,2,42,jaccard,0.0,0.0,0.0,0.30014412472633173,0.34835432953244033,0.22884096541504556,0.2845076687227658,0.14230133004306172,0.05375219988258713,0.17832957110609482,0.49473288186606473,-0.07169572991897216,0.6013667230531874,11472.0,0.04051190778879566,0.29376666084554354,0.3434054716210698,0.23144312852735652,0.27945112350723494,0.13842230956077592,0.050716616326182185,0.1938631403261009,0.4932597252535627,-0.1302412884034384,0.5568815771762252,11153.0,0.04029102889697302
bce,1701,deberta-v3-base,schwartz,full,f1,8,8,5,0.5,0.01,1.0,2,42,jaccard,0.0,0.0,0.0,0.30014412472633173,0.34835432953244033,0.22884096541504556,0.2845076687227658,0.14230133004306172,0.05375219988258713,0.17832957110609482,0.49473288186606473,-0.07169572991897216,0.6013667230531874,11472.0,0.04051190778879566,0.29376666084554354,0.3434054716210698,0.23144312852735652,0.27945112350723494,0.13842230956077592,0.050716616326182185,0.1938631403261009,0.4932597252535627,-0.1302412884034384,0.5568815771762252,11153.0,0.04029102889697302
bce,1701,deberta-v3-base,schwartz,full,pareto_99,8,8,5,0.5,0.01,1.0,2,42,jaccard,0.1,0.2,0.0,0.29811554874884905,0.3470082049229538,0.22651176116884003,0.27820078631351625,0.29878492442985666,0.11315594307094919,0.1823239347578708,0.49108610443798206,-0.0939288280917727,0.5794812111040801,11377.0,0.04017642738085148,0.2945307313325027,0.3445098541080112,0.22902949916261975,0.2773434154463456,0.2892318460569346,0.10708019388644384,0.1966110464364248,0.4904928211098176,-0.14549797262665168,0.5416058949195908,11096.0,0.04008511222458645
bce,1701,deberta-v3-base,schwartz,full,pareto_98,8,8,5,0.5,0.01,1.0,2,42,jaccard,0.1,0.2,0.0,0.29811554874884905,0.3470082049229538,0.22651176116884003,0.27820078631351625,0.29878492442985666,0.11315594307094919,0.1823239347578708,0.49108610443798206,-0.0939288280917727,0.5794812111040801,11377.0,0.04017642738085148,0.2945307313325027,0.3445098541080112,0.22902949916261975,0.2773434154463456,0.2892318460569346,0.10708019388644384,0.1966110464364248,0.4904928211098176,-0.14549797262665168,0.5416058949195908,11096.0,0.04008511222458645
bce,1701,deberta-v3-base,schwartz,full,pareto_95,8,8,5,0.5,0.01,1.0,2,42,jaccard,0.1,0.2,0.0,0.29811554874884905,0.3470082049229538,0.22651176116884003,0.27820078631351625,0.29878492442985666,0.11315594307094919,0.1823239347578708,0.49108610443798206,-0.0939288280917727,0.5794812111040801,11377.0,0.04017642738085148,0.2945307313325027,0.3445098541080112,0.22902949916261975,0.2773434154463456,0.2892318460569346,0.10708019388644384,0.1966110464364248,0.4904928211098176,-0.14549797262665168,0.5416058949195908,11096.0,0.04008511222458645
bce,1701,deberta-v3-base,random,cardinality_only,standard,8,8,5,0.5,0.01,1.0,2,42,jaccard,0.0,0.0,0.0,0.30014412472633173,0.34835432953244033,0.22884096541504556,0.2845076687227658,0.14230133004306172,0.05375219988258713,0.17832957110609482,0.49473288186606473,-0.07169572991897216,0.6013667230531874,11472.0,0.04051190778879566,0.29376666084554354,0.3434054716210698,0.23144312852735652,0.27945112350723494,0.13842230956077592,0.050716616326182185,0.1938631403261009,0.4932597252535627,-0.1302412884034384,0.5568815771762252,11153.0,0.04029102889697302
bce,1701,deberta-v3-base,random,cardinality_only,f1,8,8,5,0.5,0.01,1.0,2,42,jaccard,0.0,0.0,0.0,0.30014412472633173,0.34835432953244033,0.22884096541504556,0.2845076687227658,0.14230133004306172,0.05375219988258713,0.17832957110609482,0.49473288186606473,-0.07169572991897216,0.6013667230531874,11472.0,0.04051190778879566,0.29376666084554354,0.3434054716210698,0.23144312852735652,0.27945112350723494,0.13842230956077592,0.050716616326182185,0.1938631403261009,0.4932597252535627,-0.1302412884034384,0.5568815771762252,11153.0,0.04029102889697302
bce,1701,deberta-v3-base,random,cardinality_only,pareto_99,8,8,5,0.5,0.01,1.0,2,42,jaccard,0.0,0.0,0.02,0.2990456362304192,0.34752519933804726,0.22691897611100748,0.27811446299304715,0.30327090265980367,0.1178863255301793,0.17800381436745072,0.4957406230133503,-0.07411452102567218,0.5996299163551289,11330.0,0.040010452863237,0.2936335923883017,0.3435960591133005,0.22920122437410195,0.27714671665680846,0.29388118779309547,0.11193517652993852,0.19322165952473705,0.4951305025321387,-0.13115791543708744,0.5571942466197883,11049.0,0.03991532128419752
bce,1701,deberta-v3-base,random,cardinality_only,pareto_98,8,8,5,0.5,0.01,1.0,2,42,jaccard,0.0,0.0,0.02,0.2990456362304192,0.34752519933804726,0.22691897611100748,0.27811446299304715,0.30327090265980367,0.1178863255301793,0.17800381436745072,0.4957406230133503,-0.07411452102567218,0.5996299163551289,11330.0,0.040010452863237,0.2936335923883017,0.3435960591133005,0.22920122437410195,0.27714671665680846,0.29388118779309547,0.11193517652993852,0.19322165952473705,0.4951305025321387,-0.13115791543708744,0.5571942466197883,11049.0,0.03991532128419752
bce,1701,deberta-v3-base,random,cardinality_only,pareto_95,8,8,5,0.5,0.01,1.0,2,42,jaccard,0.0,0.0,0.02,0.2990456362304192,0.34752519933804726,0.22691897611100748,0.27811446299304715,0.30327090265980367,0.1178863255301793,0.17800381436745072,0.4957406230133503,-0.07411452102567218,0.5996299163551289,11330.0,0.040010452863237,0.2936335923883017,0.3435960591133005,0.22920122437410195,0.27714671665680846,0.29388118779309547,0.11193517652993852,0.19322165952473705,0.4951305025321387,-0.13115791543708744,0.5571942466197883,11049.0,0.03991532128419752
bce,1701,deberta-v3-base,random,neighbor_only,standard,8,8,5,0.5,0.01,1.0,2,42,jaccard,0.0,0.0,0.0,0.30014412472633173,0.34835432953244033,0.22884096541504556,0.2845076687227658,0.14230133004306172,0.05375219988258713,0.17832957110609482,0.49473288186606473,-0.07169572991897216,0.6013667230531874,11472.0,0.04051190778879566,0.29376666084554354,0.3434054716210698,0.23144312852735652,0.27945112350723494,0.13842230956077592,0.050716616326182185,0.1938631403261009,0.4932597252535627,-0.1302412884034384,0.5568815771762252,11153.0,0.04029102889697302
bce,1701,deberta-v3-base,random,neighbor_only,f1,8,8,5,0.5,0.01,1.0,2,42,jaccard,0.0,0.0,0.0,0.30014412472633173,0.34835432953244033,0.22884096541504556,0.2845076687227658,0.14230133004306172,0.05375219988258713,0.17832957110609482,0.49473288186606473,-0.07169572991897216,0.6013667230531874,11472.0,0.04051190778879566,0.29376666084554354,0.3434054716210698,0.23144312852735652,0.27945112350723494,0.13842230956077592,0.050716616326182185,0.1938631403261009,0.4932597252535627,-0.1302412884034384,0.5568815771762252,11153.0,0.04029102889697302
bce,1701,deberta-v3-base,random,neighbor_only,pareto_99,8,8,5,0.5,0.01,1.0,2,42,jaccard,0.0,0.0,0.0,0.30014412472633173,0.34835432953244033,0.22884096541504556,0.2845076687227658,0.14230133004306172,0.05375219988258713,0.17832957110609482,0.49473288186606473,-0.07169572991897216,0.6013667230531874,11472.0,0.04051190778879566,0.29376666084554354,0.3434054716210698,0.23144312852735652,0.27945112350723494,0.13842230956077592,0.050716616326182185,0.1938631403261009,0.4932597252535627,-0.1302412884034384,0.5568815771762252,11153.0,0.04029102889697302
bce,1701,deberta-v3-base,random,neighbor_only,pareto_98,8,8,5,0.5,0.01,1.0,2,42,jaccard,0.0,0.0,0.0,0.30014412472633173,0.34835432953244033,0.22884096541504556,0.2845076687227658,0.14230133004306172,0.05375219988258713,0.17832957110609482,0.49473288186606473,-0.07169572991897216,0.6013667230531874,11472.0,0.04051190778879566,0.29376666084554354,0.3434054716210698,0.23144312852735652,0.27945112350723494,0.13842230956077592,0.050716616326182185,0.1938631403261009,0.4932597252535627,-0.1302412884034384,0.5568815771762252,11153.0,0.04029102889697302
bce,1701,deberta-v3-base,random,neighbor_only,pareto_95,8,8,5,0.5,0.01,1.0,2,42,jaccard,0.0,0.0,0.0,0.30014412472633173,0.34835432953244033,0.22884096541504556,0.2845076687227658,0.14230133004306172,0.05375219988258713,0.17832957110609482,0.49473288186606473,-0.07169572991897216,0.6013667230531874,11472.0,0.04051190778879566,0.29376666084554354,0.3434054716210698,0.23144312852735652,0.27945112350723494,0.13842230956077592,0.050716616326182185,0.1938631403261009,0.4932597252535627,-0.1302412884034384,0.5568815771762252,11153.0,0.04029102889697302
bce,1701,deberta-v3-base,random,opposite_only,standard,8,8,5,0.5,0.01,1.0,2,42,jaccard,0.0,0.0,0.0,0.30014412472633173,0.34835432953244033,0.22884096541504556,0.2845076687227658,0.14230133004306172,0.05375219988258713,0.17832957110609482,0.49473288186606473,-0.07169572991897216,0.6013667230531874,11472.0,0.04051190778879566,0.29376666084554354,0.3434054716210698,0.23144312852735652,0.27945112350723494,0.13842230956077592,0.050716616326182185,0.1938631403261009,0.4932597252535627,-0.1302412884034384,0.5568815771762252,11153.0,0.04029102889697302
bce,1701,deberta-v3-base,random,opposite_only,f1,8,8,5,0.5,0.01,1.0,2,42,jaccard,0.0,0.0,0.0,0.30014412472633173,0.34835432953244033,0.22884096541504556,0.2845076687227658,0.14230133004306172,0.05375219988258713,0.17832957110609482,0.49473288186606473,-0.07169572991897216,0.6013667230531874,11472.0,0.04051190778879566,0.29376666084554354,0.3434054716210698,0.23144312852735652,0.27945112350723494,0.13842230956077592,0.050716616326182185,0.1938631403261009,0.4932597252535627,-0.1302412884034384,0.5568815771762252,11153.0,0.04029102889697302
bce,1701,deberta-v3-base,random,opposite_only,pareto_99,8,8,5,0.5,0.01,1.0,2,42,jaccard,0.0,0.0,0.0,0.30014412472633173,0.34835432953244033,0.22884096541504556,0.2845076687227658,0.14230133004306172,0.05375219988258713,0.17832957110609482,0.49473288186606473,-0.07169572991897216,0.6013667230531874,11472.0,0.04051190778879566,0.29376666084554354,0.3434054716210698,0.23144312852735652,0.27945112350723494,0.13842230956077592,0.050716616326182185,0.1938631403261009,0.4932597252535627,-0.1302412884034384,0.5568815771762252,11153.0,0.04029102889697302
bce,1701,deberta-v3-base,random,opposite_only,pareto_98,8,8,5,0.5,0.01,1.0,2,42,jaccard,0.0,0.0,0.0,0.30014412472633173,0.34835432953244033,0.22884096541504556,0.2845076687227658,0.14230133004306172,0.05375219988258713,0.17832957110609482,0.49473288186606473,-0.07169572991897216,0.6013667230531874,11472.0,0.04051190778879566,0.29376666084554354,0.3434054716210698,0.23144312852735652,0.27945112350723494,0.13842230956077592,0.050716616326182185,0.1938631403261009,0.4932597252535627,-0.1302412884034384,0.5568815771762252,11153.0,0.04029102889697302
bce,1701,deberta-v3-base,random,opposite_only,pareto_95,8,8,5,0.5,0.01,1.0,2,42,jaccard,0.0,0.0,0.0,0.30014412472633173,0.34835432953244033,0.22884096541504556,0.2845076687227658,0.14230133004306172,0.05375219988258713,0.17832957110609482,0.49473288186606473,-0.07169572991897216,0.6013667230531874,11472.0,0.04051190778879566,0.29376666084554354,0.3434054716210698,0.23144312852735652,0.27945112350723494,0.13842230956077592,0.050716616326182185,0.1938631403261009,0.4932597252535627,-0.1302412884034384,0.5568815771762252,11153.0,0.04029102889697302
bce,1701,deberta-v3-base,random,neighbor_opposite,standard,8,8,5,0.5,0.01,1.0,2,42,jaccard,0.0,0.0,0.0,0.30014412472633173,0.34835432953244033,0.22884096541504556,0.2845076687227658,0.14230133004306172,0.05375219988258713,0.17832957110609482,0.49473288186606473,-0.07169572991897216,0.6013667230531874,11472.0,0.04051190778879566,0.29376666084554354,0.3434054716210698,0.23144312852735652,0.27945112350723494,0.13842230956077592,0.050716616326182185,0.1938631403261009,0.4932597252535627,-0.1302412884034384,0.5568815771762252,11153.0,0.04029102889697302
bce,1701,deberta-v3-base,random,neighbor_opposite,f1,8,8,5,0.5,0.01,1.0,2,42,jaccard,0.0,0.0,0.0,0.30014412472633173,0.34835432953244033,0.22884096541504556,0.2845076687227658,0.14230133004306172,0.05375219988258713,0.17832957110609482,0.49473288186606473,-0.07169572991897216,0.6013667230531874,11472.0,0.04051190778879566,0.29376666084554354,0.3434054716210698,0.23144312852735652,0.27945112350723494,0.13842230956077592,0.050716616326182185,0.1938631403261009,0.4932597252535627,-0.1302412884034384,0.5568815771762252,11153.0,0.04029102889697302
bce,1701,deberta-v3-base,random,neighbor_opposite,pareto_99,8,8,5,0.5,0.01,1.0,2,42,jaccard,0.0,0.0,0.0,0.30014412472633173,0.34835432953244033,0.22884096541504556,0.2845076687227658,0.14230133004306172,0.05375219988258713,0.17832957110609482,0.49473288186606473,-0.07169572991897216,0.6013667230531874,11472.0,0.04051190778879566,0.29376666084554354,0.3434054716210698,0.23144312852735652,0.27945112350723494,0.13842230956077592,0.050716616326182185,0.1938631403261009,0.4932597252535627,-0.1302412884034384,0.5568815771762252,11153.0,0.04029102889697302
bce,1701,deberta-v3-base,random,neighbor_opposite,pareto_98,8,8,5,0.5,0.01,1.0,2,42,jaccard,0.0,0.0,0.0,0.30014412472633173,0.34835432953244033,0.22884096541504556,0.2845076687227658,0.14230133004306172,0.05375219988258713,0.17832957110609482,0.49473288186606473,-0.07169572991897216,0.6013667230531874,11472.0,0.04051190778879566,0.29376666084554354,0.3434054716210698,0.23144312852735652,0.27945112350723494,0.13842230956077592,0.050716616326182185,0.1938631403261009,0.4932597252535627,-0.1302412884034384,0.5568815771762252,11153.0,0.04029102889697302
bce,1701,deberta-v3-base,random,neighbor_opposite,pareto_95,8,8,5,0.5,0.01,1.0,2,42,jaccard,0.0,0.0,0.0,0.30014412472633173,0.34835432953244033,0.22884096541504556,0.2845076687227658,0.14230133004306172,0.05375219988258713,0.17832957110609482,0.49473288186606473,-0.07169572991897216,0.6013667230531874,11472.0,0.04051190778879566,0.29376666084554354,0.3434054716210698,0.23144312852735652,0.27945112350723494,0.13842230956077592,0.050716616326182185,0.1938631403261009,0.4932597252535627,-0.1302412884034384,0.5568815771762252,11153.0,0.04029102889697302
bce,1701,deberta-v3-base,random,full,standard,8,8,5,0.5,0.01,1.0,2,42,jaccard,0.0,0.0,0.0,0.30014412472633173,0.34835432953244033,0.22884096541504556,0.2845076687227658,0.14230133004306172,0.05375219988258713,0.17832957110609482,0.49473288186606473,-0.07169572991897216,0.6013667230531874,11472.0,0.04051190778879566,0.29376666084554354,0.3434054716210698,0.23144312852735652,0.27945112350723494,0.13842230956077592,0.050716616326182185,0.1938631403261009,0.4932597252535627,-0.1302412884034384,0.5568815771762252,11153.0,0.04029102889697302
bce,1701,deberta-v3-base,random,full,f1,8,8,5,0.5,0.01,1.0,2,42,jaccard,0.0,0.0,0.0,0.30014412472633173,0.34835432953244033,0.22884096541504556,0.2845076687227658,0.14230133004306172,0.05375219988258713,0.17832957110609482,0.49473288186606473,-0.07169572991897216,0.6013667230531874,11472.0,0.04051190778879566,0.29376666084554354,0.3434054716210698,0.23144312852735652,0.27945112350723494,0.13842230956077592,0.050716616326182185,0.1938631403261009,0.4932597252535627,-0.1302412884034384,0.5568815771762252,11153.0,0.04029102889697302
bce,1701,deberta-v3-base,random,full,pareto_99,8,8,5,0.5,0.01,1.0,2,42,jaccard,0.0,0.0,0.02,0.2990456362304192,0.34752519933804726,0.22691897611100748,0.27811446299304715,0.30327090265980367,0.1178863255301793,0.17800381436745072,0.4957406230133503,-0.07411452102567218,0.5996299163551289,11330.0,0.040010452863237,0.2936335923883017,0.3435960591133005,0.22920122437410195,0.27714671665680846,0.29388118779309547,0.11193517652993852,0.19322165952473705,0.4951305025321387,-0.13115791543708744,0.5571942466197883,11049.0,0.03991532128419752
bce,1701,deberta-v3-base,random,full,pareto_98,8,8,5,0.5,0.01,1.0,2,42,jaccard,0.0,0.0,0.02,0.2990456362304192,0.34752519933804726,0.22691897611100748,0.27811446299304715,0.30327090265980367,0.1178863255301793,0.17800381436745072,0.4957406230133503,-0.07411452102567218,0.5996299163551289,11330.0,0.040010452863237,0.2936335923883017,0.3435960591133005,0.22920122437410195,0.27714671665680846,0.29388118779309547,0.11193517652993852,0.19322165952473705,0.4951305025321387,-0.13115791543708744,0.5571942466197883,11049.0,0.03991532128419752
bce,1701,deberta-v3-base,random,full,pareto_95,8,8,5,0.5,0.01,1.0,2,42,jaccard,0.0,0.0,0.02,0.2990456362304192,0.34752519933804726,0.22691897611100748,0.27811446299304715,0.30327090265980367,0.1178863255301793,0.17800381436745072,0.4957406230133503,-0.07411452102567218,0.5996299163551289,11330.0,0.040010452863237,0.2936335923883017,0.3435960591133005,0.22920122437410195,0.27714671665680846,0.29388118779309547,0.11193517652993852,0.19322165952473705,0.4951305025321387,-0.13115791543708744,0.5571942466197883,11049.0,0.03991532128419752
bce,1701,deberta-v3-base,empirical,cardinality_only,standard,8,8,5,0.5,0.01,1.0,2,42,jaccard,0.0,0.0,0.0,0.30014412472633173,0.34835432953244033,0.22884096541504556,0.2845076687227658,0.14230133004306172,0.05375219988258713,0.17832957110609482,0.49473288186606473,-0.07169572991897216,0.6013667230531874,11472.0,0.04051190778879566,0.29376666084554354,0.3434054716210698,0.23144312852735652,0.27945112350723494,0.13842230956077592,0.050716616326182185,0.1938631403261009,0.4932597252535627,-0.1302412884034384,0.5568815771762252,11153.0,0.04029102889697302
bce,1701,deberta-v3-base,empirical,cardinality_only,f1,8,8,5,0.5,0.01,1.0,2,42,jaccard,0.0,0.0,0.0,0.30014412472633173,0.34835432953244033,0.22884096541504556,0.2845076687227658,0.14230133004306172,0.05375219988258713,0.17832957110609482,0.49473288186606473,-0.07169572991897216,0.6013667230531874,11472.0,0.04051190778879566,0.29376666084554354,0.3434054716210698,0.23144312852735652,0.27945112350723494,0.13842230956077592,0.050716616326182185,0.1938631403261009,0.4932597252535627,-0.1302412884034384,0.5568815771762252,11153.0,0.04029102889697302
bce,1701,deberta-v3-base,empirical,cardinality_only,pareto_99,8,8,5,0.5,0.01,1.0,2,42,jaccard,0.0,0.0,0.02,0.2990456362304192,0.34752519933804726,0.22691897611100748,0.27811446299304715,0.30327090265980367,0.1178863255301793,0.17800381436745072,0.4957406230133503,-0.07411452102567218,0.5996299163551289,11330.0,0.040010452863237,0.2936335923883017,0.3435960591133005,0.22920122437410195,0.27714671665680846,0.29388118779309547,0.11193517652993852,0.19322165952473705,0.4951305025321387,-0.13115791543708744,0.5571942466197883,11049.0,0.03991532128419752
bce,1701,deberta-v3-base,empirical,cardinality_only,pareto_98,8,8,5,0.5,0.01,1.0,2,42,jaccard,0.0,0.0,0.02,0.2990456362304192,0.34752519933804726,0.22691897611100748,0.27811446299304715,0.30327090265980367,0.1178863255301793,0.17800381436745072,0.4957406230133503,-0.07411452102567218,0.5996299163551289,11330.0,0.040010452863237,0.2936335923883017,0.3435960591133005,0.22920122437410195,0.27714671665680846,0.29388118779309547,0.11193517652993852,0.19322165952473705,0.4951305025321387,-0.13115791543708744,0.5571942466197883,11049.0,0.03991532128419752
bce,1701,deberta-v3-base,empirical,cardinality_only,pareto_95,8,8,5,0.5,0.01,1.0,2,42,jaccard,0.0,0.0,0.02,0.2990456362304192,0.34752519933804726,0.22691897611100748,0.27811446299304715,0.30327090265980367,0.1178863255301793,0.17800381436745072,0.4957406230133503,-0.07411452102567218,0.5996299163551289,11330.0,0.040010452863237,0.2936335923883017,0.3435960591133005,0.22920122437410195,0.27714671665680846,0.29388118779309547,0.11193517652993852,0.19322165952473705,0.4951305025321387,-0.13115791543708744,0.5571942466197883,11049.0,0.03991532128419752
bce,1701,deberta-v3-base,empirical,neighbor_only,standard,8,8,5,0.5,0.01,1.0,2,42,jaccard,0.0,0.0,0.0,0.30014412472633173,0.34835432953244033,0.22884096541504556,0.2845076687227658,0.14230133004306172,0.05375219988258713,0.17832957110609482,0.49473288186606473,-0.07169572991897216,0.6013667230531874,11472.0,0.04051190778879566,0.29376666084554354,0.3434054716210698,0.23144312852735652,0.27945112350723494,0.13842230956077592,0.050716616326182185,0.1938631403261009,0.4932597252535627,-0.1302412884034384,0.5568815771762252,11153.0,0.04029102889697302
bce,1701,deberta-v3-base,empirical,neighbor_only,f1,8,8,5,0.5,0.01,1.0,2,42,jaccard,0.0,0.0,0.0,0.30014412472633173,0.34835432953244033,0.22884096541504556,0.2845076687227658,0.14230133004306172,0.05375219988258713,0.17832957110609482,0.49473288186606473,-0.07169572991897216,0.6013667230531874,11472.0,0.04051190778879566,0.29376666084554354,0.3434054716210698,0.23144312852735652,0.27945112350723494,0.13842230956077592,0.050716616326182185,0.1938631403261009,0.4932597252535627,-0.1302412884034384,0.5568815771762252,11153.0,0.04029102889697302
bce,1701,deberta-v3-base,empirical,neighbor_only,pareto_99,8,8,5,0.5,0.01,1.0,2,42,jaccard,0.1,0.0,0.0,0.299728884516116,0.3483073241262402,0.22686133113842208,0.2780704549263746,0.3063656633362079,0.11911154403774764,0.17754306550987048,0.49541053690431286,-0.07313876738885387,0.5998148350253295,11446.0,0.04042009209820041,0.2936246017667773,0.34347870493310184,0.22921597992974044,0.27714318915207226,0.2968794540555436,0.11310884704321748,0.19318766066838047,0.49421593830334193,-0.12926999788320287,0.5581336010885196,11143.0,0.04025490316497538
bce,1701,deberta-v3-base,empirical,neighbor_only,pareto_98,8,8,5,0.5,0.01,1.0,2,42,jaccard,0.1,0.0,0.0,0.299728884516116,0.3483073241262402,0.22686133113842208,0.2780704549263746,0.3063656633362079,0.11911154403774764,0.17754306550987048,0.49541053690431286,-0.07313876738885387,0.5998148350253295,11446.0,0.04042009209820041,0.2936246017667773,0.34347870493310184,0.22921597992974044,0.27714318915207226,0.2968794540555436,0.11310884704321748,0.19318766066838047,0.49421593830334193,-0.12926999788320287,0.5581336010885196,11143.0,0.04025490316497538
bce,1701,deberta-v3-base,empirical,neighbor_only,pareto_95,8,8,5,0.5,0.01,1.0,2,42,jaccard,0.1,0.0,0.0,0.299728884516116,0.3483073241262402,0.22686133113842208,0.2780704549263746,0.3063656633362079,0.11911154403774764,0.17754306550987048,0.49541053690431286,-0.07313876738885387,0.5998148350253295,11446.0,0.04042009209820041,0.2936246017667773,0.34347870493310184,0.22921597992974044,0.27714318915207226,0.2968794540555436,0.11310884704321748,0.19318766066838047,0.49421593830334193,-0.12926999788320287,0.5581336010885196,11143.0,0.04025490316497538
bce,1701,deberta-v3-base,empirical,opposite_only,standard,8,8,5,0.5,0.01,1.0,2,42,jaccard,0.0,0.0,0.0,0.30014412472633173,0.34835432953244033,0.22884096541504556,0.2845076687227658,0.14230133004306172,0.05375219988258713,0.17832957110609482,0.49473288186606473,-0.07169572991897216,0.6013667230531874,11472.0,0.04051190778879566,0.29376666084554354,0.3434054716210698,0.23144312852735652,0.27945112350723494,0.13842230956077592,0.050716616326182185,0.1938631403261009,0.4932597252535627,-0.1302412884034384,0.5568815771762252,11153.0,0.04029102889697302
bce,1701,deberta-v3-base,empirical,opposite_only,f1,8,8,5,0.5,0.01,1.0,2,42,jaccard,0.0,0.0,0.0,0.30014412472633173,0.34835432953244033,0.22884096541504556,0.2845076687227658,0.14230133004306172,0.05375219988258713,0.17832957110609482,0.49473288186606473,-0.07169572991897216,0.6013667230531874,11472.0,0.04051190778879566,0.29376666084554354,0.3434054716210698,0.23144312852735652,0.27945112350723494,0.13842230956077592,0.050716616326182185,0.1938631403261009,0.4932597252535627,-0.1302412884034384,0.5568815771762252,11153.0,0.04029102889697302
bce,1701,deberta-v3-base,empirical,opposite_only,pareto_99,8,8,5,0.5,0.01,1.0,2,42,jaccard,0.0,0.0,0.0,0.30014412472633173,0.34835432953244033,0.22884096541504556,0.2845076687227658,0.14230133004306172,0.05375219988258713,0.17832957110609482,0.49473288186606473,-0.07169572991897216,0.6013667230531874,11472.0,0.04051190778879566,0.29376666084554354,0.3434054716210698,0.23144312852735652,0.27945112350723494,0.13842230956077592,0.050716616326182185,0.1938631403261009,0.4932597252535627,-0.1302412884034384,0.5568815771762252,11153.0,0.04029102889697302
bce,1701,deberta-v3-base,empirical,opposite_only,pareto_98,8,8,5,0.5,0.01,1.0,2,42,jaccard,0.0,0.0,0.0,0.30014412472633173,0.34835432953244033,0.22884096541504556,0.2845076687227658,0.14230133004306172,0.05375219988258713,0.17832957110609482,0.49473288186606473,-0.07169572991897216,0.6013667230531874,11472.0,0.04051190778879566,0.29376666084554354,0.3434054716210698,0.23144312852735652,0.27945112350723494,0.13842230956077592,0.050716616326182185,0.1938631403261009,0.4932597252535627,-0.1302412884034384,0.5568815771762252,11153.0,0.04029102889697302
bce,1701,deberta-v3-base,empirical,opposite_only,pareto_95,8,8,5,0.5,0.01,1.0,2,42,jaccard,0.0,0.0,0.0,0.30014412472633173,0.34835432953244033,0.22884096541504556,0.2845076687227658,0.14230133004306172,0.05375219988258713,0.17832957110609482,0.49473288186606473,-0.07169572991897216,0.6013667230531874,11472.0,0.04051190778879566,0.29376666084554354,0.3434054716210698,0.23144312852735652,0.27945112350723494,0.13842230956077592,0.050716616326182185,0.1938631403261009,0.4932597252535627,-0.1302412884034384,0.5568815771762252,11153.0,0.04029102889697302
bce,1701,deberta-v3-base,empirical,neighbor_opposite,standard,8,8,5,0.5,0.01,1.0,2,42,jaccard,0.0,0.0,0.0,0.30014412472633173,0.34835432953244033,0.22884096541504556,0.2845076687227658,0.14230133004306172,0.05375219988258713,0.17832957110609482,0.49473288186606473,-0.07169572991897216,0.6013667230531874,11472.0,0.04051190778879566,0.29376666084554354,0.3434054716210698,0.23144312852735652,0.27945112350723494,0.13842230956077592,0.050716616326182185,0.1938631403261009,0.4932597252535627,-0.1302412884034384,0.5568815771762252,11153.0,0.04029102889697302
bce,1701,deberta-v3-base,empirical,neighbor_opposite,f1,8,8,5,0.5,0.01,1.0,2,42,jaccard,0.0,0.0,0.0,0.30014412472633173,0.34835432953244033,0.22884096541504556,0.2845076687227658,0.14230133004306172,0.05375219988258713,0.17832957110609482,0.49473288186606473,-0.07169572991897216,0.6013667230531874,11472.0,0.04051190778879566,0.29376666084554354,0.3434054716210698,0.23144312852735652,0.27945112350723494,0.13842230956077592,0.050716616326182185,0.1938631403261009,0.4932597252535627,-0.1302412884034384,0.5568815771762252,11153.0,0.04029102889697302
bce,1701,deberta-v3-base,empirical,neighbor_opposite,pareto_99,8,8,5,0.5,0.01,1.0,2,42,jaccard,0.1,0.0,0.0,0.299728884516116,0.3483073241262402,0.22686133113842208,0.2780704549263746,0.3063656633362079,0.11911154403774764,0.17754306550987048,0.49541053690431286,-0.07313876738885387,0.5998148350253295,11446.0,0.04042009209820041,0.2936246017667773,0.34347870493310184,0.22921597992974044,0.27714318915207226,0.2968794540555436,0.11310884704321748,0.19318766066838047,0.49421593830334193,-0.12926999788320287,0.5581336010885196,11143.0,0.04025490316497538
bce,1701,deberta-v3-base,empirical,neighbor_opposite,pareto_98,8,8,5,0.5,0.01,1.0,2,42,jaccard,0.1,0.0,0.0,0.299728884516116,0.3483073241262402,0.22686133113842208,0.2780704549263746,0.3063656633362079,0.11911154403774764,0.17754306550987048,0.49541053690431286,-0.07313876738885387,0.5998148350253295,11446.0,0.04042009209820041,0.2936246017667773,0.34347870493310184,0.22921597992974044,0.27714318915207226,0.2968794540555436,0.11310884704321748,0.19318766066838047,0.49421593830334193,-0.12926999788320287,0.5581336010885196,11143.0,0.04025490316497538
bce,1701,deberta-v3-base,empirical,neighbor_opposite,pareto_95,8,8,5,0.5,0.01,1.0,2,42,jaccard,0.1,0.0,0.0,0.299728884516116,0.3483073241262402,0.22686133113842208,0.2780704549263746,0.3063656633362079,0.11911154403774764,0.17754306550987048,0.49541053690431286,-0.07313876738885387,0.5998148350253295,11446.0,0.04042009209820041,0.2936246017667773,0.34347870493310184,0.22921597992974044,0.27714318915207226,0.2968794540555436,0.11310884704321748,0.19318766066838047,0.49421593830334193,-0.12926999788320287,0.5581336010885196,11143.0,0.04025490316497538
bce,1701,deberta-v3-base,empirical,full,standard,8,8,5,0.5,0.01,1.0,2,42,jaccard,0.0,0.0,0.0,0.30014412472633173,0.34835432953244033,0.22884096541504556,0.2845076687227658,0.14230133004306172,0.05375219988258713,0.17832957110609482,0.49473288186606473,-0.07169572991897216,0.6013667230531874,11472.0,0.04051190778879566,0.29376666084554354,0.3434054716210698,0.23144312852735652,0.27945112350723494,0.13842230956077592,0.050716616326182185,0.1938631403261009,0.4932597252535627,-0.1302412884034384,0.5568815771762252,11153.0,0.04029102889697302
bce,1701,deberta-v3-base,empirical,full,f1,8,8,5,0.5,0.01,1.0,2,42,jaccard,0.0,0.0,0.0,0.30014412472633173,0.34835432953244033,0.22884096541504556,0.2845076687227658,0.14230133004306172,0.05375219988258713,0.17832957110609482,0.49473288186606473,-0.07169572991897216,0.6013667230531874,11472.0,0.04051190778879566,0.29376666084554354,0.3434054716210698,0.23144312852735652,0.27945112350723494,0.13842230956077592,0.050716616326182185,0.1938631403261009,0.4932597252535627,-0.1302412884034384,0.5568815771762252,11153.0,0.04029102889697302
bce,1701,deberta-v3-base,empirical,full,pareto_99,8,8,5,0.5,0.01,1.0,2,42,jaccard,0.1,0.0,0.02,0.2989688089950661,0.3475340817963112,0.22692221215997213,0.278123255010669,0.30351912340919407,0.11798228965459288,0.1778003556007112,0.49580899161798325,-0.07420554479837686,0.5994038024203177,11341.0,0.04004929796310422,0.29362556974662524,0.3436105268557944,0.2292052017479848,0.27715412961719643,0.29412370829450896,0.11202871242631895,0.19325113562621674,0.49500324464633355,-0.13131036682810737,0.5569440134444429,11054.0,0.039933384150196344
bce,1701,deberta-v3-base,empirical,full,pareto_98,8,8,5,0.5,0.01,1.0,2,42,jaccard,0.1,0.0,0.02,0.2989688089950661,0.3475340817963112,0.22692221215997213,0.278123255010669,0.30351912340919407,0.11798228965459288,0.1778003556007112,0.49580899161798325,-0.07420554479837686,0.5994038024203177,11341.0,0.04004929796310422,0.29362556974662524,0.3436105268557944,0.2292052017479848,0.27715412961719643,0.29412370829450896,0.11202871242631895,0.19325113562621674,0.49500324464633355,-0.13131036682810737,0.5569440134444429,11054.0,0.039933384150196344
bce,1701,deberta-v3-base,empirical,full,pareto_95,8,8,5,0.5,0.01,1.0,2,42,jaccard,0.1,0.0,0.02,0.2989688089950661,0.3475340817963112,0.22692221215997213,0.278123255010669,0.30351912340919407,0.11798228965459288,0.1778003556007112,0.49580899161798325,-0.07420554479837686,0.5994038024203177,11341.0,0.04004929796310422,0.29362556974662524,0.3436105268557944,0.2292052017479848,0.27715412961719643,0.29412370829450896,0.11202871242631895,0.19325113562621674,0.49500324464633355,-0.13131036682810737,0.5569440134444429,11054.0,0.039933384150196344
bce,1984,deberta-v3-base,schwartz,cardinality_only,standard,8,8,5,0.5,0.01,1.0,2,42,jaccard,0.0,0.0,0.0,0.29213436442689583,0.3388998962166242,0.2230235796825044,0.2769007511400431,0.1492926955602996,0.053192655704906534,0.18977209560867148,0.5010561423012785,-0.09931090733161964,0.5915173305783303,12587.0,0.04444938836624573,0.28714713938201364,0.3364108482400462,0.22998026951908604,0.281487469553414,0.1476620194752777,0.05201028334838761,0.19245964555818942,0.5089739248222147,-0.14628023645391378,0.5551533339264904,12357.0,0.04464056702948944
bce,1984,deberta-v3-base,schwartz,cardinality_only,f1,8,8,5,0.5,0.01,1.0,2,42,jaccard,0.0,0.0,0.0,0.29213436442689583,0.3388998962166242,0.2230235796825044,0.2769007511400431,0.1492926955602996,0.053192655704906534,0.18977209560867148,0.5010561423012785,-0.09931090733161964,0.5915173305783303,12587.0,0.04444938836624573,0.28714713938201364,0.3364108482400462,0.22998026951908604,0.281487469553414,0.1476620194752777,0.05201028334838761,0.19245964555818942,0.5089739248222147,-0.14628023645391378,0.5551533339264904,12357.0,0.04464056702948944
bce,1984,deberta-v3-base,schwartz,cardinality_only,pareto_99,8,8,5,0.5,0.01,1.0,2,42,jaccard,0.0,0.0,0.0,0.29213436442689583,0.3388998962166242,0.2230235796825044,0.2769007511400431,0.1492926955602996,0.053192655704906534,0.18977209560867148,0.5010561423012785,-0.09931090733161964,0.5915173305783303,12587.0,0.04444938836624573,0.28714713938201364,0.3364108482400462,0.22998026951908604,0.281487469553414,0.1476620194752777,0.05201028334838761,0.19245964555818942,0.5089739248222147,-0.14628023645391378,0.5551533339264904,12357.0,0.04464056702948944
bce,1984,deberta-v3-base,schwartz,cardinality_only,pareto_98,8,8,5,0.5,0.01,1.0,2,42,jaccard,0.0,0.0,0.0,0.29213436442689583,0.3388998962166242,0.2230235796825044,0.2769007511400431,0.1492926955602996,0.053192655704906534,0.18977209560867148,0.5010561423012785,-0.09931090733161964,0.5915173305783303,12587.0,0.04444938836624573,0.28714713938201364,0.3364108482400462,0.22998026951908604,0.281487469553414,0.1476620194752777,0.05201028334838761,0.19245964555818942,0.5089739248222147,-0.14628023645391378,0.5551533339264904,12357.0,0.04464056702948944
bce,1984,deberta-v3-base,schwartz,cardinality_only,pareto_95,8,8,5,0.5,0.01,1.0,2,42,jaccard,0.0,0.0,0.0,0.29213436442689583,0.3388998962166242,0.2230235796825044,0.2769007511400431,0.1492926955602996,0.053192655704906534,0.18977209560867148,0.5010561423012785,-0.09931090733161964,0.5915173305783303,12587.0,0.04444938836624573,0.28714713938201364,0.3364108482400462,0.22998026951908604,0.281487469553414,0.1476620194752777,0.05201028334838761,0.19245964555818942,0.5089739248222147,-0.14628023645391378,0.5551533339264904,12357.0,0.04464056702948944
bce,1984,deberta-v3-base,schwartz,neighbor_only,standard,8,8,5,0.5,0.01,1.0,2,42,jaccard,0.0,0.0,0.0,0.29213436442689583,0.3388998962166242,0.2230235796825044,0.2769007511400431,0.1492926955602996,0.053192655704906534,0.18977209560867148,0.5010561423012785,-0.09931090733161964,0.5915173305783303,12587.0,0.04444938836624573,0.28714713938201364,0.3364108482400462,0.22998026951908604,0.281487469553414,0.1476620194752777,0.05201028334838761,0.19245964555818942,0.5089739248222147,-0.14628023645391378,0.5551533339264904,12357.0,0.04464056702948944
bce,1984,deberta-v3-base,schwartz,neighbor_only,f1,8,8,5,0.5,0.01,1.0,2,42,jaccard,0.0,0.0,0.0,0.29213436442689583,0.3388998962166242,0.2230235796825044,0.2769007511400431,0.1492926955602996,0.053192655704906534,0.18977209560867148,0.5010561423012785,-0.09931090733161964,0.5915173305783303,12587.0,0.04444938836624573,0.28714713938201364,0.3364108482400462,0.22998026951908604,0.281487469553414,0.1476620194752777,0.05201028334838761,0.19245964555818942,0.5089739248222147,-0.14628023645391378,0.5551533339264904,12357.0,0.04464056702948944
bce,1984,deberta-v3-base,schwartz,neighbor_only,pareto_99,8,8,5,0.5,0.01,1.0,2,42,jaccard,0.1,0.0,0.0,0.29167240433596836,0.3379332927913178,0.21944271748790892,0.2720627490588252,0.3403651488223925,0.13036245189344503,0.19117325759230938,0.5007646930303692,-0.1036810305903781,0.5882569200323005,12766.0,0.04508150408226686,0.2880530431165714,0.33536411232746305,0.22579545213520583,0.27821075015859564,0.33193725440878796,0.12284695184634845,0.1940760389036251,0.5083996463306808,-0.15070129053233056,0.5517743947019753,12571.0,0.04541365769423903
bce,1984,deberta-v3-base,schwartz,neighbor_only,pareto_98,8,8,5,0.5,0.01,1.0,2,42,jaccard,0.1,0.0,0.0,0.29167240433596836,0.3379332927913178,0.21944271748790892,0.2720627490588252,0.3403651488223925,0.13036245189344503,0.19117325759230938,0.5007646930303692,-0.1036810305903781,0.5882569200323005,12766.0,0.04508150408226686,0.2880530431165714,0.33536411232746305,0.22579545213520583,0.27821075015859564,0.33193725440878796,0.12284695184634845,0.1940760389036251,0.5083996463306808,-0.15070129053233056,0.5517743947019753,12571.0,0.04541365769423903
bce,1984,deberta-v3-base,schwartz,neighbor_only,pareto_95,8,8,5,0.5,0.01,1.0,2,42,jaccard,0.1,0.0,0.0,0.29167240433596836,0.3379332927913178,0.21944271748790892,0.2720627490588252,0.3403651488223925,0.13036245189344503,0.19117325759230938,0.5007646930303692,-0.1036810305903781,0.5882569200323005,12766.0,0.04508150408226686,0.2880530431165714,0.33536411232746305,0.22579545213520583,0.27821075015859564,0.33193725440878796,0.12284695184634845,0.1940760389036251,0.5083996463306808,-0.15070129053233056,0.5517743947019753,12571.0,0.04541365769423903
bce,1984,deberta-v3-base,schwartz,opposite_only,standard,8,8,5,0.5,0.01,1.0,2,42,jaccard,0.0,0.0,0.0,0.29213436442689583,0.3388998962166242,0.2230235796825044,0.2769007511400431,0.1492926955602996,0.053192655704906534,0.18977209560867148,0.5010561423012785,-0.09931090733161964,0.5915173305783303,12587.0,0.04444938836624573,0.28714713938201364,0.3364108482400462,0.22998026951908604,0.281487469553414,0.1476620194752777,0.05201028334838761,0.19245964555818942,0.5089739248222147,-0.14628023645391378,0.5551533339264904,12357.0,0.04464056702948944
bce,1984,deberta-v3-base,schwartz,opposite_only,f1,8,8,5,0.5,0.01,1.0,2,42,jaccard,0.0,0.2,0.0,0.2922504901656783,0.33930704898446834,0.21961299211676008,0.2721551792402307,0.3229174206473721,0.12079687117155069,0.18963943404837974,0.5021679598356915,-0.10921006176419193,0.5825973321198793,12314.0,0.04348532361499562,0.28539395365343595,0.33730950873947124,0.2259627273590316,0.27834908402872727,0.3146956996293351,0.11366373899904476,0.19256600277906438,0.5118110236220472,-0.15856342679908522,0.5458135996020264,12100.0,0.04371213571714997
bce,1984,deberta-v3-base,schwartz,opposite_only,pareto_99,8,8,5,0.5,0.01,1.0,2,42,jaccard,0.0,0.2,0.0,0.2922504901656783,0.33930704898446834,0.21961299211676008,0.2721551792402307,0.3229174206473721,0.12079687117155069,0.18963943404837974,0.5021679598356915,-0.10921006176419193,0.5825973321198793,12314.0,0.04348532361499562,0.28539395365343595,0.33730950873947124,0.2259627273590316,0.27834908402872727,0.3146956996293351,0.11366373899904476,0.19256600277906438,0.5118110236220472,-0.15856342679908522,0.5458135996020264,12100.0,0.04371213571714997
bce,1984,deberta-v3-base,schwartz,opposite_only,pareto_98,8,8,5,0.5,0.01,1.0,2,42,jaccard,0.0,0.2,0.0,0.2922504901656783,0.33930704898446834,0.21961299211676008,0.2721551792402307,0.3229174206473721,0.12079687117155069,0.18963943404837974,0.5021679598356915,-0.10921006176419193,0.5825973321198793,12314.0,0.04348532361499562,0.28539395365343595,0.33730950873947124,0.2259627273590316,0.27834908402872727,0.3146956996293351,0.11366373899904476,0.19256600277906438,0.5118110236220472,-0.15856342679908522,0.5458135996020264,12100.0,0.04371213571714997
bce,1984,deberta-v3-base,schwartz,opposite_only,pareto_95,8,8,5,0.5,0.01,1.0,2,42,jaccard,0.0,0.2,0.0,0.2922504901656783,0.33930704898446834,0.21961299211676008,0.2721551792402307,0.3229174206473721,0.12079687117155069,0.18963943404837974,0.5021679598356915,-0.10921006176419193,0.5825973321198793,12314.0,0.04348532361499562,0.28539395365343595,0.33730950873947124,0.2259627273590316,0.27834908402872727,0.3146956996293351,0.11366373899904476,0.19256600277906438,0.5118110236220472,-0.15856342679908522,0.5458135996020264,12100.0,0.04371213571714997
bce,1984,deberta-v3-base,schwartz,neighbor_opposite,standard,8,8,5,0.5,0.01,1.0,2,42,jaccard,0.0,0.0,0.0,0.29213436442689583,0.3388998962166242,0.2230235796825044,0.2769007511400431,0.1492926955602996,0.053192655704906534,0.18977209560867148,0.5010561423012785,-0.09931090733161964,0.5915173305783303,12587.0,0.04444938836624573,0.28714713938201364,0.3364108482400462,0.22998026951908604,0.281487469553414,0.1476620194752777,0.05201028334838761,0.19245964555818942,0.5089739248222147,-0.14628023645391378,0.5551533339264904,12357.0,0.04464056702948944
bce,1984,deberta-v3-base,schwartz,neighbor_opposite,f1,8,8,5,0.5,0.01,1.0,2,42,jaccard,0.0,0.2,0.0,0.2922504901656783,0.33930704898446834,0.21961299211676008,0.2721551792402307,0.3229174206473721,0.12079687117155069,0.18963943404837974,0.5021679598356915,-0.10921006176419193,0.5825973321198793,12314.0,0.04348532361499562,0.28539395365343595,0.33730950873947124,0.2259627273590316,0.27834908402872727,0.3146956996293351,0.11366373899904476,0.19256600277906438,0.5118110236220472,-0.15856342679908522,0.5458135996020264,12100.0,0.04371213571714997
bce,1984,deberta-v3-base,schwartz,neighbor_opposite,pareto_99,8,8,5,0.5,0.01,1.0,2,42,jaccard,0.1,0.2,0.0,0.29186121360630074,0.3382304312910388,0.21950119297750928,0.2718102831935397,0.32783207195782677,0.12252290994421718,0.19269325016707506,0.49910893294720426,-0.11502256611935802,0.5767796169949213,12558.0,0.04434697855750487,0.2886977601672841,0.33604075551497087,0.22613857318606764,0.2780446381710954,0.31944876945091066,0.11517103736939145,0.1953336339044184,0.5090171325518486,-0.16206917422184808,0.5422815922344189,12368.0,0.044680305334686844
bce,1984,deberta-v3-base,schwartz,neighbor_opposite,pareto_98,8,8,5,0.5,0.01,1.0,2,42,jaccard,0.1,0.2,0.0,0.29186121360630074,0.3382304312910388,0.21950119297750928,0.2718102831935397,0.32783207195782677,0.12252290994421718,0.19269325016707506,0.49910893294720426,-0.11502256611935802,0.5767796169949213,12558.0,0.04434697855750487,0.2886977601672841,0.33604075551497087,0.22613857318606764,0.2780446381710954,0.31944876945091066,0.11517103736939145,0.1953336339044184,0.5090171325518486,-0.16206917422184808,0.5422815922344189,12368.0,0.044680305334686844
bce,1984,deberta-v3-base,schwartz,neighbor_opposite,pareto_95,8,8,5,0.5,0.01,1.0,2,42,jaccard,0.1,0.2,0.0,0.29186121360630074,0.3382304312910388,0.21950119297750928,0.2718102831935397,0.32783207195782677,0.12252290994421718,0.19269325016707506,0.49910893294720426,-0.11502256611935802,0.5767796169949213,12558.0,0.04434697855750487,0.2886977601672841,0.33604075551497087,0.22613857318606764,0.2780446381710954,0.31944876945091066,0.11517103736939145,0.1953336339044184,0.5090171325518486,-0.16206917422184808,0.5422815922344189,12368.0,0.044680305334686844
bce,1984,deberta-v3-base,schwartz,full,standard,8,8,5,0.5,0.01,1.0,2,42,jaccard,0.0,0.0,0.0,0.29213436442689583,0.3388998962166242,0.2230235796825044,0.2769007511400431,0.1492926955602996,0.053192655704906534,0.18977209560867148,0.5010561423012785,-0.09931090733161964,0.5915173305783303,12587.0,0.04444938836624573,0.28714713938201364,0.3364108482400462,0.22998026951908604,0.281487469553414,0.1476620194752777,0.05201028334838761,0.19245964555818942,0.5089739248222147,-0.14628023645391378,0.5551533339264904,12357.0,0.04464056702948944
bce,1984,deberta-v3-base,schwartz,full,f1,8,8,5,0.5,0.01,1.0,2,42,jaccard,0.0,0.2,0.0,0.2922504901656783,0.33930704898446834,0.21961299211676008,0.2721551792402307,0.3229174206473721,0.12079687117155069,0.18963943404837974,0.5021679598356915,-0.10921006176419193,0.5825973321198793,12314.0,0.04348532361499562,0.28539395365343595,0.33730950873947124,0.2259627273590316,0.27834908402872727,0.3146956996293351,0.11366373899904476,0.19256600277906438,0.5118110236220472,-0.15856342679908522,0.5458135996020264,12100.0,0.04371213571714997
bce,1984,deberta-v3-base,schwartz,full,pareto_99,8,8,5,0.5,0.01,1.0,2,42,jaccard,0.1,0.2,0.0,0.29186121360630074,0.3382304312910388,0.21950119297750928,0.2718102831935397,0.32783207195782677,0.12252290994421718,0.19269325016707506,0.49910893294720426,-0.11502256611935802,0.5767796169949213,12558.0,0.04434697855750487,0.2886977601672841,0.33604075551497087,0.22613857318606764,0.2780446381710954,0.31944876945091066,0.11517103736939145,0.1953336339044184,0.5090171325518486,-0.16206917422184808,0.5422815922344189,12368.0,0.044680305334686844
bce,1984,deberta-v3-base,schwartz,full,pareto_98,8,8,5,0.5,0.01,1.0,2,42,jaccard,0.1,0.2,0.0,0.29186121360630074,0.3382304312910388,0.21950119297750928,0.2718102831935397,0.32783207195782677,0.12252290994421718,0.19269325016707506,0.49910893294720426,-0.11502256611935802,0.5767796169949213,12558.0,0.04434697855750487,0.2886977601672841,0.33604075551497087,0.22613857318606764,0.2780446381710954,0.31944876945091066,0.11517103736939145,0.1953336339044184,0.5090171325518486,-0.16206917422184808,0.5422815922344189,12368.0,0.044680305334686844
bce,1984,deberta-v3-base,schwartz,full,pareto_95,8,8,5,0.5,0.01,1.0,2,42,jaccard,0.1,0.2,0.0,0.29186121360630074,0.3382304312910388,0.21950119297750928,0.2718102831935397,0.32783207195782677,0.12252290994421718,0.19269325016707506,0.49910893294720426,-0.11502256611935802,0.5767796169949213,12558.0,0.04434697855750487,0.2886977601672841,0.33604075551497087,0.22613857318606764,0.2780446381710954,0.31944876945091066,0.11517103736939145,0.1953336339044184,0.5090171325518486,-0.16206917422184808,0.5422815922344189,12368.0,0.044680305334686844
bce,1984,deberta-v3-base,random,cardinality_only,standard,8,8,5,0.5,0.01,1.0,2,42,jaccard,0.0,0.0,0.0,0.29213436442689583,0.3388998962166242,0.2230235796825044,0.2769007511400431,0.1492926955602996,0.053192655704906534,0.18977209560867148,0.5010561423012785,-0.09931090733161964,0.5915173305783303,12587.0,0.04444938836624573,0.28714713938201364,0.3364108482400462,0.22998026951908604,0.281487469553414,0.1476620194752777,0.05201028334838761,0.19245964555818942,0.5089739248222147,-0.14628023645391378,0.5551533339264904,12357.0,0.04464056702948944
bce,1984,deberta-v3-base,random,cardinality_only,f1,8,8,5,0.5,0.01,1.0,2,42,jaccard,0.0,0.0,0.0,0.29213436442689583,0.3388998962166242,0.2230235796825044,0.2769007511400431,0.1492926955602996,0.053192655704906534,0.18977209560867148,0.5010561423012785,-0.09931090733161964,0.5915173305783303,12587.0,0.04444938836624573,0.28714713938201364,0.3364108482400462,0.22998026951908604,0.281487469553414,0.1476620194752777,0.05201028334838761,0.19245964555818942,0.5089739248222147,-0.14628023645391378,0.5551533339264904,12357.0,0.04464056702948944
bce,1984,deberta-v3-base,random,cardinality_only,pareto_99,8,8,5,0.5,0.01,1.0,2,42,jaccard,0.0,0.0,0.0,0.29213436442689583,0.3388998962166242,0.2230235796825044,0.2769007511400431,0.1492926955602996,0.053192655704906534,0.18977209560867148,0.5010561423012785,-0.09931090733161964,0.5915173305783303,12587.0,0.04444938836624573,0.28714713938201364,0.3364108482400462,0.22998026951908604,0.281487469553414,0.1476620194752777,0.05201028334838761,0.19245964555818942,0.5089739248222147,-0.14628023645391378,0.5551533339264904,12357.0,0.04464056702948944
bce,1984,deberta-v3-base,random,cardinality_only,pareto_98,8,8,5,0.5,0.01,1.0,2,42,jaccard,0.0,0.0,0.0,0.29213436442689583,0.3388998962166242,0.2230235796825044,0.2769007511400431,0.1492926955602996,0.053192655704906534,0.18977209560867148,0.5010561423012785,-0.09931090733161964,0.5915173305783303,12587.0,0.04444938836624573,0.28714713938201364,0.3364108482400462,0.22998026951908604,0.281487469553414,0.1476620194752777,0.05201028334838761,0.19245964555818942,0.5089739248222147,-0.14628023645391378,0.5551533339264904,12357.0,0.04464056702948944
bce,1984,deberta-v3-base,random,cardinality_only,pareto_95,8,8,5,0.5,0.01,1.0,2,42,jaccard,0.0,0.0,0.0,0.29213436442689583,0.3388998962166242,0.2230235796825044,0.2769007511400431,0.1492926955602996,0.053192655704906534,0.18977209560867148,0.5010561423012785,-0.09931090733161964,0.5915173305783303,12587.0,0.04444938836624573,0.28714713938201364,0.3364108482400462,0.22998026951908604,0.281487469553414,0.1476620194752777,0.05201028334838761,0.19245964555818942,0.5089739248222147,-0.14628023645391378,0.5551533339264904,12357.0,0.04464056702948944
bce,1984,deberta-v3-base,random,neighbor_only,standard,8,8,5,0.5,0.01,1.0,2,42,jaccard,0.0,0.0,0.0,0.29213436442689583,0.3388998962166242,0.2230235796825044,0.2769007511400431,0.1492926955602996,0.053192655704906534,0.18977209560867148,0.5010561423012785,-0.09931090733161964,0.5915173305783303,12587.0,0.04444938836624573,0.28714713938201364,0.3364108482400462,0.22998026951908604,0.281487469553414,0.1476620194752777,0.05201028334838761,0.19245964555818942,0.5089739248222147,-0.14628023645391378,0.5551533339264904,12357.0,0.04464056702948944
bce,1984,deberta-v3-base,random,neighbor_only,f1,8,8,5,0.5,0.01,1.0,2,42,jaccard,0.1,0.0,0.0,0.29219243470775663,0.33884881912035075,0.21938893335961976,0.2723488884784662,0.33738912509937724,0.12928077501770247,0.18849911190053287,0.502886323268206,-0.09717344567042774,0.5942119894983112,12602.0,0.044502358956973756,0.28700590568150997,0.33594312887266436,0.22559169485374705,0.2785046800577348,0.32904031237280784,0.1219453995709636,0.19171451086344704,0.5099628503883823,-0.1456348705189358,0.5560424907328936,12380.0,0.044723656213084016
bce,1984,deberta-v3-base,random,neighbor_only,pareto_99,8,8,5,0.5,0.01,1.0,2,42,jaccard,0.0,0.0,0.0,0.29213436442689583,0.3388998962166242,0.2230235796825044,0.2769007511400431,0.1492926955602996,0.053192655704906534,0.18977209560867148,0.5010561423012785,-0.09931090733161964,0.5915173305783303,12587.0,0.04444938836624573,0.28714713938201364,0.3364108482400462,0.22998026951908604,0.281487469553414,0.1476620194752777,0.05201028334838761,0.19245964555818942,0.5089739248222147,-0.14628023645391378,0.5551533339264904,12357.0,0.04464056702948944
bce,1984,deberta-v3-base,random,neighbor_only,pareto_98,8,8,5,0.5,0.01,1.0,2,42,jaccard,0.0,0.0,0.0,0.29213436442689583,0.3388998962166242,0.2230235796825044,0.2769007511400431,0.1492926955602996,0.053192655704906534,0.18977209560867148,0.5010561423012785,-0.09931090733161964,0.5915173305783303,12587.0,0.04444938836624573,0.28714713938201364,0.3364108482400462,0.22998026951908604,0.281487469553414,0.1476620194752777,0.05201028334838761,0.19245964555818942,0.5089739248222147,-0.14628023645391378,0.5551533339264904,12357.0,0.04464056702948944
bce,1984,deberta-v3-base,random,neighbor_only,pareto_95,8,8,5,0.5,0.01,1.0,2,42,jaccard,0.0,0.0,0.0,0.29213436442689583,0.3388998962166242,0.2230235796825044,0.2769007511400431,0.1492926955602996,0.053192655704906534,0.18977209560867148,0.5010561423012785,-0.09931090733161964,0.5915173305783303,12587.0,0.04444938836624573,0.28714713938201364,0.3364108482400462,0.22998026951908604,0.281487469553414,0.1476620194752777,0.05201028334838761,0.19245964555818942,0.5089739248222147,-0.14628023645391378,0.5551533339264904,12357.0,0.04464056702948944
bce,1984,deberta-v3-base,random,opposite_only,standard,8,8,5,0.5,0.01,1.0,2,42,jaccard,0.0,0.0,0.0,0.29213436442689583,0.3388998962166242,0.2230235796825044,0.2769007511400431,0.1492926955602996,0.053192655704906534,0.18977209560867148,0.5010561423012785,-0.09931090733161964,0.5915173305783303,12587.0,0.04444938836624573,0.28714713938201364,0.3364108482400462,0.22998026951908604,0.281487469553414,0.1476620194752777,0.05201028334838761,0.19245964555818942,0.5089739248222147,-0.14628023645391378,0.5551533339264904,12357.0,0.04464056702948944
bce,1984,deberta-v3-base,random,opposite_only,f1,8,8,5,0.5,0.01,1.0,2,42,jaccard,0.0,0.0,0.0,0.29213436442689583,0.3388998962166242,0.2230235796825044,0.2769007511400431,0.1492926955602996,0.053192655704906534,0.18977209560867148,0.5010561423012785,-0.09931090733161964,0.5915173305783303,12587.0,0.04444938836624573,0.28714713938201364,0.3364108482400462,0.22998026951908604,0.281487469553414,0.1476620194752777,0.05201028334838761,0.19245964555818942,0.5089739248222147,-0.14628023645391378,0.5551533339264904,12357.0,0.04464056702948944
bce,1984,deberta-v3-base,random,opposite_only,pareto_99,8,8,5,0.5,0.01,1.0,2,42,jaccard,0.0,0.0,0.0,0.29213436442689583,0.3388998962166242,0.2230235796825044,0.2769007511400431,0.1492926955602996,0.053192655704906534,0.18977209560867148,0.5010561423012785,-0.09931090733161964,0.5915173305783303,12587.0,0.04444938836624573,0.28714713938201364,0.3364108482400462,0.22998026951908604,0.281487469553414,0.1476620194752777,0.05201028334838761,0.19245964555818942,0.5089739248222147,-0.14628023645391378,0.5551533339264904,12357.0,0.04464056702948944
bce,1984,deberta-v3-base,random,opposite_only,pareto_98,8,8,5,0.5,0.01,1.0,2,42,jaccard,0.0,0.0,0.0,0.29213436442689583,0.3388998962166242,0.2230235796825044,0.2769007511400431,0.1492926955602996,0.053192655704906534,0.18977209560867148,0.5010561423012785,-0.09931090733161964,0.5915173305783303,12587.0,0.04444938836624573,0.28714713938201364,0.3364108482400462,0.22998026951908604,0.281487469553414,0.1476620194752777,0.05201028334838761,0.19245964555818942,0.5089739248222147,-0.14628023645391378,0.5551533339264904,12357.0,0.04464056702948944
bce,1984,deberta-v3-base,random,opposite_only,pareto_95,8,8,5,0.5,0.01,1.0,2,42,jaccard,0.0,0.0,0.0,0.29213436442689583,0.3388998962166242,0.2230235796825044,0.2769007511400431,0.1492926955602996,0.053192655704906534,0.18977209560867148,0.5010561423012785,-0.09931090733161964,0.5915173305783303,12587.0,0.04444938836624573,0.28714713938201364,0.3364108482400462,0.22998026951908604,0.281487469553414,0.1476620194752777,0.05201028334838761,0.19245964555818942,0.5089739248222147,-0.14628023645391378,0.5551533339264904,12357.0,0.04464056702948944
bce,1984,deberta-v3-base,random,neighbor_opposite,standard,8,8,5,0.5,0.01,1.0,2,42,jaccard,0.0,0.0,0.0,0.29213436442689583,0.3388998962166242,0.2230235796825044,0.2769007511400431,0.1492926955602996,0.053192655704906534,0.18977209560867148,0.5010561423012785,-0.09931090733161964,0.5915173305783303,12587.0,0.04444938836624573,0.28714713938201364,0.3364108482400462,0.22998026951908604,0.281487469553414,0.1476620194752777,0.05201028334838761,0.19245964555818942,0.5089739248222147,-0.14628023645391378,0.5551533339264904,12357.0,0.04464056702948944
bce,1984,deberta-v3-base,random,neighbor_opposite,f1,8,8,5,0.5,0.01,1.0,2,42,jaccard,0.1,0.0,0.0,0.29219243470775663,0.33884881912035075,0.21938893335961976,0.2723488884784662,0.33738912509937724,0.12928077501770247,0.18849911190053287,0.502886323268206,-0.09717344567042774,0.5942119894983112,12602.0,0.044502358956973756,0.28700590568150997,0.33594312887266436,0.22559169485374705,0.2785046800577348,0.32904031237280784,0.1219453995709636,0.19171451086344704,0.5099628503883823,-0.1456348705189358,0.5560424907328936,12380.0,0.044723656213084016
bce,1984,deberta-v3-base,random,neighbor_opposite,pareto_99,8,8,5,0.5,0.01,1.0,2,42,jaccard,0.0,0.0,0.0,0.29213436442689583,0.3388998962166242,0.2230235796825044,0.2769007511400431,0.1492926955602996,0.053192655704906534,0.18977209560867148,0.5010561423012785,-0.09931090733161964,0.5915173305783303,12587.0,0.04444938836624573,0.28714713938201364,0.3364108482400462,0.22998026951908604,0.281487469553414,0.1476620194752777,0.05201028334838761,0.19245964555818942,0.5089739248222147,-0.14628023645391378,0.5551533339264904,12357.0,0.04464056702948944
bce,1984,deberta-v3-base,random,neighbor_opposite,pareto_98,8,8,5,0.5,0.01,1.0,2,42,jaccard,0.0,0.0,0.0,0.29213436442689583,0.3388998962166242,0.2230235796825044,0.2769007511400431,0.1492926955602996,0.053192655704906534,0.18977209560867148,0.5010561423012785,-0.09931090733161964,0.5915173305783303,12587.0,0.04444938836624573,0.28714713938201364,0.3364108482400462,0.22998026951908604,0.281487469553414,0.1476620194752777,0.05201028334838761,0.19245964555818942,0.5089739248222147,-0.14628023645391378,0.5551533339264904,12357.0,0.04464056702948944
bce,1984,deberta-v3-base,random,neighbor_opposite,pareto_95,8,8,5,0.5,0.01,1.0,2,42,jaccard,0.0,0.0,0.0,0.29213436442689583,0.3388998962166242,0.2230235796825044,0.2769007511400431,0.1492926955602996,0.053192655704906534,0.18977209560867148,0.5010561423012785,-0.09931090733161964,0.5915173305783303,12587.0,0.04444938836624573,0.28714713938201364,0.3364108482400462,0.22998026951908604,0.281487469553414,0.1476620194752777,0.05201028334838761,0.19245964555818942,0.5089739248222147,-0.14628023645391378,0.5551533339264904,12357.0,0.04464056702948944
bce,1984,deberta-v3-base,random,full,standard,8,8,5,0.5,0.01,1.0,2,42,jaccard,0.0,0.0,0.0,0.29213436442689583,0.3388998962166242,0.2230235796825044,0.2769007511400431,0.1492926955602996,0.053192655704906534,0.18977209560867148,0.5010561423012785,-0.09931090733161964,0.5915173305783303,12587.0,0.04444938836624573,0.28714713938201364,0.3364108482400462,0.22998026951908604,0.281487469553414,0.1476620194752777,0.05201028334838761,0.19245964555818942,0.5089739248222147,-0.14628023645391378,0.5551533339264904,12357.0,0.04464056702948944
bce,1984,deberta-v3-base,random,full,f1,8,8,5,0.5,0.01,1.0,2,42,jaccard,0.1,0.0,0.0,0.29219243470775663,0.33884881912035075,0.21938893335961976,0.2723488884784662,0.33738912509937724,0.12928077501770247,0.18849911190053287,0.502886323268206,-0.09717344567042774,0.5942119894983112,12602.0,0.044502358956973756,0.28700590568150997,0.33594312887266436,0.22559169485374705,0.2785046800577348,0.32904031237280784,0.1219453995709636,0.19171451086344704,0.5099628503883823,-0.1456348705189358,0.5560424907328936,12380.0,0.044723656213084016
bce,1984,deberta-v3-base,random,full,pareto_99,8,8,5,0.5,0.01,1.0,2,42,jaccard,0.0,0.0,0.0,0.29213436442689583,0.3388998962166242,0.2230235796825044,0.2769007511400431,0.1492926955602996,0.053192655704906534,0.18977209560867148,0.5010561423012785,-0.09931090733161964,0.5915173305783303,12587.0,0.04444938836624573,0.28714713938201364,0.3364108482400462,0.22998026951908604,0.281487469553414,0.1476620194752777,0.05201028334838761,0.19245964555818942,0.5089739248222147,-0.14628023645391378,0.5551533339264904,12357.0,0.04464056702948944
bce,1984,deberta-v3-base,random,full,pareto_98,8,8,5,0.5,0.01,1.0,2,42,jaccard,0.0,0.0,0.0,0.29213436442689583,0.3388998962166242,0.2230235796825044,0.2769007511400431,0.1492926955602996,0.053192655704906534,0.18977209560867148,0.5010561423012785,-0.09931090733161964,0.5915173305783303,12587.0,0.04444938836624573,0.28714713938201364,0.3364108482400462,0.22998026951908604,0.281487469553414,0.1476620194752777,0.05201028334838761,0.19245964555818942,0.5089739248222147,-0.14628023645391378,0.5551533339264904,12357.0,0.04464056702948944
bce,1984,deberta-v3-base,random,full,pareto_95,8,8,5,0.5,0.01,1.0,2,42,jaccard,0.0,0.0,0.0,0.29213436442689583,0.3388998962166242,0.2230235796825044,0.2769007511400431,0.1492926955602996,0.053192655704906534,0.18977209560867148,0.5010561423012785,-0.09931090733161964,0.5915173305783303,12587.0,0.04444938836624573,0.28714713938201364,0.3364108482400462,0.22998026951908604,0.281487469553414,0.1476620194752777,0.05201028334838761,0.19245964555818942,0.5089739248222147,-0.14628023645391378,0.5551533339264904,12357.0,0.04464056702948944
bce,1984,deberta-v3-base,empirical,cardinality_only,standard,8,8,5,0.5,0.01,1.0,2,42,jaccard,0.0,0.0,0.0,0.29213436442689583,0.3388998962166242,0.2230235796825044,0.2769007511400431,0.1492926955602996,0.053192655704906534,0.18977209560867148,0.5010561423012785,-0.09931090733161964,0.5915173305783303,12587.0,0.04444938836624573,0.28714713938201364,0.3364108482400462,0.22998026951908604,0.281487469553414,0.1476620194752777,0.05201028334838761,0.19245964555818942,0.5089739248222147,-0.14628023645391378,0.5551533339264904,12357.0,0.04464056702948944
bce,1984,deberta-v3-base,empirical,cardinality_only,f1,8,8,5,0.5,0.01,1.0,2,42,jaccard,0.0,0.0,0.0,0.29213436442689583,0.3388998962166242,0.2230235796825044,0.2769007511400431,0.1492926955602996,0.053192655704906534,0.18977209560867148,0.5010561423012785,-0.09931090733161964,0.5915173305783303,12587.0,0.04444938836624573,0.28714713938201364,0.3364108482400462,0.22998026951908604,0.281487469553414,0.1476620194752777,0.05201028334838761,0.19245964555818942,0.5089739248222147,-0.14628023645391378,0.5551533339264904,12357.0,0.04464056702948944
bce,1984,deberta-v3-base,empirical,cardinality_only,pareto_99,8,8,5,0.5,0.01,1.0,2,42,jaccard,0.0,0.0,0.0,0.29213436442689583,0.3388998962166242,0.2230235796825044,0.2769007511400431,0.1492926955602996,0.053192655704906534,0.18977209560867148,0.5010561423012785,-0.09931090733161964,0.5915173305783303,12587.0,0.04444938836624573,0.28714713938201364,0.3364108482400462,0.22998026951908604,0.281487469553414,0.1476620194752777,0.05201028334838761,0.19245964555818942,0.5089739248222147,-0.14628023645391378,0.5551533339264904,12357.0,0.04464056702948944
bce,1984,deberta-v3-base,empirical,cardinality_only,pareto_98,8,8,5,0.5,0.01,1.0,2,42,jaccard,0.0,0.0,0.0,0.29213436442689583,0.3388998962166242,0.2230235796825044,0.2769007511400431,0.1492926955602996,0.053192655704906534,0.18977209560867148,0.5010561423012785,-0.09931090733161964,0.5915173305783303,12587.0,0.04444938836624573,0.28714713938201364,0.3364108482400462,0.22998026951908604,0.281487469553414,0.1476620194752777,0.05201028334838761,0.19245964555818942,0.5089739248222147,-0.14628023645391378,0.5551533339264904,12357.0,0.04464056702948944
bce,1984,deberta-v3-base,empirical,cardinality_only,pareto_95,8,8,5,0.5,0.01,1.0,2,42,jaccard,0.0,0.0,0.0,0.29213436442689583,0.3388998962166242,0.2230235796825044,0.2769007511400431,0.1492926955602996,0.053192655704906534,0.18977209560867148,0.5010561423012785,-0.09931090733161964,0.5915173305783303,12587.0,0.04444938836624573,0.28714713938201364,0.3364108482400462,0.22998026951908604,0.281487469553414,0.1476620194752777,0.05201028334838761,0.19245964555818942,0.5089739248222147,-0.14628023645391378,0.5551533339264904,12357.0,0.04464056702948944
bce,1984,deberta-v3-base,empirical,neighbor_only,standard,8,8,5,0.5,0.01,1.0,2,42,jaccard,0.0,0.0,0.0,0.29213436442689583,0.3388998962166242,0.2230235796825044,0.2769007511400431,0.1492926955602996,0.053192655704906534,0.18977209560867148,0.5010561423012785,-0.09931090733161964,0.5915173305783303,12587.0,0.04444938836624573,0.28714713938201364,0.3364108482400462,0.22998026951908604,0.281487469553414,0.1476620194752777,0.05201028334838761,0.19245964555818942,0.5089739248222147,-0.14628023645391378,0.5551533339264904,12357.0,0.04464056702948944
bce,1984,deberta-v3-base,empirical,neighbor_only,f1,8,8,5,0.5,0.01,1.0,2,42,jaccard,0.1,0.0,0.0,0.2923896889921992,0.33919788119561106,0.2194277029941194,0.2723987219152483,0.33548989866466244,0.12858631803526416,0.18821951492120265,0.5037442718229574,-0.0983656445988794,0.5935981421452807,12533.0,0.04425869423962483,0.2873004245990563,0.3365773752168048,0.2255646220759994,0.2785360655090487,0.32721736039039717,0.12128699654935145,0.19140979147778786,0.5109927470534905,-0.14642275847384362,0.5559797800574349,12317.0,0.04449606410149886
bce,1984,deberta-v3-base,empirical,neighbor_only,pareto_99,8,8,5,0.5,0.01,1.0,2,42,jaccard,0.0,0.0,0.0,0.29213436442689583,0.3388998962166242,0.2230235796825044,0.2769007511400431,0.1492926955602996,0.053192655704906534,0.18977209560867148,0.5010561423012785,-0.09931090733161964,0.5915173305783303,12587.0,0.04444938836624573,0.28714713938201364,0.3364108482400462,0.22998026951908604,0.281487469553414,0.1476620194752777,0.05201028334838761,0.19245964555818942,0.5089739248222147,-0.14628023645391378,0.5551533339264904,12357.0,0.04464056702948944
bce,1984,deberta-v3-base,empirical,neighbor_only,pareto_98,8,8,5,0.5,0.01,1.0,2,42,jaccard,0.0,0.0,0.0,0.29213436442689583,0.3388998962166242,0.2230235796825044,0.2769007511400431,0.1492926955602996,0.053192655704906534,0.18977209560867148,0.5010561423012785,-0.09931090733161964,0.5915173305783303,12587.0,0.04444938836624573,0.28714713938201364,0.3364108482400462,0.22998026951908604,0.281487469553414,0.1476620194752777,0.05201028334838761,0.19245964555818942,0.5089739248222147,-0.14628023645391378,0.5551533339264904,12357.0,0.04464056702948944
bce,1984,deberta-v3-base,empirical,neighbor_only,pareto_95,8,8,5,0.5,0.01,1.0,2,42,jaccard,0.0,0.0,0.0,0.29213436442689583,0.3388998962166242,0.2230235796825044,0.2769007511400431,0.1492926955602996,0.053192655704906534,0.18977209560867148,0.5010561423012785,-0.09931090733161964,0.5915173305783303,12587.0,0.04444938836624573,0.28714713938201364,0.3364108482400462,0.22998026951908604,0.281487469553414,0.1476620194752777,0.05201028334838761,0.19245964555818942,0.5089739248222147,-0.14628023645391378,0.5551533339264904,12357.0,0.04464056702948944
bce,1984,deberta-v3-base,empirical,opposite_only,standard,8,8,5,0.5,0.01,1.0,2,42,jaccard,0.0,0.0,0.0,0.29213436442689583,0.3388998962166242,0.2230235796825044,0.2769007511400431,0.1492926955602996,0.053192655704906534,0.18977209560867148,0.5010561423012785,-0.09931090733161964,0.5915173305783303,12587.0,0.04444938836624573,0.28714713938201364,0.3364108482400462,0.22998026951908604,0.281487469553414,0.1476620194752777,0.05201028334838761,0.19245964555818942,0.5089739248222147,-0.14628023645391378,0.5551533339264904,12357.0,0.04464056702948944
bce,1984,deberta-v3-base,empirical,opposite_only,f1,8,8,5,0.5,0.01,1.0,2,42,jaccard,0.0,0.0,0.0,0.29213436442689583,0.3388998962166242,0.2230235796825044,0.2769007511400431,0.1492926955602996,0.053192655704906534,0.18977209560867148,0.5010561423012785,-0.09931090733161964,0.5915173305783303,12587.0,0.04444938836624573,0.28714713938201364,0.3364108482400462,0.22998026951908604,0.281487469553414,0.1476620194752777,0.05201028334838761,0.19245964555818942,0.5089739248222147,-0.14628023645391378,0.5551533339264904,12357.0,0.04464056702948944
bce,1984,deberta-v3-base,empirical,opposite_only,pareto_99,8,8,5,0.5,0.01,1.0,2,42,jaccard,0.0,0.0,0.0,0.29213436442689583,0.3388998962166242,0.2230235796825044,0.2769007511400431,0.1492926955602996,0.053192655704906534,0.18977209560867148,0.5010561423012785,-0.09931090733161964,0.5915173305783303,12587.0,0.04444938836624573,0.28714713938201364,0.3364108482400462,0.22998026951908604,0.281487469553414,0.1476620194752777,0.05201028334838761,0.19245964555818942,0.5089739248222147,-0.14628023645391378,0.5551533339264904,12357.0,0.04464056702948944
bce,1984,deberta-v3-base,empirical,opposite_only,pareto_98,8,8,5,0.5,0.01,1.0,2,42,jaccard,0.0,0.0,0.0,0.29213436442689583,0.3388998962166242,0.2230235796825044,0.2769007511400431,0.1492926955602996,0.053192655704906534,0.18977209560867148,0.5010561423012785,-0.09931090733161964,0.5915173305783303,12587.0,0.04444938836624573,0.28714713938201364,0.3364108482400462,0.22998026951908604,0.281487469553414,0.1476620194752777,0.05201028334838761,0.19245964555818942,0.5089739248222147,-0.14628023645391378,0.5551533339264904,12357.0,0.04464056702948944
bce,1984,deberta-v3-base,empirical,opposite_only,pareto_95,8,8,5,0.5,0.01,1.0,2,42,jaccard,0.0,0.0,0.0,0.29213436442689583,0.3388998962166242,0.2230235796825044,0.2769007511400431,0.1492926955602996,0.053192655704906534,0.18977209560867148,0.5010561423012785,-0.09931090733161964,0.5915173305783303,12587.0,0.04444938836624573,0.28714713938201364,0.3364108482400462,0.22998026951908604,0.281487469553414,0.1476620194752777,0.05201028334838761,0.19245964555818942,0.5089739248222147,-0.14628023645391378,0.5551533339264904,12357.0,0.04464056702948944
bce,1984,deberta-v3-base,empirical,neighbor_opposite,standard,8,8,5,0.5,0.01,1.0,2,42,jaccard,0.0,0.0,0.0,0.29213436442689583,0.3388998962166242,0.2230235796825044,0.2769007511400431,0.1492926955602996,0.053192655704906534,0.18977209560867148,0.5010561423012785,-0.09931090733161964,0.5915173305783303,12587.0,0.04444938836624573,0.28714713938201364,0.3364108482400462,0.22998026951908604,0.281487469553414,0.1476620194752777,0.05201028334838761,0.19245964555818942,0.5089739248222147,-0.14628023645391378,0.5551533339264904,12357.0,0.04464056702948944
bce,1984,deberta-v3-base,empirical,neighbor_opposite,f1,8,8,5,0.5,0.01,1.0,2,42,jaccard,0.1,0.0,0.0,0.2923896889921992,0.33919788119561106,0.2194277029941194,0.2723987219152483,0.33548989866466244,0.12858631803526416,0.18821951492120265,0.5037442718229574,-0.0983656445988794,0.5935981421452807,12533.0,0.04425869423962483,0.2873004245990563,0.3365773752168048,0.2255646220759994,0.2785360655090487,0.32721736039039717,0.12128699654935145,0.19140979147778786,0.5109927470534905,-0.14642275847384362,0.5559797800574349,12317.0,0.04449606410149886
bce,1984,deberta-v3-base,empirical,neighbor_opposite,pareto_99,8,8,5,0.5,0.01,1.0,2,42,jaccard,0.0,0.0,0.0,0.29213436442689583,0.3388998962166242,0.2230235796825044,0.2769007511400431,0.1492926955602996,0.053192655704906534,0.18977209560867148,0.5010561423012785,-0.09931090733161964,0.5915173305783303,12587.0,0.04444938836624573,0.28714713938201364,0.3364108482400462,0.22998026951908604,0.281487469553414,0.1476620194752777,0.05201028334838761,0.19245964555818942,0.5089739248222147,-0.14628023645391378,0.5551533339264904,12357.0,0.04464056702948944
bce,1984,deberta-v3-base,empirical,neighbor_opposite,pareto_98,8,8,5,0.5,0.01,1.0,2,42,jaccard,0.0,0.0,0.0,0.29213436442689583,0.3388998962166242,0.2230235796825044,0.2769007511400431,0.1492926955602996,0.053192655704906534,0.18977209560867148,0.5010561423012785,-0.09931090733161964,0.5915173305783303,12587.0,0.04444938836624573,0.28714713938201364,0.3364108482400462,0.22998026951908604,0.281487469553414,0.1476620194752777,0.05201028334838761,0.19245964555818942,0.5089739248222147,-0.14628023645391378,0.5551533339264904,12357.0,0.04464056702948944
bce,1984,deberta-v3-base,empirical,neighbor_opposite,pareto_95,8,8,5,0.5,0.01,1.0,2,42,jaccard,0.0,0.0,0.0,0.29213436442689583,0.3388998962166242,0.2230235796825044,0.2769007511400431,0.1492926955602996,0.053192655704906534,0.18977209560867148,0.5010561423012785,-0.09931090733161964,0.5915173305783303,12587.0,0.04444938836624573,0.28714713938201364,0.3364108482400462,0.22998026951908604,0.281487469553414,0.1476620194752777,0.05201028334838761,0.19245964555818942,0.5089739248222147,-0.14628023645391378,0.5551533339264904,12357.0,0.04464056702948944
bce,1984,deberta-v3-base,empirical,full,standard,8,8,5,0.5,0.01,1.0,2,42,jaccard,0.0,0.0,0.0,0.29213436442689583,0.3388998962166242,0.2230235796825044,0.2769007511400431,0.1492926955602996,0.053192655704906534,0.18977209560867148,0.5010561423012785,-0.09931090733161964,0.5915173305783303,12587.0,0.04444938836624573,0.28714713938201364,0.3364108482400462,0.22998026951908604,0.281487469553414,0.1476620194752777,0.05201028334838761,0.19245964555818942,0.5089739248222147,-0.14628023645391378,0.5551533339264904,12357.0,0.04464056702948944
bce,1984,deberta-v3-base,empirical,full,f1,8,8,5,0.5,0.01,1.0,2,42,jaccard,0.1,0.0,0.0,0.2923896889921992,0.33919788119561106,0.2194277029941194,0.2723987219152483,0.33548989866466244,0.12858631803526416,0.18821951492120265,0.5037442718229574,-0.0983656445988794,0.5935981421452807,12533.0,0.04425869423962483,0.2873004245990563,0.3365773752168048,0.2255646220759994,0.2785360655090487,0.32721736039039717,0.12128699654935145,0.19140979147778786,0.5109927470534905,-0.14642275847384362,0.5559797800574349,12317.0,0.04449606410149886
bce,1984,deberta-v3-base,empirical,full,pareto_99,8,8,5,0.5,0.01,1.0,2,42,jaccard,0.0,0.0,0.0,0.29213436442689583,0.3388998962166242,0.2230235796825044,0.2769007511400431,0.1492926955602996,0.053192655704906534,0.18977209560867148,0.5010561423012785,-0.09931090733161964,0.5915173305783303,12587.0,0.04444938836624573,0.28714713938201364,0.3364108482400462,0.22998026951908604,0.281487469553414,0.1476620194752777,0.05201028334838761,0.19245964555818942,0.5089739248222147,-0.14628023645391378,0.5551533339264904,12357.0,0.04464056702948944
bce,1984,deberta-v3-base,empirical,full,pareto_98,8,8,5,0.5,0.01,1.0,2,42,jaccard,0.0,0.0,0.0,0.29213436442689583,0.3388998962166242,0.2230235796825044,0.2769007511400431,0.1492926955602996,0.053192655704906534,0.18977209560867148,0.5010561423012785,-0.09931090733161964,0.5915173305783303,12587.0,0.04444938836624573,0.28714713938201364,0.3364108482400462,0.22998026951908604,0.281487469553414,0.1476620194752777,0.05201028334838761,0.19245964555818942,0.5089739248222147,-0.14628023645391378,0.5551533339264904,12357.0,0.04464056702948944
bce,1984,deberta-v3-base,empirical,full,pareto_95,8,8,5,0.5,0.01,1.0,2,42,jaccard,0.0,0.0,0.0,0.29213436442689583,0.3388998962166242,0.2230235796825044,0.2769007511400431,0.1492926955602996,0.053192655704906534,0.18977209560867148,0.5010561423012785,-0.09931090733161964,0.5915173305783303,12587.0,0.04444938836624573,0.28714713938201364,0.3364108482400462,0.22998026951908604,0.281487469553414,0.1476620194752777,0.05201028334838761,0.19245964555818942,0.5089739248222147,-0.14628023645391378,0.5551533339264904,12357.0,0.04464056702948944
